SET IDENTITY_INSERT Account ON;

insert into Account (AccountID, Username, Password, Role) values (1, 'fhumerstone0', '7@0(C(4x|5r', 'Manager');
insert into Account (AccountID, Username, Password, Role) values (2, 'lgillott1', '9tatwza7''%c', 'Staff');
insert into Account (AccountID, Username, Password, Role) values (3, 'kkezor2', '6vLS00AY', 'Customer');
insert into Account (AccountID, Username, Password, Role) values (4, 'tloudon3', '1eupfaOXHy', 'Customer');
insert into Account (AccountID, Username, Password, Role) values (5, 'imulryan4', '2j|scK16MR8@N', 'Customer');
insert into Account (AccountID, Username, Password, Role) values (6, 'mcecely5', '5_s_BC1D2l?', 'Customer');
insert into Account (AccountID, Username, Password, Role) values (7, 'tswidenbank6', '3c>ZN!w>&E(BEQ_', 'Customer');
insert into Account (AccountID, Username, Password, Role) values (8, 'jochterlony7', '5#D,Dx$qoW6uR', 'Customer');
insert into Account (AccountID, Username, Password, Role) values (9, 'btoplis8', '8,8OA~dZ"~?', 'Customer');
insert into Account (AccountID, Username, Password, Role) values (10, 'jhighton9', '8O4v"~qc)0u_', 'Customer');
insert into Account (AccountID, Username, Password, Role) values (11, 'sbossela', '8aBOD1v~I', 'Customer');
insert into Account (AccountID, Username, Password, Role) values (12, 'chuscroftb', '9aAtl+$nx\''UxNqb', 'Customer');
insert into Account (AccountID, Username, Password, Role) values (13, 'jcrippillc', '2~)1/WcL5', 'Customer');
insert into Account (AccountID, Username, Password, Role) values (14, 'vdurbynd', '6tpgO2<541Es', 'Customer');
insert into Account (AccountID, Username, Password, Role) values (15, 'tmeee', '7+LvVRqZHCq=', 'Customer');
insert into Account (AccountID, Username, Password, Role) values (16, 'flemmef', '1*qm==$''gu6V', 'Customer');
insert into Account (AccountID, Username, Password, Role) values (17, 'cplaidg', '5|Kdqsr$1pZkW', 'Staff');
insert into Account (AccountID, Username, Password, Role) values (18, 'jlowdianeh', '5Taw>8"<{#pu', 'Customer');
insert into Account (AccountID, Username, Password, Role) values (19, 'mhurtici', '8B=H/1.VgN,P', 'Customer');
insert into Account (AccountID, Username, Password, Role) values (20, 'rpetersenj', '6u`v2UG$e<', 'Customer');
insert into Account (AccountID, Username, Password, Role) values (21, 'tdillintonek', '1D72bvP7B', 'Customer');
insert into Account (AccountID, Username, Password, Role) values (22, 'hbriancel', '9D8MnaLv', 'Customer');
insert into Account (AccountID, Username, Password, Role) values (23, 'jvanninim', '72,iBizKFlA_3', 'Customer');
insert into Account (AccountID, Username, Password, Role) values (24, 'lcrocen', '7exQv_>3&e*~k@v&', 'Customer');
insert into Account (AccountID, Username, Password, Role) values (25, 'nshelbourneo', '1E%p85h8uYR_D', 'Customer');
insert into Account (AccountID, Username, Password, Role) values (26, 'tmabonep', '6>!\(q{J5W', 'Customer');
insert into Account (AccountID, Username, Password, Role) values (27, 'lgrevelq', '0|bSlqYa', 'Customer');
insert into Account (AccountID, Username, Password, Role) values (28, 'oheffernonr', '99UBrJBWm=1S', 'Customer');
insert into Account (AccountID, Username, Password, Role) values (29, 'sboxalls', '9o~u#V{U_?4E%zgg', 'Customer');
insert into Account (AccountID, Username, Password, Role) values (30, 'kbreadmoret', '9xI''=jrH@.KT>j', 'Customer');
insert into Account (AccountID, Username, Password, Role) values (31, 'estebbingsu', '8E(t''`<lzxZ..r', 'Customer');
insert into Account (AccountID, Username, Password, Role) values (32, 'aetteryv', '7zn.@gqf>wvq5', 'Customer');
insert into Account (AccountID, Username, Password, Role) values (33, 'jtabertw', '5be&/X''O3', 'Customer');
insert into Account (AccountID, Username, Password, Role) values (34, 'lbourthouloumex', '0sPB`${i(ktXNj', 'Customer');
insert into Account (AccountID, Username, Password, Role) values (35, 'dvanyashiny', '6d`~`zWML', 'Customer');
insert into Account (AccountID, Username, Password, Role) values (36, 'zhowkinsz', '0RU8''9)2r', 'Customer');
insert into Account (AccountID, Username, Password, Role) values (37, 'rgreenham10', '91uA_(~3vK', 'Customer');
insert into Account (AccountID, Username, Password, Role) values (38, 'mjeenes11', '3cGPpX"tG,1''e', 'Customer');
insert into Account (AccountID, Username, Password, Role) values (39, 'bfriel12', '2MI.z>_xr', 'Customer');
insert into Account (AccountID, Username, Password, Role) values (40, 'dsowerbutts13', '3Ge<`6H{', 'Customer');
insert into Account (AccountID, Username, Password, Role) values (41, 'nginity14', '0Y*6ofdJ2)S', 'Customer');
insert into Account (AccountID, Username, Password, Role) values (42, 'dmarples15', '4q&//,EA\hLSD0', 'Customer');
insert into Account (AccountID, Username, Password, Role) values (43, 'cbarnet16', '0LoCu/gn', 'Customer');
insert into Account (AccountID, Username, Password, Role) values (44, 'rlenahan17', '5Ny%9%ABz9X.', 'Customer');
insert into Account (AccountID, Username, Password, Role) values (45, 'ceveling18', '0pMnF+/h\D|Q', 'Customer');
insert into Account (AccountID, Username, Password, Role) values (46, 'lschulkins19', '1V((3h@4&6lYu<MJ', 'Staff');
insert into Account (AccountID, Username, Password, Role) values (47, 'ktrain1a', '4\&=b$q,/vwHz`=5', 'Customer');
insert into Account (AccountID, Username, Password, Role) values (48, 'wshacklady1b', '1/k''Mn}2$', 'Customer');
insert into Account (AccountID, Username, Password, Role) values (49, 'dbedborough1c', '2_1GgxngckUth', 'Customer');
insert into Account (AccountID, Username, Password, Role) values (50, 'cmundwell1d', '9d&z26g8Mbt<N#0q', 'Customer');
insert into Account (AccountID, Username, Password, Role) values (51, 'wwhoston1e', '0%Y)U9T~0', 'Customer');
insert into Account (AccountID, Username, Password, Role) values (52, 'jhatliffe1f', '0BDPm>D<Ah*', 'Customer');
insert into Account (AccountID, Username, Password, Role) values (53, 'hblinde1g', '9%("g`sl*N_YKxf', 'Customer');
insert into Account (AccountID, Username, Password, Role) values (54, 'cohannigan1h', '26t&@,''hi6".xv\w', 'Customer');
insert into Account (AccountID, Username, Password, Role) values (55, 'adimnage1i', '3HG`1!R#', 'Customer');
insert into Account (AccountID, Username, Password, Role) values (56, 'nlimer1j', '8_RHh%Y*yR,eT\mt', 'Staff');
insert into Account (AccountID, Username, Password, Role) values (57, 'doager1k', '1`Cn7Z=9tA>Od"or', 'Staff');
insert into Account (AccountID, Username, Password, Role) values (58, 'lfenton1l', '2W|_4+x"8', 'Customer');
insert into Account (AccountID, Username, Password, Role) values (59, 'aclulow1m', '8/?/aHgLvpaUBCj4', 'Customer');
insert into Account (AccountID, Username, Password, Role) values (60, 'ssenior1n', '1cRMD@wz', 'Customer');
insert into Account (AccountID, Username, Password, Role) values (61, 'bmaccarroll1o', '7F(Eo`3aR|', 'Staff');
insert into Account (AccountID, Username, Password, Role) values (62, 'jbauckham1p', '6a9IE@c''pNhK@?vt', 'Customer');
insert into Account (AccountID, Username, Password, Role) values (63, 'htoppin1q', '0cypf=m8{.wC', 'Customer');
insert into Account (AccountID, Username, Password, Role) values (64, 'tkurtis1r', '4gFvhE}=', 'Customer');
insert into Account (AccountID, Username, Password, Role) values (65, 'xgossop1s', '2=|5dp&4E%Ii', 'Staff');
insert into Account (AccountID, Username, Password, Role) values (66, 'btoffanini1t', '2%B=($v%$1R', 'Customer');
insert into Account (AccountID, Username, Password, Role) values (67, 'mscalia1u', '6hGjek.aJjqV', 'Customer');
insert into Account (AccountID, Username, Password, Role) values (68, 'djannaway1v', '7MYJo,i*D*c', 'Customer');
insert into Account (AccountID, Username, Password, Role) values (69, 'sbristoe1w', '56''Lm9GDqcZ', 'Customer');
insert into Account (AccountID, Username, Password, Role) values (70, 'edinsdale1x', '8xo>dZfWP', 'Customer');
insert into Account (AccountID, Username, Password, Role) values (71, 'pcrisp1y', '1ca$.x#h!IYm0', 'Customer');
insert into Account (AccountID, Username, Password, Role) values (72, 'mpostlethwaite1z', '4)eGnZtK!', 'Customer');
insert into Account (AccountID, Username, Password, Role) values (73, 'ktruesdale20', '6Bh|ib0r5RxK', 'Customer');
insert into Account (AccountID, Username, Password, Role) values (74, 'dtretter21', '8}T>(Es10vul', 'Customer');
insert into Account (AccountID, Username, Password, Role) values (75, 'tfaulds22', '7RJ4,VgqFH9<Ie', 'Staff');
insert into Account (AccountID, Username, Password, Role) values (76, 'dmunkley23', '3U7d720itcK~s', 'Customer');
insert into Account (AccountID, Username, Password, Role) values (77, 'ahiggan24', '3=s8(d+P?N', 'Customer');
insert into Account (AccountID, Username, Password, Role) values (78, 'stomblings25', '0pj\IGy`tF3F95>h', 'Staff');
insert into Account (AccountID, Username, Password, Role) values (79, 'akinner26', '6nRB<70EoKE_v!/d', 'Customer');
insert into Account (AccountID, Username, Password, Role) values (80, 'ebennedsen27', '99bL''kNU', 'Customer');
insert into Account (AccountID, Username, Password, Role) values (81, 'hbaldassi28', '9o0u_.=IRm', 'Customer');
insert into Account (AccountID, Username, Password, Role) values (82, 'aboutton29', '8s#l5INwcc6!(n', 'Customer');
insert into Account (AccountID, Username, Password, Role) values (83, 'rdinwoodie2a', '8KFwTZ@`dWh#%!', 'Customer');
insert into Account (AccountID, Username, Password, Role) values (84, 'aklezmski2b', '8651_8"b1(u#', 'Customer');
insert into Account (AccountID, Username, Password, Role) values (85, 'aduprey2c', '1GGo=&CDcm$h', 'Customer');
insert into Account (AccountID, Username, Password, Role) values (86, 'ckingett2d', '9ia%\tH({a(!h', 'Customer');
insert into Account (AccountID, Username, Password, Role) values (87, 'tinns2e', '0D.A''{nf8OAl', 'Customer');
insert into Account (AccountID, Username, Password, Role) values (88, 'areeveley2f', '15)Jw9,Q1j+', 'Customer');
insert into Account (AccountID, Username, Password, Role) values (89, 'rflisher2g', '53M}z)/lhc', 'Customer');
insert into Account (AccountID, Username, Password, Role) values (90, 'astute2h', '8UO%0F32EIme,,k', 'Staff');
insert into Account (AccountID, Username, Password, Role) values (91, 'byerrington2i', '8,xM/r"SCDF', 'Customer');
insert into Account (AccountID, Username, Password, Role) values (92, 'jprickett2j', '8~5,f(h(zejLq', 'Customer');
insert into Account (AccountID, Username, Password, Role) values (93, 'kderle2k', '70Ga/osSk4ch`+Z', 'Customer');
insert into Account (AccountID, Username, Password, Role) values (94, 'spanton2l', '5?<cuBujy~', 'Customer');
insert into Account (AccountID, Username, Password, Role) values (95, 'lespie2m', '82g6%deA0<sFSh3Z', 'Customer');
insert into Account (AccountID, Username, Password, Role) values (96, 'lchampe2n', '3a~9n6|eQg>Hy''!', 'Customer');
insert into Account (AccountID, Username, Password, Role) values (97, 'ctreske2o', '3S#*+8tz', 'Customer');
insert into Account (AccountID, Username, Password, Role) values (98, 'kpaddie2p', '2W#*>\OT7E)ab', 'Customer');
insert into Account (AccountID, Username, Password, Role) values (99, 'eashman2q', '8Dfc+xQDfv', 'Customer');
insert into Account (AccountID, Username, Password, Role) values (100, 'epaddle2r', '7O{}0%~R+', 'Customer');

SET IDENTITY_INSERT Account OFF;


insert into Author (AuthorID, AuthorName, Notes) values (1, 'Brit Jovasevic', 'Vestibulum ante ipsum primis in faucibus orci luctus et ultrices posuere cubilia Curae; Donec pharetra, magna vestibulum aliquet ultrices, erat tortor sollicitudin mi, sit amet lobortis sapien sapien non mi. Integer ac neque.');
insert into Author (AuthorID, AuthorName, Notes) values (2, 'Karla Buckbee', 'Aenean lectus. Pellentesque eget nunc.');
insert into Author (AuthorID, AuthorName, Notes) values (3, 'Lorrie McNysche', 'Phasellus in felis.');
insert into Author (AuthorID, AuthorName, Notes) values (4, 'Naoma Vouls', 'Vestibulum ac est lacinia nisi venenatis tristique.');
insert into Author (AuthorID, AuthorName, Notes) values (5, 'Flory Bignal', 'Nam congue, risus semper porta volutpat, quam pede lobortis ligula, sit amet eleifend pede libero quis orci. Nullam molestie nibh in lectus.');
insert into Author (AuthorID, AuthorName, Notes) values (6, 'Ben Gallahar', 'Vestibulum ante ipsum primis in faucibus orci luctus et ultrices posuere cubilia Curae; Mauris viverra diam vitae quam. Suspendisse potenti.');
insert into Author (AuthorID, AuthorName, Notes) values (7, 'Stacy Widdowes', 'Vestibulum ante ipsum primis in faucibus orci luctus et ultrices posuere cubilia Curae; Duis faucibus accumsan odio.');
insert into Author (AuthorID, AuthorName, Notes) values (8, 'Adolf Shippam', 'In congue. Etiam justo.');
insert into Author (AuthorID, AuthorName, Notes) values (9, 'Rebecka Orht', 'Cum sociis natoque penatibus et magnis dis parturient montes, nascetur ridiculus mus.');
insert into Author (AuthorID, AuthorName, Notes) values (10, 'Broddy De Benedetti', 'Morbi vel lectus in quam fringilla rhoncus.');
insert into Author (AuthorID, AuthorName, Notes) values (11, 'Raquela Bellee', 'Etiam faucibus cursus urna. Ut tellus.');
insert into Author (AuthorID, AuthorName, Notes) values (12, 'Osborne Jakubovits', 'Quisque erat eros, viverra eget, congue eget, semper rutrum, nulla.');
insert into Author (AuthorID, AuthorName, Notes) values (13, 'Michaelina Prazor', 'Morbi quis tortor id nulla ultrices aliquet.');
insert into Author (AuthorID, AuthorName, Notes) values (14, 'Wilhelm Grebert', 'Phasellus id sapien in sapien iaculis congue.');
insert into Author (AuthorID, AuthorName, Notes) values (15, 'Keriann Ellams', 'Maecenas pulvinar lobortis est. Phasellus sit amet erat.');
insert into Author (AuthorID, AuthorName, Notes) values (16, 'Paton Mourbey', 'Quisque arcu libero, rutrum ac, lobortis vel, dapibus at, diam. Nam tristique tortor eu pede.');
insert into Author (AuthorID, AuthorName, Notes) values (17, 'Louisa Hardwicke', 'Cum sociis natoque penatibus et magnis dis parturient montes, nascetur ridiculus mus.');
insert into Author (AuthorID, AuthorName, Notes) values (18, 'Winnifred Dods', 'Pellentesque viverra pede ac diam.');
insert into Author (AuthorID, AuthorName, Notes) values (19, 'Brana Ridges', 'Suspendisse potenti.');
insert into Author (AuthorID, AuthorName, Notes) values (20, 'Binni Banghe', 'Aliquam sit amet diam in magna bibendum imperdiet. Nullam orci pede, venenatis non, sodales sed, tincidunt eu, felis.');
insert into Author (AuthorID, AuthorName, Notes) values (21, 'Grady Kleynermans', 'Morbi sem mauris, laoreet ut, rhoncus aliquet, pulvinar sed, nisl. Nunc rhoncus dui vel sem.');
insert into Author (AuthorID, AuthorName, Notes) values (22, 'Ferris Weetch', 'Morbi porttitor lorem id ligula. Suspendisse ornare consequat lectus.');
insert into Author (AuthorID, AuthorName, Notes) values (23, 'Kailey Killock', 'Fusce congue, diam id ornare imperdiet, sapien urna pretium nisl, ut volutpat sapien arcu sed augue. Aliquam erat volutpat.');
insert into Author (AuthorID, AuthorName, Notes) values (24, 'Philip Woodland', 'Aliquam quis turpis eget elit sodales scelerisque.');
insert into Author (AuthorID, AuthorName, Notes) values (25, 'Jerrine Rugge', 'Duis at velit eu est congue elementum. In hac habitasse platea dictumst.');
insert into Author (AuthorID, AuthorName, Notes) values (26, 'Dorelia Pollok', 'Sed vel enim sit amet nunc viverra dapibus.');
insert into Author (AuthorID, AuthorName, Notes) values (27, 'Maxi Shird', 'Vivamus vestibulum sagittis sapien. Cum sociis natoque penatibus et magnis dis parturient montes, nascetur ridiculus mus.');
insert into Author (AuthorID, AuthorName, Notes) values (28, 'Cristi Makinson', 'Nullam varius. Nulla facilisi.');
insert into Author (AuthorID, AuthorName, Notes) values (29, 'Misha Garric', 'Donec quis orci eget orci vehicula condimentum. Curabitur in libero ut massa volutpat convallis.');
insert into Author (AuthorID, AuthorName, Notes) values (30, 'Ari Stammers', 'Lorem ipsum dolor sit amet, consectetuer adipiscing elit. Proin risus.');
insert into Author (AuthorID, AuthorName, Notes) values (31, 'Josephina Lowre', 'Lorem ipsum dolor sit amet, consectetuer adipiscing elit. Proin risus.');
insert into Author (AuthorID, AuthorName, Notes) values (32, 'Amargo Peploe', 'Praesent lectus.');
insert into Author (AuthorID, AuthorName, Notes) values (33, 'Elbertina Shalcras', 'Duis aliquam convallis nunc. Proin at turpis a pede posuere nonummy.');
insert into Author (AuthorID, AuthorName, Notes) values (34, 'Ilyse D''Almeida', 'Duis bibendum, felis sed interdum venenatis, turpis enim blandit mi, in porttitor pede justo eu massa. Donec dapibus.');
insert into Author (AuthorID, AuthorName, Notes) values (35, 'Ram Briance', 'Praesent lectus. Vestibulum quam sapien, varius ut, blandit non, interdum in, ante.');
insert into Author (AuthorID, AuthorName, Notes) values (36, 'Poul Sharpous', 'Aenean fermentum.');
insert into Author (AuthorID, AuthorName, Notes) values (37, 'Fabe Vokins', 'Maecenas tristique, est et tempus semper, est quam pharetra magna, ac consequat metus sapien ut nunc. Vestibulum ante ipsum primis in faucibus orci luctus et ultrices posuere cubilia Curae; Mauris viverra diam vitae quam.');
insert into Author (AuthorID, AuthorName, Notes) values (38, 'Miguelita Sherrock', 'Phasellus in felis. Donec semper sapien a libero.');
insert into Author (AuthorID, AuthorName, Notes) values (39, 'Giffy Harwin', 'Morbi vel lectus in quam fringilla rhoncus.');
insert into Author (AuthorID, AuthorName, Notes) values (40, 'Miof mela MacNockater', 'Nulla ac enim.');
insert into Author (AuthorID, AuthorName, Notes) values (41, 'Cointon Bartot', 'Nulla neque libero, convallis eget, eleifend luctus, ultricies eu, nibh.');
insert into Author (AuthorID, AuthorName, Notes) values (42, 'Jourdan Lazar', 'Cras in purus eu magna vulputate luctus.');
insert into Author (AuthorID, AuthorName, Notes) values (43, 'Rodney Gainsbury', 'Morbi vestibulum, velit id pretium iaculis, diam erat fermentum justo, nec condimentum neque sapien placerat ante.');
insert into Author (AuthorID, AuthorName, Notes) values (44, 'Alic Oppery', 'Vestibulum sed magna at nunc commodo placerat. Praesent blandit.');
insert into Author (AuthorID, AuthorName, Notes) values (45, 'Dionis Wayland', 'Proin leo odio, porttitor id, consequat in, consequat ut, nulla.');
insert into Author (AuthorID, AuthorName, Notes) values (46, 'Cly Brasted', 'Quisque erat eros, viverra eget, congue eget, semper rutrum, nulla.');
insert into Author (AuthorID, AuthorName, Notes) values (47, 'Frederico Gyngell', 'Aenean sit amet justo. Morbi ut odio.');
insert into Author (AuthorID, AuthorName, Notes) values (48, 'Drucill McGlone', 'Duis bibendum.');
insert into Author (AuthorID, AuthorName, Notes) values (49, 'Linnie Imesson', 'Suspendisse ornare consequat lectus. In est risus, auctor sed, tristique in, tempus sit amet, sem.');
insert into Author (AuthorID, AuthorName, Notes) values (50, 'Sim Ardley', 'Maecenas tristique, est et tempus semper, est quam pharetra magna, ac consequat metus sapien ut nunc. Vestibulum ante ipsum primis in faucibus orci luctus et ultrices posuere cubilia Curae; Mauris viverra diam vitae quam.');
insert into Author (AuthorID, AuthorName, Notes) values (51, 'Anjanette O''Dempsey', 'In hac habitasse platea dictumst.');
insert into Author (AuthorID, AuthorName, Notes) values (52, 'Magdalena Bartczak', 'Sed accumsan felis. Ut at dolor quis odio consequat varius.');
insert into Author (AuthorID, AuthorName, Notes) values (53, 'Jammie Pettett', 'Sed vel enim sit amet nunc viverra dapibus.');
insert into Author (AuthorID, AuthorName, Notes) values (54, 'Felicity Potkins', 'In tempor, turpis nec euismod scelerisque, quam turpis adipiscing lorem, vitae mattis nibh ligula nec sem.');
insert into Author (AuthorID, AuthorName, Notes) values (55, 'Reginauld Coghlin', 'Donec dapibus.');
insert into Author (AuthorID, AuthorName, Notes) values (56, 'Maurise Skehens', 'Duis at velit eu est congue elementum. In hac habitasse platea dictumst.');
insert into Author (AuthorID, AuthorName, Notes) values (57, 'Edeline Fruchon', 'Vestibulum ac est lacinia nisi venenatis tristique. Fusce congue, diam id ornare imperdiet, sapien urna pretium nisl, ut volutpat sapien arcu sed augue.');
insert into Author (AuthorID, AuthorName, Notes) values (58, 'Ari Buffin', 'Etiam faucibus cursus urna. Ut tellus.');
insert into Author (AuthorID, AuthorName, Notes) values (59, 'Web Fenelon', 'Nulla nisl.');
insert into Author (AuthorID, AuthorName, Notes) values (60, 'Aeriell Hourstan', 'Integer aliquet, massa id lobortis convallis, tortor risus dapibus augue, vel accumsan tellus nisi eu orci. Mauris lacinia sapien quis libero.');
insert into Author (AuthorID, AuthorName, Notes) values (61, 'Clerkclaude Coniam', 'Nam nulla.');
insert into Author (AuthorID, AuthorName, Notes) values (62, 'Waylon Blackstock', 'Morbi a ipsum. Integer a nibh.');
insert into Author (AuthorID, AuthorName, Notes) values (63, 'Lucho Foreman', 'Sed vel enim sit amet nunc viverra dapibus.');
insert into Author (AuthorID, AuthorName, Notes) values (64, 'Debora Groger', 'Donec dapibus. Duis at velit eu est congue elementum.');
insert into Author (AuthorID, AuthorName, Notes) values (65, 'Shir Poynser', 'Vestibulum ac est lacinia nisi venenatis tristique. Fusce congue, diam id ornare imperdiet, sapien urna pretium nisl, ut volutpat sapien arcu sed augue.');
insert into Author (AuthorID, AuthorName, Notes) values (66, 'Brocky Lorkins', 'Nulla mollis molestie lorem. Quisque ut erat.');
insert into Author (AuthorID, AuthorName, Notes) values (67, 'Guinevere Myford', 'Nunc nisl.');
insert into Author (AuthorID, AuthorName, Notes) values (68, 'Fransisco Jenicke', 'Aenean sit amet justo.');
insert into Author (AuthorID, AuthorName, Notes) values (69, 'Aldon Dougher', 'Pellentesque ultrices mattis odio. Donec vitae nisi.');
insert into Author (AuthorID, AuthorName, Notes) values (70, 'Loren Sherington', 'Donec dapibus.');
insert into Author (AuthorID, AuthorName, Notes) values (71, 'Mariann Kellart', 'Curabitur in libero ut massa volutpat convallis.');
insert into Author (AuthorID, AuthorName, Notes) values (72, 'Rodolfo Keavy', 'Donec dapibus. Duis at velit eu est congue elementum.');
insert into Author (AuthorID, AuthorName, Notes) values (73, 'Franz Gulk', 'Donec ut mauris eget massa tempor convallis.');
insert into Author (AuthorID, AuthorName, Notes) values (74, 'Cortney Linn', 'Etiam vel augue. Vestibulum rutrum rutrum neque.');
insert into Author (AuthorID, AuthorName, Notes) values (75, 'Karena Mansion', 'Vestibulum ante ipsum primis in faucibus orci luctus et ultrices posuere cubilia Curae; Mauris viverra diam vitae quam. Suspendisse potenti.');
insert into Author (AuthorID, AuthorName, Notes) values (76, 'Salomon Peachment', 'Vestibulum sed magna at nunc commodo placerat.');
insert into Author (AuthorID, AuthorName, Notes) values (77, 'Waneta Pitkins', 'Morbi vel lectus in quam fringilla rhoncus. Mauris enim leo, rhoncus sed, vestibulum sit amet, cursus id, turpis.');
insert into Author (AuthorID, AuthorName, Notes) values (78, 'Melisse Coldham', 'In hac habitasse platea dictumst. Etiam faucibus cursus urna.');
insert into Author (AuthorID, AuthorName, Notes) values (79, 'Marcelline Krysztofowicz', 'Proin interdum mauris non ligula pellentesque ultrices. Phasellus id sapien in sapien iaculis congue.');
insert into Author (AuthorID, AuthorName, Notes) values (80, 'Kurt Trangmar', 'Ut at dolor quis odio consequat varius. Integer ac leo.');
insert into Author (AuthorID, AuthorName, Notes) values (81, 'Brad Pidler', 'Morbi non quam nec dui luctus rutrum. Nulla tellus.');
insert into Author (AuthorID, AuthorName, Notes) values (82, 'Helen-elizabeth Whelpdale', 'Morbi porttitor lorem id ligula. Suspendisse ornare consequat lectus.');
insert into Author (AuthorID, AuthorName, Notes) values (83, 'Evangeline Tenpenny', 'Aliquam non mauris.');
insert into Author (AuthorID, AuthorName, Notes) values (84, 'Layne Brockie', 'Nulla facilisi. Cras non velit nec nisi vulputate nonummy.');
insert into Author (AuthorID, AuthorName, Notes) values (85, 'Trista Grice', 'Cras in purus eu magna vulputate luctus. Cum sociis natoque penatibus et magnis dis parturient montes, nascetur ridiculus mus.');
insert into Author (AuthorID, AuthorName, Notes) values (86, 'Marigold Bolmann', 'Etiam faucibus cursus urna.');
insert into Author (AuthorID, AuthorName, Notes) values (87, 'Rosalia MacKilroe', 'Fusce posuere felis sed lacus.');
insert into Author (AuthorID, AuthorName, Notes) values (88, 'Arnie Pigne', 'Donec odio justo, sollicitudin ut, suscipit a, feugiat et, eros.');
insert into Author (AuthorID, AuthorName, Notes) values (89, 'Emalee De Giorgis', 'Quisque arcu libero, rutrum ac, lobortis vel, dapibus at, diam. Nam tristique tortor eu pede.');
insert into Author (AuthorID, AuthorName, Notes) values (90, 'Corrinne Arni', 'Pellentesque viverra pede ac diam. Cras pellentesque volutpat dui.');
insert into Author (AuthorID, AuthorName, Notes) values (91, 'Ernesto MacGoun', 'Cras in purus eu magna vulputate luctus. Cum sociis natoque penatibus et magnis dis parturient montes, nascetur ridiculus mus.');
insert into Author (AuthorID, AuthorName, Notes) values (92, 'Wynn Maguire', 'Integer pede justo, lacinia eget, tincidunt eget, tempus vel, pede. Morbi porttitor lorem id ligula.');
insert into Author (AuthorID, AuthorName, Notes) values (93, 'Wolfy Pagnin', 'Suspendisse potenti.');
insert into Author (AuthorID, AuthorName, Notes) values (94, 'Ian Forlong', 'Cras mi pede, malesuada in, imperdiet et, commodo vulputate, justo. In blandit ultrices enim.');
insert into Author (AuthorID, AuthorName, Notes) values (95, 'Licha Guidoni', 'Proin eu mi.');
insert into Author (AuthorID, AuthorName, Notes) values (96, 'Atlante Ricket', 'Phasellus id sapien in sapien iaculis congue.');
insert into Author (AuthorID, AuthorName, Notes) values (97, 'Pace Brusby', 'Morbi ut odio.');
insert into Author (AuthorID, AuthorName, Notes) values (98, 'Neville Sinkin', 'Morbi non quam nec dui luctus rutrum.');
insert into Author (AuthorID, AuthorName, Notes) values (99, 'Dory McNirlin', 'Pellentesque eget nunc. Donec quis orci eget orci vehicula condimentum.');
insert into Author (AuthorID, AuthorName, Notes) values (100, 'Torrie Besnardeau', 'Suspendisse potenti. Cras in purus eu magna vulputate luctus.');
insert into Author (AuthorID, AuthorName, Notes) values (101, 'Dina Headech', 'Morbi vel lectus in quam fringilla rhoncus. Mauris enim leo, rhoncus sed, vestibulum sit amet, cursus id, turpis.');
insert into Author (AuthorID, AuthorName, Notes) values (102, 'Hartwell McIlreavy', 'Ut tellus. Nulla ut erat id mauris vulputate elementum.');
insert into Author (AuthorID, AuthorName, Notes) values (103, 'Antonetta Karoly', 'Donec vitae nisi.');
insert into Author (AuthorID, AuthorName, Notes) values (104, 'Rahel McKinnell', 'In hac habitasse platea dictumst.');
insert into Author (AuthorID, AuthorName, Notes) values (105, 'Jordain Vinas', 'Nam tristique tortor eu pede.');
insert into Author (AuthorID, AuthorName, Notes) values (106, 'Shepard De Souza', 'Nulla facilisi. Cras non velit nec nisi vulputate nonummy.');
insert into Author (AuthorID, AuthorName, Notes) values (107, 'Brand Champain', 'Nulla facilisi. Cras non velit nec nisi vulputate nonummy.');
insert into Author (AuthorID, AuthorName, Notes) values (108, 'Hube Laven', 'Aenean auctor gravida sem.');
insert into Author (AuthorID, AuthorName, Notes) values (109, 'Tallulah Littlecote', 'Suspendisse potenti.');
insert into Author (AuthorID, AuthorName, Notes) values (110, 'Karlik McLucky', 'In est risus, auctor sed, tristique in, tempus sit amet, sem.');
insert into Author (AuthorID, AuthorName, Notes) values (111, 'Ambrose Corwin', 'Phasellus in felis. Donec semper sapien a libero.');
insert into Author (AuthorID, AuthorName, Notes) values (112, 'Hernando Lafflina', 'Curabitur convallis. Duis consequat dui nec nisi volutpat eleifend.');
insert into Author (AuthorID, AuthorName, Notes) values (113, 'Towny Asp', 'Lorem ipsum dolor sit amet, consectetuer adipiscing elit. Proin interdum mauris non ligula pellentesque ultrices.');
insert into Author (AuthorID, AuthorName, Notes) values (114, 'Nelly Klimkowski', 'Phasellus sit amet erat. Nulla tempus.');
insert into Author (AuthorID, AuthorName, Notes) values (115, 'Jacynth Blowick', 'In tempor, turpis nec euismod scelerisque, quam turpis adipiscing lorem, vitae mattis nibh ligula nec sem. Duis aliquam convallis nunc.');
insert into Author (AuthorID, AuthorName, Notes) values (116, 'Renato Schistl', 'Nam ultrices, libero non mattis pulvinar, nulla pede ullamcorper augue, a suscipit nulla elit ac nulla.');
insert into Author (AuthorID, AuthorName, Notes) values (117, 'Brady Shemming', 'Nunc nisl. Duis bibendum, felis sed interdum venenatis, turpis enim blandit mi, in porttitor pede justo eu massa.');
insert into Author (AuthorID, AuthorName, Notes) values (118, 'Lothaire Stichel', 'Proin eu mi.');
insert into Author (AuthorID, AuthorName, Notes) values (119, 'Gunar Fleury', 'In tempor, turpis nec euismod scelerisque, quam turpis adipiscing lorem, vitae mattis nibh ligula nec sem. Duis aliquam convallis nunc.');
insert into Author (AuthorID, AuthorName, Notes) values (120, 'Adamo Blowen', 'Proin risus. Praesent lectus.');
insert into Author (AuthorID, AuthorName, Notes) values (121, 'Silvia Cowing', 'Nunc purus.');
insert into Author (AuthorID, AuthorName, Notes) values (122, 'Lucienne Puddicombe', 'Maecenas rhoncus aliquam lacus.');
insert into Author (AuthorID, AuthorName, Notes) values (123, 'Madalyn Houlton', 'Duis at velit eu est congue elementum.');
insert into Author (AuthorID, AuthorName, Notes) values (124, 'Muhammad Stripp', 'In tempor, turpis nec euismod scelerisque, quam turpis adipiscing lorem, vitae mattis nibh ligula nec sem.');
insert into Author (AuthorID, AuthorName, Notes) values (125, 'Almeta Badger', 'Phasellus sit amet erat. Nulla tempus.');
insert into Author (AuthorID, AuthorName, Notes) values (126, 'Waylin McCully', 'Sed sagittis. Nam congue, risus semper porta volutpat, quam pede lobortis ligula, sit amet eleifend pede libero quis orci.');
insert into Author (AuthorID, AuthorName, Notes) values (127, 'Massimo Varsey', 'Fusce consequat. Nulla nisl.');
insert into Author (AuthorID, AuthorName, Notes) values (128, 'Natale Faint', 'Vivamus metus arcu, adipiscing molestie, hendrerit at, vulputate vitae, nisl. Aenean lectus.');
insert into Author (AuthorID, AuthorName, Notes) values (129, 'Brady Klemmt', 'Integer ac leo.');
insert into Author (AuthorID, AuthorName, Notes) values (130, 'Gardener Calabry', 'Cum sociis natoque penatibus et magnis dis parturient montes, nascetur ridiculus mus.');
insert into Author (AuthorID, AuthorName, Notes) values (131, 'Janelle Tidey', 'Mauris sit amet eros.');
insert into Author (AuthorID, AuthorName, Notes) values (132, 'Papagena Walbrun', 'Vestibulum ante ipsum primis in faucibus orci luctus et ultrices posuere cubilia Curae; Donec pharetra, magna vestibulum aliquet ultrices, erat tortor sollicitudin mi, sit amet lobortis sapien sapien non mi. Integer ac neque.');
insert into Author (AuthorID, AuthorName, Notes) values (133, 'Micky Bafford', 'Nulla ut erat id mauris vulputate elementum.');
insert into Author (AuthorID, AuthorName, Notes) values (134, 'Bel Keoghan', 'Cras in purus eu magna vulputate luctus.');
insert into Author (AuthorID, AuthorName, Notes) values (135, 'Thatcher Marcus', 'Proin leo odio, porttitor id, consequat in, consequat ut, nulla. Sed accumsan felis.');
insert into Author (AuthorID, AuthorName, Notes) values (136, 'Virgil Pummell', 'Proin leo odio, porttitor id, consequat in, consequat ut, nulla. Sed accumsan felis.');
insert into Author (AuthorID, AuthorName, Notes) values (137, 'Augustine Maltman', 'Fusce posuere felis sed lacus. Morbi sem mauris, laoreet ut, rhoncus aliquet, pulvinar sed, nisl.');
insert into Author (AuthorID, AuthorName, Notes) values (138, 'Faustina Pownall', 'Pellentesque eget nunc. Donec quis orci eget orci vehicula condimentum.');
insert into Author (AuthorID, AuthorName, Notes) values (139, 'Rozalie Moyce', 'Duis bibendum, felis sed interdum venenatis, turpis enim blandit mi, in porttitor pede justo eu massa. Donec dapibus.');
insert into Author (AuthorID, AuthorName, Notes) values (140, 'Bernadina Vernay', 'Nulla neque libero, convallis eget, eleifend luctus, ultricies eu, nibh. Quisque id justo sit amet sapien dignissim vestibulum.');
insert into Author (AuthorID, AuthorName, Notes) values (141, 'Valenka Orehead', 'Nullam orci pede, venenatis non, sodales sed, tincidunt eu, felis. Fusce posuere felis sed lacus.');
insert into Author (AuthorID, AuthorName, Notes) values (142, 'Sarena McCrachen', 'Cum sociis natoque penatibus et magnis dis parturient montes, nascetur ridiculus mus.');
insert into Author (AuthorID, AuthorName, Notes) values (143, 'Rand Kubera', 'Suspendisse potenti. In eleifend quam a odio.');
insert into Author (AuthorID, AuthorName, Notes) values (144, 'Christophe Duckit', 'Phasellus id sapien in sapien iaculis congue.');
insert into Author (AuthorID, AuthorName, Notes) values (145, 'Darnall Pimley', 'Cum sociis natoque penatibus et magnis dis parturient montes, nascetur ridiculus mus.');
insert into Author (AuthorID, AuthorName, Notes) values (146, 'Warren Egdale', 'Maecenas rhoncus aliquam lacus.');
insert into Author (AuthorID, AuthorName, Notes) values (147, 'Sabine Thon', 'Vivamus vestibulum sagittis sapien.');
insert into Author (AuthorID, AuthorName, Notes) values (148, 'Brittan Thieme', 'Nam dui. Proin leo odio, porttitor id, consequat in, consequat ut, nulla.');
insert into Author (AuthorID, AuthorName, Notes) values (149, 'Pierson Osbidston', 'Morbi vestibulum, velit id pretium iaculis, diam erat fermentum justo, nec condimentum neque sapien placerat ante. Nulla justo.');
insert into Author (AuthorID, AuthorName, Notes) values (150, 'Rene Ivashkov', 'Proin interdum mauris non ligula pellentesque ultrices.');
insert into Author (AuthorID, AuthorName, Notes) values (151, 'Aland Stolworthy', 'Donec ut dolor. Morbi vel lectus in quam fringilla rhoncus.');
insert into Author (AuthorID, AuthorName, Notes) values (152, 'Alica Danshin', 'Nulla facilisi. Cras non velit nec nisi vulputate nonummy.');
insert into Author (AuthorID, AuthorName, Notes) values (153, 'Marcille Woolford', 'Nullam varius.');
insert into Author (AuthorID, AuthorName, Notes) values (154, 'Cornie MacRedmond', 'Morbi sem mauris, laoreet ut, rhoncus aliquet, pulvinar sed, nisl.');
insert into Author (AuthorID, AuthorName, Notes) values (155, 'Morena Tummasutti', 'Morbi vestibulum, velit id pretium iaculis, diam erat fermentum justo, nec condimentum neque sapien placerat ante.');
insert into Author (AuthorID, AuthorName, Notes) values (156, 'Beverley Murrhardt', 'Duis at velit eu est congue elementum.');
insert into Author (AuthorID, AuthorName, Notes) values (157, 'Babette Wabersich', 'Vivamus tortor.');
insert into Author (AuthorID, AuthorName, Notes) values (158, 'Earl Bachelar', 'Vivamus vel nulla eget eros elementum pellentesque. Quisque porta volutpat erat.');
insert into Author (AuthorID, AuthorName, Notes) values (159, 'Wolfy Reburn', 'Nulla tellus. In sagittis dui vel nisl.');
insert into Author (AuthorID, AuthorName, Notes) values (160, 'Rani Gonin', 'Nam ultrices, libero non mattis pulvinar, nulla pede ullamcorper augue, a suscipit nulla elit ac nulla. Sed vel enim sit amet nunc viverra dapibus.');
insert into Author (AuthorID, AuthorName, Notes) values (161, 'Nadine Morrallee', 'Proin interdum mauris non ligula pellentesque ultrices. Phasellus id sapien in sapien iaculis congue.');
insert into Author (AuthorID, AuthorName, Notes) values (162, 'Zandra Ripley', 'Vestibulum quam sapien, varius ut, blandit non, interdum in, ante. Vestibulum ante ipsum primis in faucibus orci luctus et ultrices posuere cubilia Curae; Duis faucibus accumsan odio.');
insert into Author (AuthorID, AuthorName, Notes) values (163, 'Marven Rippon', 'Etiam vel augue.');
insert into Author (AuthorID, AuthorName, Notes) values (164, 'Bordy Tirrell', 'In sagittis dui vel nisl.');
insert into Author (AuthorID, AuthorName, Notes) values (165, 'Paquito Toppes', 'In eleifend quam a odio.');
insert into Author (AuthorID, AuthorName, Notes) values (166, 'Mallory Vescovo', 'Vestibulum rutrum rutrum neque. Aenean auctor gravida sem.');
insert into Author (AuthorID, AuthorName, Notes) values (167, 'Gilburt Plail', 'In congue.');
insert into Author (AuthorID, AuthorName, Notes) values (168, 'Prentice Brettell', 'Morbi non lectus.');
insert into Author (AuthorID, AuthorName, Notes) values (169, 'Fidelio Heal', 'Cras non velit nec nisi vulputate nonummy.');
insert into Author (AuthorID, AuthorName, Notes) values (170, 'Orelia D''Costa', 'Nam ultrices, libero non mattis pulvinar, nulla pede ullamcorper augue, a suscipit nulla elit ac nulla.');
insert into Author (AuthorID, AuthorName, Notes) values (171, 'Tally Rowett', 'Proin eu mi.');
insert into Author (AuthorID, AuthorName, Notes) values (172, 'Alleen Aikett', 'Donec dapibus. Duis at velit eu est congue elementum.');
insert into Author (AuthorID, AuthorName, Notes) values (173, 'Gerri Golston', 'Donec ut dolor.');
insert into Author (AuthorID, AuthorName, Notes) values (174, 'Gian Hopfer', 'Vivamus tortor. Duis mattis egestas metus.');
insert into Author (AuthorID, AuthorName, Notes) values (175, 'Etty Galland', 'Mauris sit amet eros.');
insert into Author (AuthorID, AuthorName, Notes) values (176, 'Gayla Gingle', 'Mauris lacinia sapien quis libero. Nullam sit amet turpis elementum ligula vehicula consequat.');
insert into Author (AuthorID, AuthorName, Notes) values (177, 'Ricca Carlino', 'In hac habitasse platea dictumst. Maecenas ut massa quis augue luctus tincidunt.');
insert into Author (AuthorID, AuthorName, Notes) values (178, 'Gregory Gareisr', 'Suspendisse accumsan tortor quis turpis. Sed ante.');
insert into Author (AuthorID, AuthorName, Notes) values (179, 'Arvie Gross', 'In tempor, turpis nec euismod scelerisque, quam turpis adipiscing lorem, vitae mattis nibh ligula nec sem.');
insert into Author (AuthorID, AuthorName, Notes) values (180, 'Winfield Hanvey', 'Donec vitae nisi.');
insert into Author (AuthorID, AuthorName, Notes) values (181, 'Konstantin Langhorne', 'In hac habitasse platea dictumst. Etiam faucibus cursus urna.');
insert into Author (AuthorID, AuthorName, Notes) values (182, 'Gearard Brittoner', 'Phasellus id sapien in sapien iaculis congue. Vivamus metus arcu, adipiscing molestie, hendrerit at, vulputate vitae, nisl.');
insert into Author (AuthorID, AuthorName, Notes) values (183, 'Eunice Ridler', 'Proin risus.');
insert into Author (AuthorID, AuthorName, Notes) values (184, 'Budd Baudet', 'Vestibulum ante ipsum primis in faucibus orci luctus et ultrices posuere cubilia Curae; Duis faucibus accumsan odio.');
insert into Author (AuthorID, AuthorName, Notes) values (185, 'Kitty Thombleson', 'Curabitur convallis.');
insert into Author (AuthorID, AuthorName, Notes) values (186, 'Imojean Arstall', 'Maecenas ut massa quis augue luctus tincidunt.');
insert into Author (AuthorID, AuthorName, Notes) values (187, 'Gussie McMichael', 'Nunc nisl.');
insert into Author (AuthorID, AuthorName, Notes) values (188, 'Tam Westnedge', 'Maecenas pulvinar lobortis est. Phasellus sit amet erat.');
insert into Author (AuthorID, AuthorName, Notes) values (189, 'Nertie Jehu', 'Maecenas tristique, est et tempus semper, est quam pharetra magna, ac consequat metus sapien ut nunc.');
insert into Author (AuthorID, AuthorName, Notes) values (190, 'Christy Cauley', 'Nullam porttitor lacus at turpis.');
insert into Author (AuthorID, AuthorName, Notes) values (191, 'Pepe Wortman', 'In eleifend quam a odio. In hac habitasse platea dictumst.');
insert into Author (AuthorID, AuthorName, Notes) values (192, 'Bettye Fingleton', 'Fusce consequat.');
insert into Author (AuthorID, AuthorName, Notes) values (193, 'Phillie Cridland', 'Nulla justo. Aliquam quis turpis eget elit sodales scelerisque.');
insert into Author (AuthorID, AuthorName, Notes) values (194, 'Elsie Whitrod', 'Cras pellentesque volutpat dui.');
insert into Author (AuthorID, AuthorName, Notes) values (195, 'Dennet Tunstall', 'Integer a nibh. In quis justo.');
insert into Author (AuthorID, AuthorName, Notes) values (196, 'Willetta Crees', 'Proin at turpis a pede posuere nonummy.');
insert into Author (AuthorID, AuthorName, Notes) values (197, 'Birgitta Meric', 'Ut tellus. Nulla ut erat id mauris vulputate elementum.');
insert into Author (AuthorID, AuthorName, Notes) values (198, 'Diannne Wilkennson', 'Cras mi pede, malesuada in, imperdiet et, commodo vulputate, justo. In blandit ultrices enim.');
insert into Author (AuthorID, AuthorName, Notes) values (199, 'Amii Bottomley', 'Praesent lectus. Vestibulum quam sapien, varius ut, blandit non, interdum in, ante.');
insert into Author (AuthorID, AuthorName, Notes) values (200, 'Gwenora Aristide', 'Phasellus sit amet erat. Nulla tempus.');

insert into Category (CategoryID, CategoryName) values (1, 'Drama');
insert into Category (CategoryID, CategoryName) values (2, 'Thriller');
insert into Category (CategoryID, CategoryName) values (3, 'Horror');
insert into Category (CategoryID, CategoryName) values (4, 'Comedy');
insert into Category (CategoryID, CategoryName) values (5, 'Action');
insert into Category (CategoryID, CategoryName) values (6, 'Romance');
insert into Category (CategoryID, CategoryName) values (7, 'Sci-Fi');
insert into Category (CategoryID, CategoryName) values (8, 'War');
insert into Category (CategoryID, CategoryName) values (9, 'Documentary');
insert into Category (CategoryID, CategoryName) values (10, 'Mystery');

insert into Publisher (PublisherID, PublisherName, Address, Email, PhoneNumber) values (1, 'Ailane', '20 South Road', 'kokker0@google.nl', '823-783-5300');
insert into Publisher (PublisherID, PublisherName, Address, Email, PhoneNumber) values (2, 'Npath', '43 Fuller Trail', 'zgainsboro1@hatena.ne.jp', '948-480-3722');
insert into Publisher (PublisherID, PublisherName, Address, Email, PhoneNumber) values (3, 'Thoughtsphere', '510 Lerdahl Center', 'cmacdermot2@slate.com', '680-662-3673');
insert into Publisher (PublisherID, PublisherName, Address, Email, PhoneNumber) values (4, 'Browsetype', '4 Anzinger Road', 'aheistermann3@qq.com', '807-770-5436');
insert into Publisher (PublisherID, PublisherName, Address, Email, PhoneNumber) values (5, 'Yotz', '72 Doe Crossing Plaza', 'apeiser4@prnewswire.com', '512-475-7580');
insert into Publisher (PublisherID, PublisherName, Address, Email, PhoneNumber) values (6, 'Cogidoo', '3 Grim Pass', 'linseal5@aboutads.info', '358-529-3033');
insert into Publisher (PublisherID, PublisherName, Address, Email, PhoneNumber) values (7, 'Kwimbee', '70499 Sutherland Alley', 'kclubley6@wordpress.org', '769-217-0658');
insert into Publisher (PublisherID, PublisherName, Address, Email, PhoneNumber) values (8, 'Livepath', '69 David Lane', 'dmedhurst7@tinypic.com', '485-518-5559');
insert into Publisher (PublisherID, PublisherName, Address, Email, PhoneNumber) values (9, 'Yata', '6 Victoria Point', 'edumbare8@pcworld.com', '482-196-4512');
insert into Publisher (PublisherID, PublisherName, Address, Email, PhoneNumber) values (10, 'Dynabox', '4 Sachtjen Point', 'mvassbender9@arizona.edu', '888-644-1272');
insert into Publisher (PublisherID, PublisherName, Address, Email, PhoneNumber) values (11, 'Rhyzio', '1 Springs Terrace', 'ptreacya@linkedin.com', '716-203-5902');
insert into Publisher (PublisherID, PublisherName, Address, Email, PhoneNumber) values (12, 'Miboo', '369 Petterle Parkway', 'iodamb@booking.com', '499-865-1863');
insert into Publisher (PublisherID, PublisherName, Address, Email, PhoneNumber) values (13, 'Aibox', '20754 Independence Drive', 'jmcmillamc@ca.gov', '885-465-0123');
insert into Publisher (PublisherID, PublisherName, Address, Email, PhoneNumber) values (14, 'Babbleblab', '747 Pine View Avenue', 'cspaiced@princeton.edu', '827-940-0006');
insert into Publisher (PublisherID, PublisherName, Address, Email, PhoneNumber) values (15, 'Eire', '571 Gale Alley', 'gfranscionie@youtube.com', '396-640-1187');
insert into Publisher (PublisherID, PublisherName, Address, Email, PhoneNumber) values (16, 'Mybuzz', '1 Talmadge Trail', 'bchurchlowf@sfgate.com', '826-427-9184');
insert into Publisher (PublisherID, PublisherName, Address, Email, PhoneNumber) values (17, 'Camido', '96564 Lindbergh Drive', 'jrekesg@kickstarter.com', '862-670-7235');
insert into Publisher (PublisherID, PublisherName, Address, Email, PhoneNumber) values (18, 'Edgewire', '54877 Macpherson Point', 'cpillingtonh@thetimes.co.uk', '836-324-7382');
insert into Publisher (PublisherID, PublisherName, Address, Email, PhoneNumber) values (19, 'Yodel', '7 Springview Parkway', 'ajouaneti@homestead.com', '242-888-6569');
insert into Publisher (PublisherID, PublisherName, Address, Email, PhoneNumber) values (20, 'Eamia', '6 High Crossing Street', 'jcandiej@tuttocitta.it', '293-806-7515');
insert into Publisher (PublisherID, PublisherName, Address, Email, PhoneNumber) values (21, 'Wordify', '4812 Lukken Alley', 'eoxtabyk@bloglovin.com', '162-743-7583');
insert into Publisher (PublisherID, PublisherName, Address, Email, PhoneNumber) values (22, 'Tazz', '1565 Charing Cross Street', 'heudalll@last.fm', '865-311-3030');
insert into Publisher (PublisherID, PublisherName, Address, Email, PhoneNumber) values (23, 'Wordify', '1 Algoma Road', 'crodriguezm@opensource.org', '693-681-5005');
insert into Publisher (PublisherID, PublisherName, Address, Email, PhoneNumber) values (24, 'Devpulse', '60 Superior Parkway', 'btejadan@clickbank.net', '737-647-7616');
insert into Publisher (PublisherID, PublisherName, Address, Email, PhoneNumber) values (25, 'Yamia', '11 Little Fleur Avenue', 'amumbeyo@google.nl', '368-129-1518');
insert into Publisher (PublisherID, PublisherName, Address, Email, PhoneNumber) values (26, 'Brainbox', '3 Ryan Crossing', 'jprettyp@globo.com', '122-948-6181');
insert into Publisher (PublisherID, PublisherName, Address, Email, PhoneNumber) values (27, 'Thoughtblab', '89897 Emmet Plaza', 'mbalmadierq@constantcontact.com', '153-194-0477');
insert into Publisher (PublisherID, PublisherName, Address, Email, PhoneNumber) values (28, 'Aivee', '669 Cody Pass', 'lclowsr@yellowpages.com', '164-938-7874');
insert into Publisher (PublisherID, PublisherName, Address, Email, PhoneNumber) values (29, 'Layo', '2838 Elmside Road', 'jdyzarts@addthis.com', '768-975-3006');
insert into Publisher (PublisherID, PublisherName, Address, Email, PhoneNumber) values (30, 'BlogXS', '76 Express Plaza', 'cnernet@mit.edu', '663-967-0389');
insert into Publisher (PublisherID, PublisherName, Address, Email, PhoneNumber) values (31, 'Aibox', '734 Fuller Crossing', 'ykistingu@bbb.org', '773-417-4009');
insert into Publisher (PublisherID, PublisherName, Address, Email, PhoneNumber) values (32, 'Buzzshare', '7 Toban Place', 'bmacwilliamv@spiegel.de', '527-160-4126');
insert into Publisher (PublisherID, PublisherName, Address, Email, PhoneNumber) values (33, 'Zava', '9 Golf View Junction', 'othirlwallw@github.com', '584-752-0197');
insert into Publisher (PublisherID, PublisherName, Address, Email, PhoneNumber) values (34, 'Skalith', '4615 Drewry Park', 'iabrahmerx@edublogs.org', '332-992-1966');
insert into Publisher (PublisherID, PublisherName, Address, Email, PhoneNumber) values (35, 'Vimbo', '135 La Follette Alley', 'wmiklemy@ow.ly', '987-226-3381');
insert into Publisher (PublisherID, PublisherName, Address, Email, PhoneNumber) values (36, 'Photofeed', '46223 Aberg Trail', 'bsollomz@un.org', '919-191-4949');
insert into Publisher (PublisherID, PublisherName, Address, Email, PhoneNumber) values (37, 'Gevee', '50718 Kensington Point', 'mgritsaev10@sphinn.com', '884-876-5258');
insert into Publisher (PublisherID, PublisherName, Address, Email, PhoneNumber) values (38, 'Trilith', '5 Shelley Pass', 'hodoogan11@tmall.com', '432-150-4936');
insert into Publisher (PublisherID, PublisherName, Address, Email, PhoneNumber) values (39, 'Roodel', '729 Summer Ridge Parkway', 'glequesne12@soundcloud.com', '527-291-6714');
insert into Publisher (PublisherID, PublisherName, Address, Email, PhoneNumber) values (40, 'Kwilith', '79 Aberg Parkway', 'jpalfery13@github.com', '498-735-3524');
insert into Publisher (PublisherID, PublisherName, Address, Email, PhoneNumber) values (41, 'Katz', '613 Corben Hill', 'vbrugger14@cnn.com', '759-833-0604');
insert into Publisher (PublisherID, PublisherName, Address, Email, PhoneNumber) values (42, 'Skinte', '9940 Village Lane', 'bburwood15@ca.gov', '406-776-2347');
insert into Publisher (PublisherID, PublisherName, Address, Email, PhoneNumber) values (43, 'Gevee', '31 Forest Center', 'blegister16@51.la', '462-812-7027');
insert into Publisher (PublisherID, PublisherName, Address, Email, PhoneNumber) values (44, 'Edgepulse', '06 Pepper Wood Circle', 'jgouth17@seattletimes.com', '487-922-6352');
insert into Publisher (PublisherID, PublisherName, Address, Email, PhoneNumber) values (45, 'Buzzshare', '9024 Rockefeller Way', 'bcraigg18@bing.com', '966-498-6892');
insert into Publisher (PublisherID, PublisherName, Address, Email, PhoneNumber) values (46, 'Feedmix', '3243 Kropf Trail', 'rcattow19@youku.com', '114-175-0237');
insert into Publisher (PublisherID, PublisherName, Address, Email, PhoneNumber) values (47, 'Trilia', '45289 Meadow Valley Center', 'eschuricht1a@tamu.edu', '913-395-6084');
insert into Publisher (PublisherID, PublisherName, Address, Email, PhoneNumber) values (48, 'Babbleset', '4449 Eggendart Drive', 'knewlove1b@ebay.co.uk', '122-493-1584');
insert into Publisher (PublisherID, PublisherName, Address, Email, PhoneNumber) values (49, 'Snaptags', '32 Northview Place', 'ckitchingman1c@nba.com', '396-306-9336');
insert into Publisher (PublisherID, PublisherName, Address, Email, PhoneNumber) values (50, 'Dabjam', '5453 Cardinal Lane', 'dpinar1d@google.ru', '124-976-8640');
insert into Publisher (PublisherID, PublisherName, Address, Email, PhoneNumber) values (51, 'Dabvine', '603 Melby Center', 'ojaggli1e@columbia.edu', '808-705-8420');
insert into Publisher (PublisherID, PublisherName, Address, Email, PhoneNumber) values (52, 'Yacero', '8 Longview Crossing', 'ebrookton1f@netvibes.com', '702-802-4466');
insert into Publisher (PublisherID, PublisherName, Address, Email, PhoneNumber) values (53, 'Roodel', '466 South Circle', 'talcido1g@arizona.edu', '689-709-0722');
insert into Publisher (PublisherID, PublisherName, Address, Email, PhoneNumber) values (54, 'Brightdog', '362 Larry Circle', 'aalders1h@independent.co.uk', '616-890-1699');
insert into Publisher (PublisherID, PublisherName, Address, Email, PhoneNumber) values (55, 'Midel', '6 Continental Point', 'agramer1i@topsy.com', '777-888-5004');
insert into Publisher (PublisherID, PublisherName, Address, Email, PhoneNumber) values (56, 'Fanoodle', '2 Corben Park', 'abordessa1j@archive.org', '943-607-2315');
insert into Publisher (PublisherID, PublisherName, Address, Email, PhoneNumber) values (57, 'Vipe', '01329 Sutherland Center', 'jsendall1k@uol.com.br', '872-198-9347');
insert into Publisher (PublisherID, PublisherName, Address, Email, PhoneNumber) values (58, 'Realmix', '700 Burrows Road', 'erawsen1l@biglobe.ne.jp', '592-425-0101');
insert into Publisher (PublisherID, PublisherName, Address, Email, PhoneNumber) values (59, 'Kayveo', '2296 Crownhardt Junction', 'adotterill1m@free.fr', '337-214-2388');
insert into Publisher (PublisherID, PublisherName, Address, Email, PhoneNumber) values (60, 'Jamia', '5278 Moulton Center', 'cbedells1n@plala.or.jp', '363-586-1113');
insert into Publisher (PublisherID, PublisherName, Address, Email, PhoneNumber) values (61, 'Nlounge', '72 Grover Alley', 'mgeist1o@earthlink.net', '859-360-2147');
insert into Publisher (PublisherID, PublisherName, Address, Email, PhoneNumber) values (62, 'Izio', '6518 Norway Maple Terrace', 'sdematteis1p@toplist.cz', '481-979-8946');
insert into Publisher (PublisherID, PublisherName, Address, Email, PhoneNumber) values (63, 'Dabfeed', '6 Parkside Alley', 'lgeram1q@timesonline.co.uk', '442-744-2253');
insert into Publisher (PublisherID, PublisherName, Address, Email, PhoneNumber) values (64, 'Wordtune', '0444 Debra Court', 'tducker1r@nyu.edu', '387-531-8423');
insert into Publisher (PublisherID, PublisherName, Address, Email, PhoneNumber) values (65, 'Livefish', '3361 3rd Way', 'gcasini1s@economist.com', '674-636-5175');
insert into Publisher (PublisherID, PublisherName, Address, Email, PhoneNumber) values (66, 'Talane', '84 Red Cloud Hill', 'jickov1t@macromedia.com', '285-994-4724');
insert into Publisher (PublisherID, PublisherName, Address, Email, PhoneNumber) values (67, 'Twitterbridge', '67280 Sycamore Way', 'balastair1u@ameblo.jp', '771-911-5005');
insert into Publisher (PublisherID, PublisherName, Address, Email, PhoneNumber) values (68, 'Fliptune', '7 Aberg Street', 'mdanzelman1v@dailymotion.com', '217-435-9682');
insert into Publisher (PublisherID, PublisherName, Address, Email, PhoneNumber) values (69, 'Tambee', '2758 Westridge Circle', 'jcoling1w@tumblr.com', '686-341-9025');
insert into Publisher (PublisherID, PublisherName, Address, Email, PhoneNumber) values (70, 'Realcube', '856 Texas Plaza', 'lfearne1x@webs.com', '202-599-2517');
insert into Publisher (PublisherID, PublisherName, Address, Email, PhoneNumber) values (71, 'Camimbo', '3 Holy Cross Place', 'tgerrard1y@jalbum.net', '913-297-6287');
insert into Publisher (PublisherID, PublisherName, Address, Email, PhoneNumber) values (72, 'Wikido', '4 Oneill Avenue', 'tbartosinski1z@stanford.edu', '908-283-8589');
insert into Publisher (PublisherID, PublisherName, Address, Email, PhoneNumber) values (73, 'Ainyx', '5378 Hoffman Trail', 'bpridden20@accuweather.com', '233-360-1370');
insert into Publisher (PublisherID, PublisherName, Address, Email, PhoneNumber) values (74, 'Leexo', '6166 Petterle Pass', 'dcapponeer21@stanford.edu', '632-276-9003');
insert into Publisher (PublisherID, PublisherName, Address, Email, PhoneNumber) values (75, 'Gabtune', '3 Kropf Road', 'bnussen22@wp.com', '276-815-3905');
insert into Publisher (PublisherID, PublisherName, Address, Email, PhoneNumber) values (76, 'Yakitri', '3 Veith Street', 'cholde23@pagesperso-orange.fr', '659-746-9913');
insert into Publisher (PublisherID, PublisherName, Address, Email, PhoneNumber) values (77, 'BlogXS', '806 Prentice Pass', 'dschwant24@wikipedia.org', '385-571-6111');
insert into Publisher (PublisherID, PublisherName, Address, Email, PhoneNumber) values (78, 'Trudeo', '43 Bluestem Way', 'lcoggins25@eventbrite.com', '883-166-5269');
insert into Publisher (PublisherID, PublisherName, Address, Email, PhoneNumber) values (79, 'Vinte', '62097 Rieder Point', 'wgolding26@whitehouse.gov', '871-511-1535');
insert into Publisher (PublisherID, PublisherName, Address, Email, PhoneNumber) values (80, 'Wikizz', '826 Carioca Hill', 'hlob27@uol.com.br', '302-549-9402');
insert into Publisher (PublisherID, PublisherName, Address, Email, PhoneNumber) values (81, 'Zooveo', '9 Meadow Ridge Terrace', 'novenden28@naver.com', '564-636-0067');
insert into Publisher (PublisherID, PublisherName, Address, Email, PhoneNumber) values (82, 'Skyble', '2016 Becker Avenue', 'fsomerton29@chron.com', '112-625-8505');
insert into Publisher (PublisherID, PublisherName, Address, Email, PhoneNumber) values (83, 'Zoovu', '2 Spohn Alley', 'mcalwell2a@wisc.edu', '149-432-8108');
insert into Publisher (PublisherID, PublisherName, Address, Email, PhoneNumber) values (84, 'Edgeify', '620 Bartillon Center', 'mwhorall2b@google.com.au', '856-491-9467');
insert into Publisher (PublisherID, PublisherName, Address, Email, PhoneNumber) values (85, 'Zoomzone', '296 Sherman Trail', 'mpetrillo2c@chronoengine.com', '693-157-4668');
insert into Publisher (PublisherID, PublisherName, Address, Email, PhoneNumber) values (86, 'Blogtag', '47387 Dottie Way', 'lpossa2d@spotify.com', '286-652-9302');
insert into Publisher (PublisherID, PublisherName, Address, Email, PhoneNumber) values (87, 'Oodoo', '523 Namekagon Park', 'cmcanalley2e@noaa.gov', '370-986-9680');
insert into Publisher (PublisherID, PublisherName, Address, Email, PhoneNumber) values (88, 'Innojam', '0 Village Green Way', 'pgallymore2f@bloomberg.com', '102-542-1894');
insert into Publisher (PublisherID, PublisherName, Address, Email, PhoneNumber) values (89, 'Chatterbridge', '9771 New Castle Trail', 'hparminter2g@webeden.co.uk', '276-995-9085');
insert into Publisher (PublisherID, PublisherName, Address, Email, PhoneNumber) values (90, 'Realbridge', '7216 Towne Crossing', 'vfareweather2h@youtube.com', '913-866-6841');
insert into Publisher (PublisherID, PublisherName, Address, Email, PhoneNumber) values (91, 'Flipstorm', '5 Shoshone Court', 'tmaletratt2i@purevolume.com', '230-477-9895');
insert into Publisher (PublisherID, PublisherName, Address, Email, PhoneNumber) values (92, 'Minyx', '75300 Drewry Avenue', 'jahrens2j@cam.ac.uk', '567-207-7814');
insert into Publisher (PublisherID, PublisherName, Address, Email, PhoneNumber) values (93, 'Chatterbridge', '9 Vera Alley', 'bhadeke2k@nasa.gov', '324-596-1786');
insert into Publisher (PublisherID, PublisherName, Address, Email, PhoneNumber) values (94, 'Meedoo', '246 Prentice Point', 'mmaylour2l@phoca.cz', '958-422-2316');
insert into Publisher (PublisherID, PublisherName, Address, Email, PhoneNumber) values (95, 'Ooba', '4685 Kingsford Terrace', 'rbaudrey2m@nyu.edu', '223-427-7886');
insert into Publisher (PublisherID, PublisherName, Address, Email, PhoneNumber) values (96, 'Quatz', '26615 Center Point', 'scampa2n@bing.com', '751-888-1291');
insert into Publisher (PublisherID, PublisherName, Address, Email, PhoneNumber) values (97, 'Twitterworks', '41187 Graceland Point', 'bdouche2o@deliciousdays.com', '826-582-1535');
insert into Publisher (PublisherID, PublisherName, Address, Email, PhoneNumber) values (98, 'Zoomlounge', '20165 Northridge Road', 'dpeniello2p@sourceforge.net', '482-844-1367');
insert into Publisher (PublisherID, PublisherName, Address, Email, PhoneNumber) values (99, 'Flashset', '1 Mosinee Junction', 'rlates2q@huffingtonpost.com', '262-794-5192');
insert into Publisher (PublisherID, PublisherName, Address, Email, PhoneNumber) values (100, 'Youopia', '91 Northfield Hill', 'seagling2r@google.ru', '262-868-8151');

insert into Book (BookID, BookName, Quantity, CategoryID, AuthorID, PublisherID, PublishedYear) values (1, 'Do You Remember Dolly Bell? (Sjecas li se, Dolly Bell)', 20, 7, 141, 47, 2005);
insert into Book (BookID, BookName, Quantity, CategoryID, AuthorID, PublisherID, PublishedYear) values (2, 'Last Run, The', 37, 9, 159, 60, 2005);
insert into Book (BookID, BookName, Quantity, CategoryID, AuthorID, PublisherID, PublishedYear) values (3, 'Grbavica: The Land of My Dreams (Grbavica)', 7, 3, 10, 14, 2008);
insert into Book (BookID, BookName, Quantity, CategoryID, AuthorID, PublisherID, PublishedYear) values (4, 'Take Me Home', 40, 9, 71, 4, 2007);
insert into Book (BookID, BookName, Quantity, CategoryID, AuthorID, PublisherID, PublishedYear) values (5, 'Strange Little Cat, The (Das merkwrdige Ktzchen)', 30, 9, 42, 83, 1985);
insert into Book (BookID, BookName, Quantity, CategoryID, AuthorID, PublisherID, PublishedYear) values (6, 'Day of the Doctor, The', 17, 10, 192, 15, 2010);
insert into Book (BookID, BookName, Quantity, CategoryID, AuthorID, PublisherID, PublishedYear) values (7, '$ellebrity (Sellebrity)', 42, 10, 42, 55, 1987);
insert into Book (BookID, BookName, Quantity, CategoryID, AuthorID, PublisherID, PublishedYear) values (8, 'Bell for Adano, A (John Hersey''s A Bell for Adano)', 43, 9, 198, 39, 2002);
insert into Book (BookID, BookName, Quantity, CategoryID, AuthorID, PublisherID, PublishedYear) values (9, 'Streaks, The (Pregi)', 24, 6, 97, 10, 2006);
insert into Book (BookID, BookName, Quantity, CategoryID, AuthorID, PublisherID, PublishedYear) values (10, 'And Everything Is Going Fine', 24, 8, 72, 76, 2006);
insert into Book (BookID, BookName, Quantity, CategoryID, AuthorID, PublisherID, PublishedYear) values (11, 'Apartment 4E ', 43, 6, 52, 36, 2006);
insert into Book (BookID, BookName, Quantity, CategoryID, AuthorID, PublisherID, PublishedYear) values (12, 'Fermat''s Room (La habitacin de Fermat)', 3, 6, 28, 78, 1970);
insert into Book (BookID, BookName, Quantity, CategoryID, AuthorID, PublisherID, PublishedYear) values (13, 'Zombie Strippers!', 30, 1, 137, 76, 2002);
insert into Book (BookID, BookName, Quantity, CategoryID, AuthorID, PublisherID, PublishedYear) values (14, 'Making of a Legend: Gone with the Wind, The', 9, 8, 65, 27, 2013);
insert into Book (BookID, BookName, Quantity, CategoryID, AuthorID, PublisherID, PublishedYear) values (15, 'Blood and Chocolate', 39, 4, 132, 50, 2006);
insert into Book (BookID, BookName, Quantity, CategoryID, AuthorID, PublisherID, PublishedYear) values (16, 'The Floating Castle', 11, 4, 106, 94, 1993);
insert into Book (BookID, BookName, Quantity, CategoryID, AuthorID, PublisherID, PublishedYear) values (17, 'Dog Days (Hundstage)', 34, 3, 68, 32, 1994);
insert into Book (BookID, BookName, Quantity, CategoryID, AuthorID, PublisherID, PublishedYear) values (18, 'Ouch (Ae)', 36, 9, 46, 8, 1995);
insert into Book (BookID, BookName, Quantity, CategoryID, AuthorID, PublisherID, PublishedYear) values (19, 'Who''s Harry Crumb?', 5, 6, 49, 86, 2011);
insert into Book (BookID, BookName, Quantity, CategoryID, AuthorID, PublisherID, PublishedYear) values (20, 'Tammy and the T-Rex', 44, 6, 190, 28, 1997);
insert into Book (BookID, BookName, Quantity, CategoryID, AuthorID, PublisherID, PublishedYear) values (21, 'Breakout', 31, 3, 158, 40, 1959);
insert into Book (BookID, BookName, Quantity, CategoryID, AuthorID, PublisherID, PublishedYear) values (22, 'Wing and a Prayer', 37, 4, 190, 8, 2006);
insert into Book (BookID, BookName, Quantity, CategoryID, AuthorID, PublisherID, PublishedYear) values (23, 'Stepdaughter, The', 6, 9, 53, 95, 2012);
insert into Book (BookID, BookName, Quantity, CategoryID, AuthorID, PublisherID, PublishedYear) values (24, 'Three Degrees Colder (3 klter)', 6, 4, 65, 92, 1992);
insert into Book (BookID, BookName, Quantity, CategoryID, AuthorID, PublisherID, PublishedYear) values (25, 'First Snow', 22, 10, 74, 44, 2007);
insert into Book (BookID, BookName, Quantity, CategoryID, AuthorID, PublisherID, PublishedYear) values (26, 'Wolves', 48, 1, 19, 8, 1995);
insert into Book (BookID, BookName, Quantity, CategoryID, AuthorID, PublisherID, PublishedYear) values (27, 'List of Adrian Messenger, The', 38, 8, 107, 48, 1992);
insert into Book (BookID, BookName, Quantity, CategoryID, AuthorID, PublisherID, PublishedYear) values (28, 'Riff-Raff', 1, 8, 133, 68, 1997);
insert into Book (BookID, BookName, Quantity, CategoryID, AuthorID, PublisherID, PublishedYear) values (29, 'Evidence of Blood', 40, 4, 42, 76, 2009);
insert into Book (BookID, BookName, Quantity, CategoryID, AuthorID, PublisherID, PublishedYear) values (30, 'My Childhood', 4, 5, 73, 27, 1992);
insert into Book (BookID, BookName, Quantity, CategoryID, AuthorID, PublisherID, PublishedYear) values (31, 'Human Factor, The', 24, 2, 165, 20, 1997);
insert into Book (BookID, BookName, Quantity, CategoryID, AuthorID, PublisherID, PublishedYear) values (32, 'Open Heart', 23, 9, 96, 7, 2011);
insert into Book (BookID, BookName, Quantity, CategoryID, AuthorID, PublisherID, PublishedYear) values (33, 'Woman in the Fifth, The (Femme du Vme, La)', 4, 6, 192, 92, 2001);
insert into Book (BookID, BookName, Quantity, CategoryID, AuthorID, PublisherID, PublishedYear) values (34, 'Bedazzled', 25, 1, 58, 32, 2009);
insert into Book (BookID, BookName, Quantity, CategoryID, AuthorID, PublisherID, PublishedYear) values (35, 'Scrooge', 43, 8, 180, 66, 2003);
insert into Book (BookID, BookName, Quantity, CategoryID, AuthorID, PublisherID, PublishedYear) values (36, 'The Legend of Awesomest Maximus', 2, 4, 60, 3, 2003);
insert into Book (BookID, BookName, Quantity, CategoryID, AuthorID, PublisherID, PublishedYear) values (37, 'Road to Rio', 28, 10, 193, 33, 2004);
insert into Book (BookID, BookName, Quantity, CategoryID, AuthorID, PublisherID, PublishedYear) values (38, 'Death Watch (La Mort en Direct)', 12, 4, 152, 24, 2012);
insert into Book (BookID, BookName, Quantity, CategoryID, AuthorID, PublisherID, PublishedYear) values (39, 'Program, The', 21, 9, 30, 73, 1966);
insert into Book (BookID, BookName, Quantity, CategoryID, AuthorID, PublisherID, PublishedYear) values (40, 'Eddie Izzard: Glorious', 33, 5, 85, 92, 2005);
insert into Book (BookID, BookName, Quantity, CategoryID, AuthorID, PublisherID, PublishedYear) values (41, 'Chicago 10', 48, 10, 175, 54, 2005);
insert into Book (BookID, BookName, Quantity, CategoryID, AuthorID, PublisherID, PublishedYear) values (42, 'Frankenstein Syndrome, The', 18, 2, 162, 36, 1994);
insert into Book (BookID, BookName, Quantity, CategoryID, AuthorID, PublisherID, PublishedYear) values (43, 'All Relative', 30, 2, 117, 14, 1966);
insert into Book (BookID, BookName, Quantity, CategoryID, AuthorID, PublisherID, PublishedYear) values (44, 'Modern Boy (Modeon boi)', 25, 1, 8, 69, 2012);
insert into Book (BookID, BookName, Quantity, CategoryID, AuthorID, PublisherID, PublishedYear) values (45, 'Tusk', 43, 10, 162, 71, 1966);
insert into Book (BookID, BookName, Quantity, CategoryID, AuthorID, PublisherID, PublishedYear) values (46, 'Dungeon Masters, The', 9, 1, 80, 59, 2010);
insert into Book (BookID, BookName, Quantity, CategoryID, AuthorID, PublisherID, PublishedYear) values (47, '976-EVIL', 14, 9, 189, 10, 2007);
insert into Book (BookID, BookName, Quantity, CategoryID, AuthorID, PublisherID, PublishedYear) values (48, 'Cat Came Back, The', 9, 4, 65, 18, 1999);
insert into Book (BookID, BookName, Quantity, CategoryID, AuthorID, PublisherID, PublishedYear) values (49, '30 Years to Life', 18, 7, 159, 59, 2012);
insert into Book (BookID, BookName, Quantity, CategoryID, AuthorID, PublisherID, PublishedYear) values (50, 'Nada Gang, The (Nada)', 13, 9, 135, 1, 1999);
insert into Book (BookID, BookName, Quantity, CategoryID, AuthorID, PublisherID, PublishedYear) values (51, 'Fall of the Roman Empire, The', 26, 9, 85, 96, 2006);
insert into Book (BookID, BookName, Quantity, CategoryID, AuthorID, PublisherID, PublishedYear) values (52, 'Candleshoe', 36, 6, 31, 68, 1982);
insert into Book (BookID, BookName, Quantity, CategoryID, AuthorID, PublisherID, PublishedYear) values (53, 'Street Thief', 44, 10, 77, 11, 2002);
insert into Book (BookID, BookName, Quantity, CategoryID, AuthorID, PublisherID, PublishedYear) values (54, 'Birdy', 7, 7, 132, 93, 2009);
insert into Book (BookID, BookName, Quantity, CategoryID, AuthorID, PublisherID, PublishedYear) values (55, 'Bonfire of the Vanities', 42, 6, 43, 76, 2004);
insert into Book (BookID, BookName, Quantity, CategoryID, AuthorID, PublisherID, PublishedYear) values (56, 'We Live in Public', 16, 6, 34, 65, 2011);
insert into Book (BookID, BookName, Quantity, CategoryID, AuthorID, PublisherID, PublishedYear) values (57, 'Union Square', 8, 8, 67, 24, 1999);
insert into Book (BookID, BookName, Quantity, CategoryID, AuthorID, PublisherID, PublishedYear) values (58, 'Panic', 42, 1, 137, 28, 2006);
insert into Book (BookID, BookName, Quantity, CategoryID, AuthorID, PublisherID, PublishedYear) values (59, 'Yellow Cab Man, The', 32, 9, 65, 60, 2002);
insert into Book (BookID, BookName, Quantity, CategoryID, AuthorID, PublisherID, PublishedYear) values (60, 'New York: A Documentary Film', 45, 6, 68, 93, 1997);
insert into Book (BookID, BookName, Quantity, CategoryID, AuthorID, PublisherID, PublishedYear) values (61, 'Sudden Death', 39, 7, 21, 35, 1999);
insert into Book (BookID, BookName, Quantity, CategoryID, AuthorID, PublisherID, PublishedYear) values (62, 'Man from Planet X, The', 39, 4, 182, 88, 1996);
insert into Book (BookID, BookName, Quantity, CategoryID, AuthorID, PublisherID, PublishedYear) values (63, 'Noah''s Ark', 49, 5, 198, 12, 2009);
insert into Book (BookID, BookName, Quantity, CategoryID, AuthorID, PublisherID, PublishedYear) values (64, 'Twilight Saga: Breaking Dawn - Part 1, The', 49, 1, 6, 99, 1987);
insert into Book (BookID, BookName, Quantity, CategoryID, AuthorID, PublisherID, PublishedYear) values (65, 'Murderous Maids (Blessures assassines, Les)', 18, 4, 152, 30, 2000);
insert into Book (BookID, BookName, Quantity, CategoryID, AuthorID, PublisherID, PublishedYear) values (66, 'Prime Suspect 7: The Final Act', 39, 4, 60, 28, 2002);
insert into Book (BookID, BookName, Quantity, CategoryID, AuthorID, PublisherID, PublishedYear) values (67, 'Expelled from Paradise', 10, 2, 110, 10, 1989);
insert into Book (BookID, BookName, Quantity, CategoryID, AuthorID, PublisherID, PublishedYear) values (68, 'Absent (Ausente)', 25, 8, 53, 95, 2003);
insert into Book (BookID, BookName, Quantity, CategoryID, AuthorID, PublisherID, PublishedYear) values (69, 'Incubus', 33, 10, 73, 23, 2008);
insert into Book (BookID, BookName, Quantity, CategoryID, AuthorID, PublisherID, PublishedYear) values (70, 'Most Wanted', 14, 1, 35, 99, 1985);
insert into Book (BookID, BookName, Quantity, CategoryID, AuthorID, PublisherID, PublishedYear) values (71, 'Shadowlands', 10, 1, 142, 28, 1993);
insert into Book (BookID, BookName, Quantity, CategoryID, AuthorID, PublisherID, PublishedYear) values (72, 'Cry Freedom', 12, 3, 67, 25, 1999);
insert into Book (BookID, BookName, Quantity, CategoryID, AuthorID, PublisherID, PublishedYear) values (73, 'Summer and Smoke', 29, 7, 167, 62, 2006);
insert into Book (BookID, BookName, Quantity, CategoryID, AuthorID, PublisherID, PublishedYear) values (74, 'Method, The (Mtodo, El)', 41, 10, 152, 29, 2011);
insert into Book (BookID, BookName, Quantity, CategoryID, AuthorID, PublisherID, PublishedYear) values (75, 'What Did the Lady Forget? (Shukujo wa nani o wasureta ka) ', 20, 6, 98, 74, 2006);
insert into Book (BookID, BookName, Quantity, CategoryID, AuthorID, PublisherID, PublishedYear) values (76, 'Poto and Cabengo', 45, 4, 54, 44, 2001);
insert into Book (BookID, BookName, Quantity, CategoryID, AuthorID, PublisherID, PublishedYear) values (77, 'Homecoming, The', 30, 5, 103, 70, 2006);
insert into Book (BookID, BookName, Quantity, CategoryID, AuthorID, PublisherID, PublishedYear) values (78, 'Without Warning (a.k.a. Alien Warning) (a.k.a. It Came Without Warning)', 47, 1, 111, 18, 1994);
insert into Book (BookID, BookName, Quantity, CategoryID, AuthorID, PublisherID, PublishedYear) values (79, 'Apart from You (After Our Separation) (Kimi to wakarete)', 39, 2, 171, 17, 2001);
insert into Book (BookID, BookName, Quantity, CategoryID, AuthorID, PublisherID, PublishedYear) values (80, 'Kansas', 13, 6, 33, 19, 2009);
insert into Book (BookID, BookName, Quantity, CategoryID, AuthorID, PublisherID, PublishedYear) values (81, 'Splitting Heirs', 23, 4, 74, 90, 1997);
insert into Book (BookID, BookName, Quantity, CategoryID, AuthorID, PublisherID, PublishedYear) values (82, 'Heima', 44, 9, 51, 72, 2006);
insert into Book (BookID, BookName, Quantity, CategoryID, AuthorID, PublisherID, PublishedYear) values (83, 'Jesus Is a Palestinian (Jezus is een Palestijn)', 41, 5, 1, 20, 2009);
insert into Book (BookID, BookName, Quantity, CategoryID, AuthorID, PublisherID, PublishedYear) values (84, 'Dick Tracy vs. Cueball', 43, 2, 24, 92, 1984);
insert into Book (BookID, BookName, Quantity, CategoryID, AuthorID, PublisherID, PublishedYear) values (85, 'Blackballed: The Bobby Dukes Story', 12, 4, 184, 12, 1991);
insert into Book (BookID, BookName, Quantity, CategoryID, AuthorID, PublisherID, PublishedYear) values (86, 'Ghost Town', 34, 5, 144, 27, 1994);
insert into Book (BookID, BookName, Quantity, CategoryID, AuthorID, PublisherID, PublishedYear) values (87, 'Capture of Bigfoot, The', 9, 10, 132, 93, 2006);
insert into Book (BookID, BookName, Quantity, CategoryID, AuthorID, PublisherID, PublishedYear) values (88, 'Windows', 26, 8, 82, 45, 1996);
insert into Book (BookID, BookName, Quantity, CategoryID, AuthorID, PublisherID, PublishedYear) values (89, 'Tinker Bell and the Lost Treasure', 26, 5, 21, 32, 1995);
insert into Book (BookID, BookName, Quantity, CategoryID, AuthorID, PublisherID, PublishedYear) values (90, 'My Friends (Amici miei)', 25, 1, 28, 76, 2010);
insert into Book (BookID, BookName, Quantity, CategoryID, AuthorID, PublisherID, PublishedYear) values (91, 'WarGames', 11, 3, 163, 17, 2012);
insert into Book (BookID, BookName, Quantity, CategoryID, AuthorID, PublisherID, PublishedYear) values (92, 'Crossover', 45, 5, 23, 61, 1994);
insert into Book (BookID, BookName, Quantity, CategoryID, AuthorID, PublisherID, PublishedYear) values (93, 'Hustle', 23, 4, 22, 30, 1993);
insert into Book (BookID, BookName, Quantity, CategoryID, AuthorID, PublisherID, PublishedYear) values (94, 'Tarzan''s Secret Treasure', 1, 2, 128, 79, 1968);
insert into Book (BookID, BookName, Quantity, CategoryID, AuthorID, PublisherID, PublishedYear) values (95, 'Undefeated', 5, 5, 66, 25, 2000);
insert into Book (BookID, BookName, Quantity, CategoryID, AuthorID, PublisherID, PublishedYear) values (96, 'Sophia de Mello Breyner Andresen', 22, 4, 1, 52, 2005);
insert into Book (BookID, BookName, Quantity, CategoryID, AuthorID, PublisherID, PublishedYear) values (97, 'Sex of Angels, The (El sexo de los ngeles)', 17, 10, 1, 82, 1999);
insert into Book (BookID, BookName, Quantity, CategoryID, AuthorID, PublisherID, PublishedYear) values (98, 'Special Forces (Forces spciales)', 1, 4, 79, 13, 2005);
insert into Book (BookID, BookName, Quantity, CategoryID, AuthorID, PublisherID, PublishedYear) values (99, 'Murder in the First', 14, 9, 79, 38, 2008);
insert into Book (BookID, BookName, Quantity, CategoryID, AuthorID, PublisherID, PublishedYear) values (100, 'Man Who Saw Tomorrow, The', 2, 2, 157, 10, 2010);
insert into Book (BookID, BookName, Quantity, CategoryID, AuthorID, PublisherID, PublishedYear) values (101, 'Arabesque', 2, 4, 28, 47, 2011);
insert into Book (BookID, BookName, Quantity, CategoryID, AuthorID, PublisherID, PublishedYear) values (102, 'Someone Like Him (Einer wie Bruno)', 26, 2, 40, 93, 2009);
insert into Book (BookID, BookName, Quantity, CategoryID, AuthorID, PublisherID, PublishedYear) values (103, 'This Gun for Hire', 26, 4, 149, 38, 2007);
insert into Book (BookID, BookName, Quantity, CategoryID, AuthorID, PublisherID, PublishedYear) values (104, 'Dragon (Wu Xia)', 44, 9, 60, 68, 2004);
insert into Book (BookID, BookName, Quantity, CategoryID, AuthorID, PublisherID, PublishedYear) values (105, 'Day of the Falcon', 10, 3, 135, 38, 1997);
insert into Book (BookID, BookName, Quantity, CategoryID, AuthorID, PublisherID, PublishedYear) values (106, 'Men in Black III (M.III.B.) (M.I.B.)', 4, 8, 176, 1, 1994);
insert into Book (BookID, BookName, Quantity, CategoryID, AuthorID, PublisherID, PublishedYear) values (107, 'American Ninja 3: Blood Hunt', 27, 10, 94, 26, 1993);
insert into Book (BookID, BookName, Quantity, CategoryID, AuthorID, PublisherID, PublishedYear) values (108, 'Miss Violence', 35, 1, 121, 41, 2005);
insert into Book (BookID, BookName, Quantity, CategoryID, AuthorID, PublisherID, PublishedYear) values (109, 'Planet 51', 20, 10, 192, 40, 2008);
insert into Book (BookID, BookName, Quantity, CategoryID, AuthorID, PublisherID, PublishedYear) values (110, 'Four Friends (a.k.a. Georgia''s Friends)', 49, 1, 94, 60, 2005);
insert into Book (BookID, BookName, Quantity, CategoryID, AuthorID, PublisherID, PublishedYear) values (111, 'Hellraiser: Deader', 48, 1, 107, 63, 2007);
insert into Book (BookID, BookName, Quantity, CategoryID, AuthorID, PublisherID, PublishedYear) values (112, 'Like Water for Chocolate (Como agua para chocolate)', 9, 6, 166, 90, 1993);
insert into Book (BookID, BookName, Quantity, CategoryID, AuthorID, PublisherID, PublishedYear) values (113, 'Wedding Director, The (Il regista di matrimoni)', 13, 9, 93, 85, 2005);
insert into Book (BookID, BookName, Quantity, CategoryID, AuthorID, PublisherID, PublishedYear) values (114, 'Glass Menagerie, The', 32, 2, 11, 80, 2000);
insert into Book (BookID, BookName, Quantity, CategoryID, AuthorID, PublisherID, PublishedYear) values (115, 'Hostel', 27, 7, 120, 40, 1994);
insert into Book (BookID, BookName, Quantity, CategoryID, AuthorID, PublisherID, PublishedYear) values (116, 'Being John Malkovich', 13, 2, 5, 77, 1993);
insert into Book (BookID, BookName, Quantity, CategoryID, AuthorID, PublisherID, PublishedYear) values (117, 'Arabian Nights (Il fiore delle mille e una notte)', 39, 10, 136, 4, 1992);
insert into Book (BookID, BookName, Quantity, CategoryID, AuthorID, PublisherID, PublishedYear) values (118, 'Dear Brigitte', 41, 7, 53, 94, 2010);
insert into Book (BookID, BookName, Quantity, CategoryID, AuthorID, PublisherID, PublishedYear) values (119, 'No Such Thing', 4, 4, 191, 37, 2003);
insert into Book (BookID, BookName, Quantity, CategoryID, AuthorID, PublisherID, PublishedYear) values (120, 'Dr. Cyclops', 22, 2, 69, 12, 2006);
insert into Book (BookID, BookName, Quantity, CategoryID, AuthorID, PublisherID, PublishedYear) values (121, 'Foxfire', 36, 2, 85, 92, 1999);
insert into Book (BookID, BookName, Quantity, CategoryID, AuthorID, PublisherID, PublishedYear) values (122, 'Contender, The', 5, 5, 28, 52, 2004);
insert into Book (BookID, BookName, Quantity, CategoryID, AuthorID, PublisherID, PublishedYear) values (123, 'The Secret Country: The First Australians Fight Back', 45, 10, 120, 30, 1992);
insert into Book (BookID, BookName, Quantity, CategoryID, AuthorID, PublisherID, PublishedYear) values (124, 'Signs & Wonders', 38, 2, 125, 28, 1998);
insert into Book (BookID, BookName, Quantity, CategoryID, AuthorID, PublisherID, PublishedYear) values (125, 'Iron Jawed Angels', 14, 9, 35, 30, 1992);
insert into Book (BookID, BookName, Quantity, CategoryID, AuthorID, PublisherID, PublishedYear) values (126, 'In a Lonely Place', 19, 4, 138, 4, 2011);
insert into Book (BookID, BookName, Quantity, CategoryID, AuthorID, PublisherID, PublishedYear) values (127, 'Gore Gore Girls, The', 17, 6, 119, 8, 1995);
insert into Book (BookID, BookName, Quantity, CategoryID, AuthorID, PublisherID, PublishedYear) values (128, 'Road Hard', 41, 8, 125, 48, 2002);
insert into Book (BookID, BookName, Quantity, CategoryID, AuthorID, PublisherID, PublishedYear) values (129, 'Objective, The', 37, 10, 106, 71, 2003);
insert into Book (BookID, BookName, Quantity, CategoryID, AuthorID, PublisherID, PublishedYear) values (130, 'Afflicted, The', 32, 10, 65, 48, 2002);
insert into Book (BookID, BookName, Quantity, CategoryID, AuthorID, PublisherID, PublishedYear) values (131, 'Evil Under the Sun', 11, 9, 22, 92, 1995);
insert into Book (BookID, BookName, Quantity, CategoryID, AuthorID, PublisherID, PublishedYear) values (132, 'Is the Man Who Is Tall Happy?', 14, 3, 72, 39, 2011);
insert into Book (BookID, BookName, Quantity, CategoryID, AuthorID, PublisherID, PublishedYear) values (133, 'Farewell, My Lovely', 11, 3, 104, 27, 2011);
insert into Book (BookID, BookName, Quantity, CategoryID, AuthorID, PublisherID, PublishedYear) values (134, 'Buttcrack', 36, 4, 146, 98, 2010);
insert into Book (BookID, BookName, Quantity, CategoryID, AuthorID, PublisherID, PublishedYear) values (135, 'Violin, El', 24, 1, 154, 41, 1998);
insert into Book (BookID, BookName, Quantity, CategoryID, AuthorID, PublisherID, PublishedYear) values (136, 'All the Vermeers in New York', 39, 3, 152, 37, 1991);
insert into Book (BookID, BookName, Quantity, CategoryID, AuthorID, PublisherID, PublishedYear) values (137, 'Aileen: Life and Death of a Serial Killer', 10, 2, 96, 48, 2010);
insert into Book (BookID, BookName, Quantity, CategoryID, AuthorID, PublisherID, PublishedYear) values (138, 'Mabel''s Married Life', 9, 5, 184, 32, 2011);
insert into Book (BookID, BookName, Quantity, CategoryID, AuthorID, PublisherID, PublishedYear) values (139, 'How to Seduce Difficult Women', 49, 6, 4, 95, 2005);
insert into Book (BookID, BookName, Quantity, CategoryID, AuthorID, PublisherID, PublishedYear) values (140, 'The Gentleman from Epsom', 40, 8, 177, 44, 2004);
insert into Book (BookID, BookName, Quantity, CategoryID, AuthorID, PublisherID, PublishedYear) values (141, 'Ricky Rapper and the Bicycle Thief (Risto Rppj ja polkupyrvaras)', 16, 6, 107, 62, 2005);
insert into Book (BookID, BookName, Quantity, CategoryID, AuthorID, PublisherID, PublishedYear) values (142, 'Supernova', 41, 9, 141, 29, 1998);
insert into Book (BookID, BookName, Quantity, CategoryID, AuthorID, PublisherID, PublishedYear) values (143, 'The Admirable Crichton', 15, 9, 79, 70, 1993);
insert into Book (BookID, BookName, Quantity, CategoryID, AuthorID, PublisherID, PublishedYear) values (144, 'Fast Food Nation', 25, 8, 75, 73, 2001);
insert into Book (BookID, BookName, Quantity, CategoryID, AuthorID, PublisherID, PublishedYear) values (145, 'Haunting in Connecticut, The', 12, 4, 152, 67, 2006);
insert into Book (BookID, BookName, Quantity, CategoryID, AuthorID, PublisherID, PublishedYear) values (146, 'Desperate Hours, The', 39, 10, 144, 24, 1967);
insert into Book (BookID, BookName, Quantity, CategoryID, AuthorID, PublisherID, PublishedYear) values (147, 'Dr. Seuss'' The Lorax', 10, 1, 99, 35, 2003);
insert into Book (BookID, BookName, Quantity, CategoryID, AuthorID, PublisherID, PublishedYear) values (148, 'Mandingo', 17, 4, 78, 67, 2000);
insert into Book (BookID, BookName, Quantity, CategoryID, AuthorID, PublisherID, PublishedYear) values (149, 'Taxi Driver', 24, 8, 156, 89, 2007);
insert into Book (BookID, BookName, Quantity, CategoryID, AuthorID, PublisherID, PublishedYear) values (150, 'Inkheart', 24, 10, 76, 55, 1987);
insert into Book (BookID, BookName, Quantity, CategoryID, AuthorID, PublisherID, PublishedYear) values (151, '10 to Midnight', 7, 10, 39, 90, 2000);
insert into Book (BookID, BookName, Quantity, CategoryID, AuthorID, PublisherID, PublishedYear) values (152, 'Breaking Point', 6, 4, 44, 42, 2012);
insert into Book (BookID, BookName, Quantity, CategoryID, AuthorID, PublisherID, PublishedYear) values (153, 'Beyond the Black Rainbow', 1, 1, 191, 34, 1989);
insert into Book (BookID, BookName, Quantity, CategoryID, AuthorID, PublisherID, PublishedYear) values (154, 'Mr. Moto in Danger Island', 17, 1, 92, 55, 1999);
insert into Book (BookID, BookName, Quantity, CategoryID, AuthorID, PublisherID, PublishedYear) values (155, 'Swarm, The', 35, 8, 150, 5, 2006);
insert into Book (BookID, BookName, Quantity, CategoryID, AuthorID, PublisherID, PublishedYear) values (156, 'Manta - Der Film', 16, 7, 105, 41, 1998);
insert into Book (BookID, BookName, Quantity, CategoryID, AuthorID, PublisherID, PublishedYear) values (157, 'Bart Got a Room', 34, 4, 48, 50, 2006);
insert into Book (BookID, BookName, Quantity, CategoryID, AuthorID, PublisherID, PublishedYear) values (158, 'My Old Lady', 33, 6, 81, 66, 2011);
insert into Book (BookID, BookName, Quantity, CategoryID, AuthorID, PublisherID, PublishedYear) values (159, 'Paimen, piika ja emnt', 32, 6, 192, 19, 2012);
insert into Book (BookID, BookName, Quantity, CategoryID, AuthorID, PublisherID, PublishedYear) values (160, 'Big Pun: The Legacy', 14, 1, 112, 1, 1992);
insert into Book (BookID, BookName, Quantity, CategoryID, AuthorID, PublisherID, PublishedYear) values (161, 'Romance of Astrea and Celadon, The (Les amours d''Astre et de Cladon)', 7, 3, 108, 48, 2007);
insert into Book (BookID, BookName, Quantity, CategoryID, AuthorID, PublisherID, PublishedYear) values (162, 'A Chairy Tale', 9, 7, 191, 60, 2008);
insert into Book (BookID, BookName, Quantity, CategoryID, AuthorID, PublisherID, PublishedYear) values (163, 'Diary of a Wimpy Kid: Dog Days', 43, 9, 73, 47, 1986);
insert into Book (BookID, BookName, Quantity, CategoryID, AuthorID, PublisherID, PublishedYear) values (164, 'Day in the Life, A', 34, 10, 146, 100, 1999);
insert into Book (BookID, BookName, Quantity, CategoryID, AuthorID, PublisherID, PublishedYear) values (165, 'D3: The Mighty Ducks', 7, 8, 3, 53, 1996);
insert into Book (BookID, BookName, Quantity, CategoryID, AuthorID, PublisherID, PublishedYear) values (166, 'Swept Away', 4, 8, 26, 24, 2001);
insert into Book (BookID, BookName, Quantity, CategoryID, AuthorID, PublisherID, PublishedYear) values (167, 'Predator', 4, 6, 33, 49, 2008);
insert into Book (BookID, BookName, Quantity, CategoryID, AuthorID, PublisherID, PublishedYear) values (168, 'Dive! (Dive!: Living off America''s Waste)', 7, 9, 51, 58, 1989);
insert into Book (BookID, BookName, Quantity, CategoryID, AuthorID, PublisherID, PublishedYear) values (169, 'Backlight', 32, 9, 23, 94, 2002);
insert into Book (BookID, BookName, Quantity, CategoryID, AuthorID, PublisherID, PublishedYear) values (170, 'Querelle', 50, 9, 18, 15, 2012);
insert into Book (BookID, BookName, Quantity, CategoryID, AuthorID, PublisherID, PublishedYear) values (171, 'Ollin oppivuodet', 44, 5, 164, 34, 1993);
insert into Book (BookID, BookName, Quantity, CategoryID, AuthorID, PublisherID, PublishedYear) values (172, 'Crocodile Dundee II', 42, 9, 168, 65, 1993);
insert into Book (BookID, BookName, Quantity, CategoryID, AuthorID, PublisherID, PublishedYear) values (173, 'Hell''s Highway: The True Story of Highway Safety Films', 26, 2, 152, 33, 2004);
insert into Book (BookID, BookName, Quantity, CategoryID, AuthorID, PublisherID, PublishedYear) values (174, 'Mother Lode', 1, 3, 106, 46, 2011);
insert into Book (BookID, BookName, Quantity, CategoryID, AuthorID, PublisherID, PublishedYear) values (175, 'Allegheny Uprising', 28, 10, 90, 17, 2001);
insert into Book (BookID, BookName, Quantity, CategoryID, AuthorID, PublisherID, PublishedYear) values (176, 'Before the Fall (NaPolA - Elite fr den Fhrer)', 10, 2, 94, 57, 2010);
insert into Book (BookID, BookName, Quantity, CategoryID, AuthorID, PublisherID, PublishedYear) values (177, 'Koko, a Talking Gorilla', 41, 10, 149, 63, 2004);
insert into Book (BookID, BookName, Quantity, CategoryID, AuthorID, PublisherID, PublishedYear) values (178, 'Caravaggio', 11, 2, 179, 77, 2009);
insert into Book (BookID, BookName, Quantity, CategoryID, AuthorID, PublisherID, PublishedYear) values (179, 'End of the Affair, The', 46, 10, 100, 58, 1995);
insert into Book (BookID, BookName, Quantity, CategoryID, AuthorID, PublisherID, PublishedYear) values (180, 'Work of Director Michel Gondry, The', 31, 2, 27, 85, 2012);
insert into Book (BookID, BookName, Quantity, CategoryID, AuthorID, PublisherID, PublishedYear) values (181, 'a/k/a Tommy Chong', 20, 9, 173, 7, 1996);
insert into Book (BookID, BookName, Quantity, CategoryID, AuthorID, PublisherID, PublishedYear) values (182, 'Aprile', 8, 10, 1, 69, 1987);
insert into Book (BookID, BookName, Quantity, CategoryID, AuthorID, PublisherID, PublishedYear) values (183, 'Pure One (Pakeezah)', 19, 2, 67, 1, 2000);
insert into Book (BookID, BookName, Quantity, CategoryID, AuthorID, PublisherID, PublishedYear) values (184, 'Story of Me, The (O contador de histrias)', 14, 10, 6, 97, 1999);
insert into Book (BookID, BookName, Quantity, CategoryID, AuthorID, PublisherID, PublishedYear) values (185, 'Profit, The', 24, 1, 47, 75, 1996);
insert into Book (BookID, BookName, Quantity, CategoryID, AuthorID, PublisherID, PublishedYear) values (186, 'Just Visiting', 31, 7, 26, 51, 1991);
insert into Book (BookID, BookName, Quantity, CategoryID, AuthorID, PublisherID, PublishedYear) values (187, 'Brother (Hermano)', 42, 2, 199, 82, 2012);
insert into Book (BookID, BookName, Quantity, CategoryID, AuthorID, PublisherID, PublishedYear) values (188, 'Kiss of the Damned', 43, 7, 34, 12, 2001);
insert into Book (BookID, BookName, Quantity, CategoryID, AuthorID, PublisherID, PublishedYear) values (189, 'Invitation to a Gunfighter', 24, 9, 110, 25, 1989);
insert into Book (BookID, BookName, Quantity, CategoryID, AuthorID, PublisherID, PublishedYear) values (190, 'Balls of Fury', 37, 2, 200, 92, 2009);
insert into Book (BookID, BookName, Quantity, CategoryID, AuthorID, PublisherID, PublishedYear) values (191, 'Forgiving Dr. Mengele', 37, 2, 196, 5, 2004);
insert into Book (BookID, BookName, Quantity, CategoryID, AuthorID, PublisherID, PublishedYear) values (192, 'Winter Kills', 11, 4, 8, 81, 2008);
insert into Book (BookID, BookName, Quantity, CategoryID, AuthorID, PublisherID, PublishedYear) values (193, 'Prinsessa (Starring Maja)', 11, 8, 168, 28, 2006);
insert into Book (BookID, BookName, Quantity, CategoryID, AuthorID, PublisherID, PublishedYear) values (194, 'Daens', 37, 7, 57, 77, 2011);
insert into Book (BookID, BookName, Quantity, CategoryID, AuthorID, PublisherID, PublishedYear) values (195, 'Orwell Rolls in His Grave', 37, 6, 177, 93, 2007);
insert into Book (BookID, BookName, Quantity, CategoryID, AuthorID, PublisherID, PublishedYear) values (196, 'House (Hausu)', 23, 4, 44, 18, 2008);
insert into Book (BookID, BookName, Quantity, CategoryID, AuthorID, PublisherID, PublishedYear) values (197, 'CJ7 (Cheung Gong 7 hou)', 42, 4, 142, 24, 1993);
insert into Book (BookID, BookName, Quantity, CategoryID, AuthorID, PublisherID, PublishedYear) values (198, 'Last Command, The', 36, 3, 39, 71, 2010);
insert into Book (BookID, BookName, Quantity, CategoryID, AuthorID, PublisherID, PublishedYear) values (199, 'Mystery of the Wax Museum', 4, 4, 66, 54, 1997);
insert into Book (BookID, BookName, Quantity, CategoryID, AuthorID, PublisherID, PublishedYear) values (200, 'East-West (Est-ouest)', 32, 7, 109, 46, 2005);
insert into Book (BookID, BookName, Quantity, CategoryID, AuthorID, PublisherID, PublishedYear) values (201, 'Hard, Fast and Beautiful', 15, 6, 78, 74, 2012);
insert into Book (BookID, BookName, Quantity, CategoryID, AuthorID, PublisherID, PublishedYear) values (202, 'Chainsaw Maid', 22, 1, 130, 31, 1996);
insert into Book (BookID, BookName, Quantity, CategoryID, AuthorID, PublisherID, PublishedYear) values (203, 'Back In Action', 2, 9, 116, 47, 2002);
insert into Book (BookID, BookName, Quantity, CategoryID, AuthorID, PublisherID, PublishedYear) values (204, 'In the Year of the Pig', 8, 3, 10, 95, 1990);
insert into Book (BookID, BookName, Quantity, CategoryID, AuthorID, PublisherID, PublishedYear) values (205, 'Elling', 32, 9, 120, 33, 2012);
insert into Book (BookID, BookName, Quantity, CategoryID, AuthorID, PublisherID, PublishedYear) values (206, 'Garden of Eden, The', 1, 4, 175, 16, 1996);
insert into Book (BookID, BookName, Quantity, CategoryID, AuthorID, PublisherID, PublishedYear) values (207, 'Fill the Void (Lemale et ha''halal)', 25, 4, 196, 89, 1998);
insert into Book (BookID, BookName, Quantity, CategoryID, AuthorID, PublisherID, PublishedYear) values (208, 'The Frame', 5, 10, 22, 16, 2001);
insert into Book (BookID, BookName, Quantity, CategoryID, AuthorID, PublisherID, PublishedYear) values (209, 'Stoplight Society, The (La Sociedad del Semforo)', 5, 4, 175, 83, 1990);
insert into Book (BookID, BookName, Quantity, CategoryID, AuthorID, PublisherID, PublishedYear) values (210, 'Pretty/Handsome', 16, 4, 2, 69, 2002);
insert into Book (BookID, BookName, Quantity, CategoryID, AuthorID, PublisherID, PublishedYear) values (211, 'Make Them Die Slowly (Cannibal Ferox)', 40, 8, 22, 15, 1992);
insert into Book (BookID, BookName, Quantity, CategoryID, AuthorID, PublisherID, PublishedYear) values (212, 'Death and Cremation', 31, 4, 131, 57, 1997);
insert into Book (BookID, BookName, Quantity, CategoryID, AuthorID, PublisherID, PublishedYear) values (213, 'Badmaash Company', 44, 10, 12, 24, 2012);
insert into Book (BookID, BookName, Quantity, CategoryID, AuthorID, PublisherID, PublishedYear) values (214, 'Garden Lovers (Eedenist pohjoiseen)', 13, 7, 21, 38, 1992);
insert into Book (BookID, BookName, Quantity, CategoryID, AuthorID, PublisherID, PublishedYear) values (215, 'Busher, The', 9, 1, 110, 7, 2001);
insert into Book (BookID, BookName, Quantity, CategoryID, AuthorID, PublisherID, PublishedYear) values (216, 'Mlo', 45, 4, 165, 92, 1999);
insert into Book (BookID, BookName, Quantity, CategoryID, AuthorID, PublisherID, PublishedYear) values (217, 'Saving God', 11, 3, 103, 73, 2012);
insert into Book (BookID, BookName, Quantity, CategoryID, AuthorID, PublisherID, PublishedYear) values (218, 'Telling You', 1, 2, 108, 8, 1993);
insert into Book (BookID, BookName, Quantity, CategoryID, AuthorID, PublisherID, PublishedYear) values (219, 'Lakeview Terrace', 38, 4, 114, 72, 2008);
insert into Book (BookID, BookName, Quantity, CategoryID, AuthorID, PublisherID, PublishedYear) values (220, 'Catch a Fire', 15, 1, 80, 21, 1993);
insert into Book (BookID, BookName, Quantity, CategoryID, AuthorID, PublisherID, PublishedYear) values (221, 'Heroes for Sale', 11, 2, 75, 17, 1999);
insert into Book (BookID, BookName, Quantity, CategoryID, AuthorID, PublisherID, PublishedYear) values (222, 'Hart''s War', 40, 9, 74, 18, 2004);
insert into Book (BookID, BookName, Quantity, CategoryID, AuthorID, PublisherID, PublishedYear) values (223, 'O-Bi, O-Ba - The End of Civilization (O-bi, O-ba - Koniec cywilizacji)', 32, 4, 124, 87, 2004);
insert into Book (BookID, BookName, Quantity, CategoryID, AuthorID, PublisherID, PublishedYear) values (224, 'Shakespeare in Love', 40, 8, 178, 40, 1989);
insert into Book (BookID, BookName, Quantity, CategoryID, AuthorID, PublisherID, PublishedYear) values (225, 'Calling Dr. Death', 3, 10, 38, 28, 2006);
insert into Book (BookID, BookName, Quantity, CategoryID, AuthorID, PublisherID, PublishedYear) values (226, 'Great World of Sound', 28, 5, 44, 83, 2010);
insert into Book (BookID, BookName, Quantity, CategoryID, AuthorID, PublisherID, PublishedYear) values (227, 'Lad: A Dog', 38, 3, 20, 24, 2003);
insert into Book (BookID, BookName, Quantity, CategoryID, AuthorID, PublisherID, PublishedYear) values (228, 'Blind Massage (Tui na)', 34, 2, 191, 34, 1986);
insert into Book (BookID, BookName, Quantity, CategoryID, AuthorID, PublisherID, PublishedYear) values (229, 'Light at the Edge of the World, The', 18, 10, 126, 64, 1996);
insert into Book (BookID, BookName, Quantity, CategoryID, AuthorID, PublisherID, PublishedYear) values (230, 'First a Girl', 2, 10, 92, 11, 2012);
insert into Book (BookID, BookName, Quantity, CategoryID, AuthorID, PublisherID, PublishedYear) values (231, 'In a Better World (Hvnen)', 20, 2, 26, 77, 1998);
insert into Book (BookID, BookName, Quantity, CategoryID, AuthorID, PublisherID, PublishedYear) values (232, 'Zero 2', 22, 6, 71, 3, 1988);
insert into Book (BookID, BookName, Quantity, CategoryID, AuthorID, PublisherID, PublishedYear) values (233, 'Surgeon, The', 4, 10, 54, 1, 2006);
insert into Book (BookID, BookName, Quantity, CategoryID, AuthorID, PublisherID, PublishedYear) values (234, 'Witch Way Love (Un amour de sorcire)', 27, 8, 67, 95, 1990);
insert into Book (BookID, BookName, Quantity, CategoryID, AuthorID, PublisherID, PublishedYear) values (235, 'Prom Night in Mississippi', 32, 6, 195, 58, 2008);
insert into Book (BookID, BookName, Quantity, CategoryID, AuthorID, PublisherID, PublishedYear) values (236, 'Last Klezmer: Leopold Kozlowski, His Life and Music, The', 29, 8, 147, 11, 2010);
insert into Book (BookID, BookName, Quantity, CategoryID, AuthorID, PublisherID, PublishedYear) values (237, 'Bugs Bunny / Road Runner Movie, The (a.k.a. The Great American Chase)', 6, 1, 185, 5, 2011);
insert into Book (BookID, BookName, Quantity, CategoryID, AuthorID, PublisherID, PublishedYear) values (238, '4 Months, 3 Weeks and 2 Days (4 luni, 3 saptamni si 2 zile)', 46, 3, 164, 33, 2006);
insert into Book (BookID, BookName, Quantity, CategoryID, AuthorID, PublisherID, PublishedYear) values (239, 'Dreamscape', 11, 8, 151, 83, 2001);
insert into Book (BookID, BookName, Quantity, CategoryID, AuthorID, PublisherID, PublishedYear) values (240, 'Falling Down', 43, 8, 76, 81, 1997);
insert into Book (BookID, BookName, Quantity, CategoryID, AuthorID, PublisherID, PublishedYear) values (241, 'If You Are the One', 44, 9, 122, 16, 1999);
insert into Book (BookID, BookName, Quantity, CategoryID, AuthorID, PublisherID, PublishedYear) values (242, 'Beauty Is Embarrassing', 5, 2, 188, 67, 2008);
insert into Book (BookID, BookName, Quantity, CategoryID, AuthorID, PublisherID, PublishedYear) values (243, 'Bitter Sweet', 2, 3, 77, 27, 1992);
insert into Book (BookID, BookName, Quantity, CategoryID, AuthorID, PublisherID, PublishedYear) values (244, 'Derailed', 28, 5, 86, 30, 2010);
insert into Book (BookID, BookName, Quantity, CategoryID, AuthorID, PublisherID, PublishedYear) values (245, 'Satyricon', 35, 10, 153, 37, 2004);
insert into Book (BookID, BookName, Quantity, CategoryID, AuthorID, PublisherID, PublishedYear) values (246, 'Whatever Happened to Aunt Alice?', 14, 5, 75, 23, 2006);
insert into Book (BookID, BookName, Quantity, CategoryID, AuthorID, PublisherID, PublishedYear) values (247, 'New Age, The', 49, 7, 170, 62, 2009);
insert into Book (BookID, BookName, Quantity, CategoryID, AuthorID, PublisherID, PublishedYear) values (248, 'Standing Up', 27, 3, 109, 85, 2004);
insert into Book (BookID, BookName, Quantity, CategoryID, AuthorID, PublisherID, PublishedYear) values (249, 'Back in Business', 22, 7, 96, 92, 1994);
insert into Book (BookID, BookName, Quantity, CategoryID, AuthorID, PublisherID, PublishedYear) values (250, 'Junk Mail (Budbringeren)', 34, 4, 108, 5, 1999);
insert into Book (BookID, BookName, Quantity, CategoryID, AuthorID, PublisherID, PublishedYear) values (251, 'Buccaneer, The', 26, 3, 105, 19, 2008);
insert into Book (BookID, BookName, Quantity, CategoryID, AuthorID, PublisherID, PublishedYear) values (252, 'Four Men and a Prayer', 47, 4, 29, 80, 1992);
insert into Book (BookID, BookName, Quantity, CategoryID, AuthorID, PublisherID, PublishedYear) values (253, 'I''ll Be There', 46, 9, 15, 98, 2002);
insert into Book (BookID, BookName, Quantity, CategoryID, AuthorID, PublisherID, PublishedYear) values (254, 'Diary for Timothy, A', 39, 6, 159, 91, 2005);
insert into Book (BookID, BookName, Quantity, CategoryID, AuthorID, PublisherID, PublishedYear) values (255, 'Prince Valiant', 35, 4, 105, 24, 1993);
insert into Book (BookID, BookName, Quantity, CategoryID, AuthorID, PublisherID, PublishedYear) values (256, 'Superclsico', 49, 1, 74, 22, 2003);
insert into Book (BookID, BookName, Quantity, CategoryID, AuthorID, PublisherID, PublishedYear) values (257, 'My Last Five Girlfriends', 33, 8, 184, 81, 1997);
insert into Book (BookID, BookName, Quantity, CategoryID, AuthorID, PublisherID, PublishedYear) values (258, 'Woman Next Door, The (Femme d'' ct, La)', 5, 1, 172, 76, 2003);
insert into Book (BookID, BookName, Quantity, CategoryID, AuthorID, PublisherID, PublishedYear) values (259, 'Marjorie Morningstar', 36, 4, 30, 66, 2006);
insert into Book (BookID, BookName, Quantity, CategoryID, AuthorID, PublisherID, PublishedYear) values (260, 'Balto', 7, 8, 150, 14, 1999);
insert into Book (BookID, BookName, Quantity, CategoryID, AuthorID, PublisherID, PublishedYear) values (261, 'Skin Too Few: The Days of Nick Drake, A', 45, 8, 40, 42, 1996);
insert into Book (BookID, BookName, Quantity, CategoryID, AuthorID, PublisherID, PublishedYear) values (262, 'Kings of Summer, The', 39, 8, 199, 38, 2009);
insert into Book (BookID, BookName, Quantity, CategoryID, AuthorID, PublisherID, PublishedYear) values (263, 'Still of the Night', 3, 2, 142, 53, 2001);
insert into Book (BookID, BookName, Quantity, CategoryID, AuthorID, PublisherID, PublishedYear) values (264, '13 Beloved (13 game sayawng)', 43, 1, 4, 71, 2011);
insert into Book (BookID, BookName, Quantity, CategoryID, AuthorID, PublisherID, PublishedYear) values (265, 'Sunshine on Leith ', 13, 6, 33, 80, 1967);
insert into Book (BookID, BookName, Quantity, CategoryID, AuthorID, PublisherID, PublishedYear) values (266, 'Aliens', 17, 2, 49, 80, 1988);
insert into Book (BookID, BookName, Quantity, CategoryID, AuthorID, PublisherID, PublishedYear) values (267, 'Twentieth Century', 29, 5, 42, 73, 1992);
insert into Book (BookID, BookName, Quantity, CategoryID, AuthorID, PublisherID, PublishedYear) values (268, 'Set-Up, The', 21, 7, 66, 50, 2006);
insert into Book (BookID, BookName, Quantity, CategoryID, AuthorID, PublisherID, PublishedYear) values (269, 'Claudine', 41, 8, 67, 17, 2001);
insert into Book (BookID, BookName, Quantity, CategoryID, AuthorID, PublisherID, PublishedYear) values (270, 'Tune in Tomorrow...', 6, 4, 126, 75, 1970);
insert into Book (BookID, BookName, Quantity, CategoryID, AuthorID, PublisherID, PublishedYear) values (271, 'Sailor of the King', 42, 6, 12, 73, 2008);
insert into Book (BookID, BookName, Quantity, CategoryID, AuthorID, PublisherID, PublishedYear) values (272, 'Devil''s Rain, The', 33, 4, 111, 48, 2011);
insert into Book (BookID, BookName, Quantity, CategoryID, AuthorID, PublisherID, PublishedYear) values (273, 'Bizarre, Bizarre (Drle de drame ou L''trange aventure de Docteur Molyneux)', 15, 7, 72, 65, 2009);
insert into Book (BookID, BookName, Quantity, CategoryID, AuthorID, PublisherID, PublishedYear) values (274, 'Good Mother, The', 8, 3, 15, 68, 2013);
insert into Book (BookID, BookName, Quantity, CategoryID, AuthorID, PublisherID, PublishedYear) values (275, 'Half Light', 31, 4, 132, 17, 2006);
insert into Book (BookID, BookName, Quantity, CategoryID, AuthorID, PublisherID, PublishedYear) values (276, 'Always Tell Your Wife', 8, 3, 148, 74, 2002);
insert into Book (BookID, BookName, Quantity, CategoryID, AuthorID, PublisherID, PublishedYear) values (277, 'Hansel & Gretel', 6, 8, 125, 95, 1987);
insert into Book (BookID, BookName, Quantity, CategoryID, AuthorID, PublisherID, PublishedYear) values (278, 'Snowtown (Snowtown Murders, The)', 31, 2, 83, 69, 2006);
insert into Book (BookID, BookName, Quantity, CategoryID, AuthorID, PublisherID, PublishedYear) values (279, 'Melvin and Howard', 26, 3, 88, 20, 1995);
insert into Book (BookID, BookName, Quantity, CategoryID, AuthorID, PublisherID, PublishedYear) values (280, 'Steep', 9, 4, 153, 85, 1996);
insert into Book (BookID, BookName, Quantity, CategoryID, AuthorID, PublisherID, PublishedYear) values (281, 'Well Digger''s Daughter, The (La fille du puisatier)', 30, 7, 71, 59, 1996);
insert into Book (BookID, BookName, Quantity, CategoryID, AuthorID, PublisherID, PublishedYear) values (282, 'Mister Magoo''s Christmas Carol', 32, 4, 52, 29, 2001);
insert into Book (BookID, BookName, Quantity, CategoryID, AuthorID, PublisherID, PublishedYear) values (283, 'Episode 3: Enjoy Poverty', 38, 2, 57, 66, 2010);
insert into Book (BookID, BookName, Quantity, CategoryID, AuthorID, PublisherID, PublishedYear) values (284, 'Snow Day', 49, 2, 190, 67, 2009);
insert into Book (BookID, BookName, Quantity, CategoryID, AuthorID, PublisherID, PublishedYear) values (285, 'White Palms (Fehr tenyr)', 37, 8, 4, 73, 1989);
insert into Book (BookID, BookName, Quantity, CategoryID, AuthorID, PublisherID, PublishedYear) values (286, 'Without a Clue', 25, 5, 122, 16, 2007);
insert into Book (BookID, BookName, Quantity, CategoryID, AuthorID, PublisherID, PublishedYear) values (287, 'John Doe: Vigilante', 30, 4, 118, 82, 2011);
insert into Book (BookID, BookName, Quantity, CategoryID, AuthorID, PublisherID, PublishedYear) values (288, 'Crawling Eye, The (a.k.a. Trollenberg Terror, The)', 35, 2, 77, 59, 2000);
insert into Book (BookID, BookName, Quantity, CategoryID, AuthorID, PublisherID, PublishedYear) values (289, 'To Kill with Intrigue (Jian hua yan yu Jiang Nan)', 28, 2, 64, 63, 2012);
insert into Book (BookID, BookName, Quantity, CategoryID, AuthorID, PublisherID, PublishedYear) values (290, 'Sam''s Song', 28, 8, 130, 75, 2002);
insert into Book (BookID, BookName, Quantity, CategoryID, AuthorID, PublisherID, PublishedYear) values (291, 'Eye of the Tiger', 37, 1, 124, 86, 1995);
insert into Book (BookID, BookName, Quantity, CategoryID, AuthorID, PublisherID, PublishedYear) values (292, 'Stone Left Unturned, A (Kovat miehet)', 33, 2, 177, 70, 1999);
insert into Book (BookID, BookName, Quantity, CategoryID, AuthorID, PublisherID, PublishedYear) values (293, 'Lizzie McGuire Movie, The', 42, 8, 82, 90, 2011);
insert into Book (BookID, BookName, Quantity, CategoryID, AuthorID, PublisherID, PublishedYear) values (294, 'Son''s Room, The (Stanza del figlio, La)', 49, 1, 73, 88, 1997);
insert into Book (BookID, BookName, Quantity, CategoryID, AuthorID, PublisherID, PublishedYear) values (295, 'Sambizanga', 17, 9, 101, 85, 1991);
insert into Book (BookID, BookName, Quantity, CategoryID, AuthorID, PublisherID, PublishedYear) values (296, 'Welcome to Sherwood! The Story of ''The Adventures of Robin Hood''', 34, 1, 154, 40, 2012);
insert into Book (BookID, BookName, Quantity, CategoryID, AuthorID, PublisherID, PublishedYear) values (297, 'In the Electric Mist', 7, 8, 34, 68, 1997);
insert into Book (BookID, BookName, Quantity, CategoryID, AuthorID, PublisherID, PublishedYear) values (298, 'Much Ado About Something', 26, 10, 93, 81, 1998);
insert into Book (BookID, BookName, Quantity, CategoryID, AuthorID, PublisherID, PublishedYear) values (299, 'ComDads (les Compres)', 47, 8, 139, 49, 1988);
insert into Book (BookID, BookName, Quantity, CategoryID, AuthorID, PublisherID, PublishedYear) values (300, 'Le ultime ore di una vergine', 35, 1, 61, 6, 2011);
insert into Book (BookID, BookName, Quantity, CategoryID, AuthorID, PublisherID, PublishedYear) values (301, 'Triumph of Love, The', 29, 3, 98, 82, 1993);
insert into Book (BookID, BookName, Quantity, CategoryID, AuthorID, PublisherID, PublishedYear) values (302, 'Oz the Great and Powerful', 13, 7, 106, 3, 1999);
insert into Book (BookID, BookName, Quantity, CategoryID, AuthorID, PublisherID, PublishedYear) values (303, 'Tales from Earthsea (Gedo Senki)', 26, 9, 149, 93, 2000);
insert into Book (BookID, BookName, Quantity, CategoryID, AuthorID, PublisherID, PublishedYear) values (304, 'Chronicle of Anna Magdalena Bach, The (Chronik der Anna Magdalena Bach)', 47, 6, 10, 66, 2011);
insert into Book (BookID, BookName, Quantity, CategoryID, AuthorID, PublisherID, PublishedYear) values (305, 'Naked Civil Servant, The', 10, 8, 91, 20, 1995);
insert into Book (BookID, BookName, Quantity, CategoryID, AuthorID, PublisherID, PublishedYear) values (306, 'Meet the Deedles', 49, 6, 122, 66, 2003);
insert into Book (BookID, BookName, Quantity, CategoryID, AuthorID, PublisherID, PublishedYear) values (307, 'Fireflies in the Garden', 10, 5, 39, 90, 1991);
insert into Book (BookID, BookName, Quantity, CategoryID, AuthorID, PublisherID, PublishedYear) values (308, 'Beyond the Mat', 48, 9, 105, 93, 1997);
insert into Book (BookID, BookName, Quantity, CategoryID, AuthorID, PublisherID, PublishedYear) values (309, 'My Mom Is a Character (Minha Me  uma Pea: O Filme)', 18, 6, 41, 29, 2007);
insert into Book (BookID, BookName, Quantity, CategoryID, AuthorID, PublisherID, PublishedYear) values (310, 'Soupe aux Choux, La', 16, 9, 130, 49, 2010);
insert into Book (BookID, BookName, Quantity, CategoryID, AuthorID, PublisherID, PublishedYear) values (311, 'Three Lives and Only One Death (Trois vies & une seule mort)', 3, 1, 176, 37, 2006);
insert into Book (BookID, BookName, Quantity, CategoryID, AuthorID, PublisherID, PublishedYear) values (312, 'Better Way to Die, A', 20, 5, 93, 30, 2006);
insert into Book (BookID, BookName, Quantity, CategoryID, AuthorID, PublisherID, PublishedYear) values (313, 'Midnight Bayou', 46, 7, 158, 86, 1998);
insert into Book (BookID, BookName, Quantity, CategoryID, AuthorID, PublisherID, PublishedYear) values (314, 'Texas Across the River', 46, 9, 125, 5, 2011);
insert into Book (BookID, BookName, Quantity, CategoryID, AuthorID, PublisherID, PublishedYear) values (315, 'Children of the Corn: Revelation', 10, 1, 193, 4, 1987);
insert into Book (BookID, BookName, Quantity, CategoryID, AuthorID, PublisherID, PublishedYear) values (316, 'Valentine''s Day', 25, 8, 14, 32, 1994);
insert into Book (BookID, BookName, Quantity, CategoryID, AuthorID, PublisherID, PublishedYear) values (317, 'Private Hell 36', 27, 7, 35, 19, 2008);
insert into Book (BookID, BookName, Quantity, CategoryID, AuthorID, PublisherID, PublishedYear) values (318, 'Wedding March, The', 42, 9, 167, 25, 1997);
insert into Book (BookID, BookName, Quantity, CategoryID, AuthorID, PublisherID, PublishedYear) values (319, 'Professor Beware', 3, 10, 57, 2, 1992);
insert into Book (BookID, BookName, Quantity, CategoryID, AuthorID, PublisherID, PublishedYear) values (320, 'Time to Love and a Time to Die, A', 5, 1, 115, 79, 1985);
insert into Book (BookID, BookName, Quantity, CategoryID, AuthorID, PublisherID, PublishedYear) values (321, 'Beast of Yucca Flats, The', 47, 5, 157, 25, 1999);
insert into Book (BookID, BookName, Quantity, CategoryID, AuthorID, PublisherID, PublishedYear) values (322, 'One Shot', 10, 5, 6, 73, 2012);
insert into Book (BookID, BookName, Quantity, CategoryID, AuthorID, PublisherID, PublishedYear) values (323, 'Angel Heart', 17, 10, 160, 28, 1997);
insert into Book (BookID, BookName, Quantity, CategoryID, AuthorID, PublisherID, PublishedYear) values (324, 'Harvest: 3,000 Years (Mirt Sost Shi Amit)', 38, 8, 175, 73, 2008);
insert into Book (BookID, BookName, Quantity, CategoryID, AuthorID, PublisherID, PublishedYear) values (325, 'Naked', 39, 5, 167, 38, 2008);
insert into Book (BookID, BookName, Quantity, CategoryID, AuthorID, PublisherID, PublishedYear) values (326, 'Truth or Die ', 37, 7, 184, 38, 2000);
insert into Book (BookID, BookName, Quantity, CategoryID, AuthorID, PublisherID, PublishedYear) values (327, 'Socialism (Film socialisme)', 49, 9, 162, 5, 1994);
insert into Book (BookID, BookName, Quantity, CategoryID, AuthorID, PublisherID, PublishedYear) values (328, '360', 25, 7, 20, 60, 1992);
insert into Book (BookID, BookName, Quantity, CategoryID, AuthorID, PublisherID, PublishedYear) values (329, 'Sinbad and the Eye of the Tiger', 5, 3, 10, 92, 1990);
insert into Book (BookID, BookName, Quantity, CategoryID, AuthorID, PublisherID, PublishedYear) values (330, 'Wild Man Blues', 32, 6, 79, 79, 1986);
insert into Book (BookID, BookName, Quantity, CategoryID, AuthorID, PublisherID, PublishedYear) values (331, 'Hotel Transylvania', 3, 7, 192, 30, 2007);
insert into Book (BookID, BookName, Quantity, CategoryID, AuthorID, PublisherID, PublishedYear) values (332, 'The Suspended Step of the Stork', 21, 10, 140, 5, 2008);
insert into Book (BookID, BookName, Quantity, CategoryID, AuthorID, PublisherID, PublishedYear) values (333, 'Chasing Sleep', 35, 1, 59, 44, 1999);
insert into Book (BookID, BookName, Quantity, CategoryID, AuthorID, PublisherID, PublishedYear) values (334, 'Frank McKlusky, C.I.', 22, 10, 182, 19, 2001);
insert into Book (BookID, BookName, Quantity, CategoryID, AuthorID, PublisherID, PublishedYear) values (335, 'Ju-on: The Beginning of the End (Ju-on: Owari no hajimari)', 17, 10, 39, 40, 1995);
insert into Book (BookID, BookName, Quantity, CategoryID, AuthorID, PublisherID, PublishedYear) values (336, 'Pull My Daisy', 19, 1, 95, 35, 2009);
insert into Book (BookID, BookName, Quantity, CategoryID, AuthorID, PublisherID, PublishedYear) values (337, '14 Blades (Jin yi wei)', 43, 2, 8, 78, 2005);
insert into Book (BookID, BookName, Quantity, CategoryID, AuthorID, PublisherID, PublishedYear) values (338, 'Weekender', 26, 7, 83, 99, 2007);
insert into Book (BookID, BookName, Quantity, CategoryID, AuthorID, PublisherID, PublishedYear) values (339, 'My Sucky Teen Romance', 6, 6, 26, 56, 1987);
insert into Book (BookID, BookName, Quantity, CategoryID, AuthorID, PublisherID, PublishedYear) values (340, 'Slumber Party Massacre II', 3, 7, 182, 99, 2002);
insert into Book (BookID, BookName, Quantity, CategoryID, AuthorID, PublisherID, PublishedYear) values (341, 'Parisian Love', 42, 9, 26, 65, 2013);
insert into Book (BookID, BookName, Quantity, CategoryID, AuthorID, PublisherID, PublishedYear) values (342, 'Still Breathing', 31, 1, 35, 12, 2007);
insert into Book (BookID, BookName, Quantity, CategoryID, AuthorID, PublisherID, PublishedYear) values (343, 'Misrables, Les', 42, 3, 110, 33, 2007);
insert into Book (BookID, BookName, Quantity, CategoryID, AuthorID, PublisherID, PublishedYear) values (344, 'Araya', 45, 9, 1, 96, 1984);
insert into Book (BookID, BookName, Quantity, CategoryID, AuthorID, PublisherID, PublishedYear) values (345, 'Ace Ventura: When Nature Calls', 31, 7, 14, 65, 2011);
insert into Book (BookID, BookName, Quantity, CategoryID, AuthorID, PublisherID, PublishedYear) values (346, 'Good Guys and the Bad Guys, The', 5, 9, 149, 1, 2009);
insert into Book (BookID, BookName, Quantity, CategoryID, AuthorID, PublisherID, PublishedYear) values (347, 'Full Frontal', 46, 3, 3, 55, 2000);
insert into Book (BookID, BookName, Quantity, CategoryID, AuthorID, PublisherID, PublishedYear) values (348, 'Gone Nutty', 19, 4, 140, 54, 2007);
insert into Book (BookID, BookName, Quantity, CategoryID, AuthorID, PublisherID, PublishedYear) values (349, 'Germany Pale Mother', 33, 5, 32, 19, 1995);
insert into Book (BookID, BookName, Quantity, CategoryID, AuthorID, PublisherID, PublishedYear) values (350, 'Lolita', 46, 7, 69, 100, 1997);
insert into Book (BookID, BookName, Quantity, CategoryID, AuthorID, PublisherID, PublishedYear) values (351, 'Walk All Over Me', 31, 10, 32, 70, 1990);
insert into Book (BookID, BookName, Quantity, CategoryID, AuthorID, PublisherID, PublishedYear) values (352, 'Nature Calls', 27, 4, 139, 9, 1992);
insert into Book (BookID, BookName, Quantity, CategoryID, AuthorID, PublisherID, PublishedYear) values (353, 'Piglet''s Big Movie', 35, 10, 159, 28, 1999);
insert into Book (BookID, BookName, Quantity, CategoryID, AuthorID, PublisherID, PublishedYear) values (354, 'Last Exorcism, The', 40, 4, 167, 15, 2012);
insert into Book (BookID, BookName, Quantity, CategoryID, AuthorID, PublisherID, PublishedYear) values (355, 'Event, The', 22, 9, 10, 42, 1990);
insert into Book (BookID, BookName, Quantity, CategoryID, AuthorID, PublisherID, PublishedYear) values (356, 'Waterloo Bridge', 30, 1, 172, 96, 1965);
insert into Book (BookID, BookName, Quantity, CategoryID, AuthorID, PublisherID, PublishedYear) values (357, 'Zathura', 21, 8, 57, 89, 1991);
insert into Book (BookID, BookName, Quantity, CategoryID, AuthorID, PublisherID, PublishedYear) values (358, 'Eternity and a Day (Mia aoniotita kai mia mera)', 2, 8, 172, 44, 2006);
insert into Book (BookID, BookName, Quantity, CategoryID, AuthorID, PublisherID, PublishedYear) values (359, 'S.W.A.T.: Firefight', 11, 10, 100, 9, 2008);
insert into Book (BookID, BookName, Quantity, CategoryID, AuthorID, PublisherID, PublishedYear) values (360, 'Red Desert (Deserto rosso, Il)', 13, 3, 198, 21, 2013);
insert into Book (BookID, BookName, Quantity, CategoryID, AuthorID, PublisherID, PublishedYear) values (361, 'Nazarin (Nazarn)', 5, 5, 82, 53, 1998);
insert into Book (BookID, BookName, Quantity, CategoryID, AuthorID, PublisherID, PublishedYear) values (362, 'Gun Crazy (a.k.a. Deadly Is the Female)', 17, 4, 172, 61, 2008);
insert into Book (BookID, BookName, Quantity, CategoryID, AuthorID, PublisherID, PublishedYear) values (363, 'Four Nights of a Dreamer (Quatre nuits d''un rveur)', 33, 9, 187, 27, 1991);
insert into Book (BookID, BookName, Quantity, CategoryID, AuthorID, PublisherID, PublishedYear) values (364, 'Tales from the Golden Age (Amintiri din epoca de aur)', 38, 7, 7, 59, 1987);
insert into Book (BookID, BookName, Quantity, CategoryID, AuthorID, PublisherID, PublishedYear) values (365, 'Blaise Pascal', 45, 2, 173, 39, 1993);
insert into Book (BookID, BookName, Quantity, CategoryID, AuthorID, PublisherID, PublishedYear) values (366, 'Forbidden', 17, 5, 150, 55, 2003);
insert into Book (BookID, BookName, Quantity, CategoryID, AuthorID, PublisherID, PublishedYear) values (367, 'Vertical Ray of the Sun, The (Mua he chieu thang dung)', 43, 5, 50, 99, 1995);
insert into Book (BookID, BookName, Quantity, CategoryID, AuthorID, PublisherID, PublishedYear) values (368, 'Alone (Issiz adam)', 26, 4, 80, 46, 2011);
insert into Book (BookID, BookName, Quantity, CategoryID, AuthorID, PublisherID, PublishedYear) values (369, 'Igby Goes Down', 14, 5, 157, 14, 1996);
insert into Book (BookID, BookName, Quantity, CategoryID, AuthorID, PublisherID, PublishedYear) values (370, 'Ultrasuede: In Search of Halston', 14, 5, 99, 8, 1993);
insert into Book (BookID, BookName, Quantity, CategoryID, AuthorID, PublisherID, PublishedYear) values (371, 'Charms for the Easy Life', 33, 9, 125, 70, 2004);
insert into Book (BookID, BookName, Quantity, CategoryID, AuthorID, PublisherID, PublishedYear) values (372, 'Homecoming', 11, 1, 131, 56, 1996);
insert into Book (BookID, BookName, Quantity, CategoryID, AuthorID, PublisherID, PublishedYear) values (373, 'Eternal Sunshine of the Spotless Mind', 36, 9, 16, 54, 2011);
insert into Book (BookID, BookName, Quantity, CategoryID, AuthorID, PublisherID, PublishedYear) values (374, 'Brides of Dracula', 46, 10, 98, 98, 1999);
insert into Book (BookID, BookName, Quantity, CategoryID, AuthorID, PublisherID, PublishedYear) values (375, 'Everything You Always Wanted to Know About Sex * But Were Afraid to Ask', 18, 2, 158, 63, 2011);
insert into Book (BookID, BookName, Quantity, CategoryID, AuthorID, PublisherID, PublishedYear) values (376, 'North Dallas Forty', 27, 7, 184, 11, 2007);
insert into Book (BookID, BookName, Quantity, CategoryID, AuthorID, PublisherID, PublishedYear) values (377, 'Three Men and a Cradle (3 hommes et un couffin)', 25, 4, 137, 69, 1994);
insert into Book (BookID, BookName, Quantity, CategoryID, AuthorID, PublisherID, PublishedYear) values (378, 'Major Dundee', 47, 8, 152, 38, 2007);
insert into Book (BookID, BookName, Quantity, CategoryID, AuthorID, PublisherID, PublishedYear) values (379, 'Copying Beethoven', 7, 8, 191, 64, 1970);
insert into Book (BookID, BookName, Quantity, CategoryID, AuthorID, PublisherID, PublishedYear) values (380, 'Wag the Dog', 30, 3, 30, 55, 1990);
insert into Book (BookID, BookName, Quantity, CategoryID, AuthorID, PublisherID, PublishedYear) values (381, 'The Beales of Grey Gardens', 7, 5, 175, 7, 1993);
insert into Book (BookID, BookName, Quantity, CategoryID, AuthorID, PublisherID, PublishedYear) values (382, 'House Arrest', 45, 5, 18, 40, 2002);
insert into Book (BookID, BookName, Quantity, CategoryID, AuthorID, PublisherID, PublishedYear) values (383, 'Big Blonde, The (Iso vaalee)', 30, 9, 198, 57, 1997);
insert into Book (BookID, BookName, Quantity, CategoryID, AuthorID, PublisherID, PublishedYear) values (384, 'Quicksilver Highway', 40, 9, 134, 80, 2008);
insert into Book (BookID, BookName, Quantity, CategoryID, AuthorID, PublisherID, PublishedYear) values (385, 'Black Friday', 50, 1, 51, 53, 2005);
insert into Book (BookID, BookName, Quantity, CategoryID, AuthorID, PublisherID, PublishedYear) values (386, 'Zombie and the Ghost Train (Zombie ja Kummitusjuna)', 32, 3, 99, 81, 1992);
insert into Book (BookID, BookName, Quantity, CategoryID, AuthorID, PublisherID, PublishedYear) values (387, 'Happy End', 44, 5, 58, 67, 1992);
insert into Book (BookID, BookName, Quantity, CategoryID, AuthorID, PublisherID, PublishedYear) values (388, 'Ghost of Frankenstein, The', 11, 6, 145, 34, 1992);
insert into Book (BookID, BookName, Quantity, CategoryID, AuthorID, PublisherID, PublishedYear) values (389, 'Spontaneous Combustion', 19, 4, 64, 32, 1998);
insert into Book (BookID, BookName, Quantity, CategoryID, AuthorID, PublisherID, PublishedYear) values (390, 'Rififi (Du rififi chez les hommes)', 27, 6, 47, 41, 2009);
insert into Book (BookID, BookName, Quantity, CategoryID, AuthorID, PublisherID, PublishedYear) values (391, 'How the West Was Won', 29, 5, 81, 52, 1993);
insert into Book (BookID, BookName, Quantity, CategoryID, AuthorID, PublisherID, PublishedYear) values (392, 'Tourist, The', 25, 1, 25, 23, 1995);
insert into Book (BookID, BookName, Quantity, CategoryID, AuthorID, PublisherID, PublishedYear) values (393, 'I Always Wanted to Be a Gangster (J''ai toujours rv d''tre un gangster)', 39, 4, 51, 24, 1998);
insert into Book (BookID, BookName, Quantity, CategoryID, AuthorID, PublisherID, PublishedYear) values (394, 'Champ, The', 45, 10, 160, 5, 2007);
insert into Book (BookID, BookName, Quantity, CategoryID, AuthorID, PublisherID, PublishedYear) values (395, 'Beefcake', 7, 1, 49, 69, 2001);
insert into Book (BookID, BookName, Quantity, CategoryID, AuthorID, PublisherID, PublishedYear) values (396, 'Eaten Alive (Mangiati Vivi)', 43, 5, 143, 74, 1994);
insert into Book (BookID, BookName, Quantity, CategoryID, AuthorID, PublisherID, PublishedYear) values (397, 'W.E.', 22, 4, 168, 7, 1998);
insert into Book (BookID, BookName, Quantity, CategoryID, AuthorID, PublisherID, PublishedYear) values (398, 'Marvel One-Shot: Item 47', 16, 5, 61, 74, 2007);
insert into Book (BookID, BookName, Quantity, CategoryID, AuthorID, PublisherID, PublishedYear) values (399, 'American Crime, An', 16, 7, 120, 77, 1996);
insert into Book (BookID, BookName, Quantity, CategoryID, AuthorID, PublisherID, PublishedYear) values (400, 'Spark: A Burning Man Story', 46, 3, 200, 85, 2009);
insert into Book (BookID, BookName, Quantity, CategoryID, AuthorID, PublisherID, PublishedYear) values (401, '50 Children: The Rescue Mission of Mr. And Mrs. Kraus', 15, 6, 158, 25, 1994);
insert into Book (BookID, BookName, Quantity, CategoryID, AuthorID, PublisherID, PublishedYear) values (402, 'Naked Gun 33 1/3: The Final Insult', 25, 8, 152, 17, 1955);
insert into Book (BookID, BookName, Quantity, CategoryID, AuthorID, PublisherID, PublishedYear) values (403, 'Seinto Seiya: Legend of Sanctuary (Seinto Seiya: Legend of Sanctuary)', 26, 3, 69, 14, 2004);
insert into Book (BookID, BookName, Quantity, CategoryID, AuthorID, PublisherID, PublishedYear) values (404, 'Zombie Apocalypse', 9, 7, 119, 42, 2006);
insert into Book (BookID, BookName, Quantity, CategoryID, AuthorID, PublisherID, PublishedYear) values (405, 'Magic Man', 23, 9, 20, 75, 2000);
insert into Book (BookID, BookName, Quantity, CategoryID, AuthorID, PublisherID, PublishedYear) values (406, 'Only the Strong Survive - A Celebration of Soul', 9, 4, 144, 76, 2006);
insert into Book (BookID, BookName, Quantity, CategoryID, AuthorID, PublisherID, PublishedYear) values (407, 'Admissions', 25, 3, 124, 53, 2004);
insert into Book (BookID, BookName, Quantity, CategoryID, AuthorID, PublisherID, PublishedYear) values (408, 'Sitting Pretty', 35, 10, 143, 97, 1986);
insert into Book (BookID, BookName, Quantity, CategoryID, AuthorID, PublisherID, PublishedYear) values (409, 'Visitor, The', 43, 10, 7, 92, 2000);
insert into Book (BookID, BookName, Quantity, CategoryID, AuthorID, PublisherID, PublishedYear) values (410, 'Attack of the 5 Ft. 2 Women (National Lampoon''s Attack of the 5 Ft 2 Woman)', 36, 6, 180, 69, 1996);
insert into Book (BookID, BookName, Quantity, CategoryID, AuthorID, PublisherID, PublishedYear) values (411, 'Shinobi No Mono 3: Resurrection (Shin shinobi no mono)', 50, 8, 80, 74, 2010);
insert into Book (BookID, BookName, Quantity, CategoryID, AuthorID, PublisherID, PublishedYear) values (412, 'Camp Rock 2: The Final Jam', 48, 5, 92, 56, 2004);
insert into Book (BookID, BookName, Quantity, CategoryID, AuthorID, PublisherID, PublishedYear) values (413, 'Antonio Gaud', 32, 6, 150, 10, 1992);
insert into Book (BookID, BookName, Quantity, CategoryID, AuthorID, PublisherID, PublishedYear) values (414, 'Ides of March, The', 13, 4, 73, 56, 1998);
insert into Book (BookID, BookName, Quantity, CategoryID, AuthorID, PublisherID, PublishedYear) values (415, 'Tell', 48, 7, 197, 37, 1998);
insert into Book (BookID, BookName, Quantity, CategoryID, AuthorID, PublisherID, PublishedYear) values (416, 'Taipei Exchanges (Di 36 ge gu shi)', 25, 6, 74, 4, 2005);
insert into Book (BookID, BookName, Quantity, CategoryID, AuthorID, PublisherID, PublishedYear) values (417, 'Front Page Woman', 28, 6, 72, 48, 2002);
insert into Book (BookID, BookName, Quantity, CategoryID, AuthorID, PublisherID, PublishedYear) values (418, '2012: Time for Change', 5, 2, 128, 15, 1987);
insert into Book (BookID, BookName, Quantity, CategoryID, AuthorID, PublisherID, PublishedYear) values (419, 'Dr. Wai in the Scriptures with No Words (Mao xian wang)', 30, 10, 186, 3, 1996);
insert into Book (BookID, BookName, Quantity, CategoryID, AuthorID, PublisherID, PublishedYear) values (420, 'Brice Man, The (Brice de Nice)', 41, 2, 98, 84, 1999);
insert into Book (BookID, BookName, Quantity, CategoryID, AuthorID, PublisherID, PublishedYear) values (421, '13Hrs', 39, 6, 31, 21, 2012);
insert into Book (BookID, BookName, Quantity, CategoryID, AuthorID, PublisherID, PublishedYear) values (422, 'Norwegian Ninja', 18, 8, 10, 79, 2003);
insert into Book (BookID, BookName, Quantity, CategoryID, AuthorID, PublisherID, PublishedYear) values (423, 'Swept Away (Travolti da un insolito destino nell''azzurro mare d''Agosto)', 42, 7, 38, 38, 2011);
insert into Book (BookID, BookName, Quantity, CategoryID, AuthorID, PublisherID, PublishedYear) values (424, 'Guilty Hands', 3, 8, 35, 3, 1998);
insert into Book (BookID, BookName, Quantity, CategoryID, AuthorID, PublisherID, PublishedYear) values (425, 'Accepted', 18, 10, 173, 16, 2005);
insert into Book (BookID, BookName, Quantity, CategoryID, AuthorID, PublisherID, PublishedYear) values (426, 'I''ve Loved You So Long (Il y a longtemps que je t''aime)', 26, 8, 189, 41, 1993);
insert into Book (BookID, BookName, Quantity, CategoryID, AuthorID, PublisherID, PublishedYear) values (427, 'Sorry, Wrong Number', 50, 5, 44, 55, 2006);
insert into Book (BookID, BookName, Quantity, CategoryID, AuthorID, PublisherID, PublishedYear) values (428, 'Copper Mountain', 23, 5, 73, 78, 1989);
insert into Book (BookID, BookName, Quantity, CategoryID, AuthorID, PublisherID, PublishedYear) values (429, 'Semper Fi', 34, 2, 156, 69, 2004);
insert into Book (BookID, BookName, Quantity, CategoryID, AuthorID, PublisherID, PublishedYear) values (430, 'Moving Out', 8, 9, 39, 90, 2012);
insert into Book (BookID, BookName, Quantity, CategoryID, AuthorID, PublisherID, PublishedYear) values (431, 'Something in the Air (Apres Mai)', 29, 9, 156, 9, 2004);
insert into Book (BookID, BookName, Quantity, CategoryID, AuthorID, PublisherID, PublishedYear) values (432, 'Ladykillers, The', 47, 10, 56, 84, 2006);
insert into Book (BookID, BookName, Quantity, CategoryID, AuthorID, PublisherID, PublishedYear) values (433, 'Big Fish', 38, 10, 53, 21, 2011);
insert into Book (BookID, BookName, Quantity, CategoryID, AuthorID, PublisherID, PublishedYear) values (434, 'The Emperor''s Candlesticks', 14, 1, 106, 36, 2007);
insert into Book (BookID, BookName, Quantity, CategoryID, AuthorID, PublisherID, PublishedYear) values (435, 'Stiff Upper Lips', 45, 7, 13, 28, 1986);
insert into Book (BookID, BookName, Quantity, CategoryID, AuthorID, PublisherID, PublishedYear) values (436, 'Star, The', 20, 10, 172, 64, 1999);
insert into Book (BookID, BookName, Quantity, CategoryID, AuthorID, PublisherID, PublishedYear) values (437, 'About Time', 43, 6, 33, 44, 2007);
insert into Book (BookID, BookName, Quantity, CategoryID, AuthorID, PublisherID, PublishedYear) values (438, 'Party Girl', 8, 1, 179, 57, 2005);
insert into Book (BookID, BookName, Quantity, CategoryID, AuthorID, PublisherID, PublishedYear) values (439, 'Buona Sera, Mrs. Campbell', 2, 3, 89, 2, 1992);
insert into Book (BookID, BookName, Quantity, CategoryID, AuthorID, PublisherID, PublishedYear) values (440, 'Impostor', 19, 2, 52, 30, 2008);
insert into Book (BookID, BookName, Quantity, CategoryID, AuthorID, PublisherID, PublishedYear) values (441, '7500', 48, 3, 174, 65, 2004);
insert into Book (BookID, BookName, Quantity, CategoryID, AuthorID, PublisherID, PublishedYear) values (442, 'Unmade Beds', 34, 5, 32, 74, 1998);
insert into Book (BookID, BookName, Quantity, CategoryID, AuthorID, PublisherID, PublishedYear) values (443, 'Hotel for Dogs', 1, 6, 58, 73, 2009);
insert into Book (BookID, BookName, Quantity, CategoryID, AuthorID, PublisherID, PublishedYear) values (444, 'Night Train', 15, 9, 35, 52, 1984);
insert into Book (BookID, BookName, Quantity, CategoryID, AuthorID, PublisherID, PublishedYear) values (445, 'American Yakuza', 23, 5, 191, 78, 1997);
insert into Book (BookID, BookName, Quantity, CategoryID, AuthorID, PublisherID, PublishedYear) values (446, 'One Spy Too Many', 12, 6, 93, 5, 1992);
insert into Book (BookID, BookName, Quantity, CategoryID, AuthorID, PublisherID, PublishedYear) values (447, 'Below', 40, 6, 97, 7, 2003);
insert into Book (BookID, BookName, Quantity, CategoryID, AuthorID, PublisherID, PublishedYear) values (448, 'Christmas Story, A', 36, 6, 116, 84, 2007);
insert into Book (BookID, BookName, Quantity, CategoryID, AuthorID, PublisherID, PublishedYear) values (449, 'That Evening Sun', 40, 4, 180, 24, 1989);
insert into Book (BookID, BookName, Quantity, CategoryID, AuthorID, PublisherID, PublishedYear) values (450, 'Dish & the Spoon, The', 11, 8, 46, 18, 1992);
insert into Book (BookID, BookName, Quantity, CategoryID, AuthorID, PublisherID, PublishedYear) values (451, 'Noam Chomsky: Distorted Morality', 22, 9, 162, 83, 2003);
insert into Book (BookID, BookName, Quantity, CategoryID, AuthorID, PublisherID, PublishedYear) values (452, 'Madam Satan', 47, 5, 173, 23, 2010);
insert into Book (BookID, BookName, Quantity, CategoryID, AuthorID, PublisherID, PublishedYear) values (453, 'Crank', 35, 2, 81, 77, 1984);
insert into Book (BookID, BookName, Quantity, CategoryID, AuthorID, PublisherID, PublishedYear) values (454, 'Man Who Loved Women, The (Homme qui aimait les femmes, L'')', 27, 7, 169, 19, 2005);
insert into Book (BookID, BookName, Quantity, CategoryID, AuthorID, PublisherID, PublishedYear) values (455, 'Treasure Island', 19, 9, 121, 30, 1990);
insert into Book (BookID, BookName, Quantity, CategoryID, AuthorID, PublisherID, PublishedYear) values (456, 'Battleship', 30, 9, 29, 18, 1992);
insert into Book (BookID, BookName, Quantity, CategoryID, AuthorID, PublisherID, PublishedYear) values (457, 'Baxter, The', 35, 8, 61, 3, 2004);
insert into Book (BookID, BookName, Quantity, CategoryID, AuthorID, PublisherID, PublishedYear) values (458, 'Thousand Clouds of Peace, A (Mil nubes de paz cercan el cielo, amor, jams acabars de ser amor)', 20, 1, 184, 50, 2009);
insert into Book (BookID, BookName, Quantity, CategoryID, AuthorID, PublisherID, PublishedYear) values (459, 'Flower of My Secret, The (La flor de mi secreto)', 37, 5, 91, 74, 2004);
insert into Book (BookID, BookName, Quantity, CategoryID, AuthorID, PublisherID, PublishedYear) values (460, 'Peacock', 6, 10, 120, 34, 2008);
insert into Book (BookID, BookName, Quantity, CategoryID, AuthorID, PublisherID, PublishedYear) values (461, 'Light Years (Gandahar)', 36, 9, 156, 31, 2009);
insert into Book (BookID, BookName, Quantity, CategoryID, AuthorID, PublisherID, PublishedYear) values (462, 'Bitter Feast', 3, 10, 125, 86, 1993);
insert into Book (BookID, BookName, Quantity, CategoryID, AuthorID, PublisherID, PublishedYear) values (463, 'Divorce', 10, 1, 160, 1, 2005);
insert into Book (BookID, BookName, Quantity, CategoryID, AuthorID, PublisherID, PublishedYear) values (464, 'Deadly Outlaw: Rekka (a.k.a. Violent Fire) (Jitsuroku And Noboru kyd-den: Rekka)', 46, 9, 159, 69, 2002);
insert into Book (BookID, BookName, Quantity, CategoryID, AuthorID, PublisherID, PublishedYear) values (465, 'Von Ryan''s Express', 8, 6, 48, 50, 2010);
insert into Book (BookID, BookName, Quantity, CategoryID, AuthorID, PublisherID, PublishedYear) values (466, 'Providence', 18, 10, 59, 39, 2012);
insert into Book (BookID, BookName, Quantity, CategoryID, AuthorID, PublisherID, PublishedYear) values (467, 'Compliance', 27, 4, 40, 19, 2004);
insert into Book (BookID, BookName, Quantity, CategoryID, AuthorID, PublisherID, PublishedYear) values (468, 'Voodoo Dawn', 11, 9, 170, 44, 1985);
insert into Book (BookID, BookName, Quantity, CategoryID, AuthorID, PublisherID, PublishedYear) values (469, 'Ultimate Avengers', 1, 7, 10, 81, 1993);
insert into Book (BookID, BookName, Quantity, CategoryID, AuthorID, PublisherID, PublishedYear) values (470, 'Knife in the Water (Nz w wodzie)', 6, 5, 189, 51, 2008);
insert into Book (BookID, BookName, Quantity, CategoryID, AuthorID, PublisherID, PublishedYear) values (471, 'Big Game', 20, 4, 98, 11, 1993);
insert into Book (BookID, BookName, Quantity, CategoryID, AuthorID, PublisherID, PublishedYear) values (472, 'Bananaz', 49, 6, 43, 36, 2000);
insert into Book (BookID, BookName, Quantity, CategoryID, AuthorID, PublisherID, PublishedYear) values (473, 'Def-Con 4', 22, 2, 99, 35, 1997);
insert into Book (BookID, BookName, Quantity, CategoryID, AuthorID, PublisherID, PublishedYear) values (474, 'Susana (Devil and the Flesh, The)', 11, 7, 107, 14, 1995);
insert into Book (BookID, BookName, Quantity, CategoryID, AuthorID, PublisherID, PublishedYear) values (475, 'Evening Star, The', 17, 7, 11, 1, 1997);
insert into Book (BookID, BookName, Quantity, CategoryID, AuthorID, PublisherID, PublishedYear) values (476, 'Just Friends', 31, 4, 49, 88, 2008);
insert into Book (BookID, BookName, Quantity, CategoryID, AuthorID, PublisherID, PublishedYear) values (477, 'The great match', 45, 4, 143, 100, 2003);
insert into Book (BookID, BookName, Quantity, CategoryID, AuthorID, PublisherID, PublishedYear) values (478, 'National Lampoon''s Pucked', 19, 3, 73, 87, 2005);
insert into Book (BookID, BookName, Quantity, CategoryID, AuthorID, PublisherID, PublishedYear) values (479, 'Love in the Afternoon', 49, 5, 46, 11, 1995);
insert into Book (BookID, BookName, Quantity, CategoryID, AuthorID, PublisherID, PublishedYear) values (480, 'Big Red One, The', 39, 2, 3, 29, 1996);
insert into Book (BookID, BookName, Quantity, CategoryID, AuthorID, PublisherID, PublishedYear) values (481, 'Living Proof', 45, 9, 136, 47, 1998);
insert into Book (BookID, BookName, Quantity, CategoryID, AuthorID, PublisherID, PublishedYear) values (482, 'Blonde Crazy', 22, 3, 95, 18, 2005);
insert into Book (BookID, BookName, Quantity, CategoryID, AuthorID, PublisherID, PublishedYear) values (483, 'Freedomfighters (Libertarias)', 4, 9, 1, 14, 1997);
insert into Book (BookID, BookName, Quantity, CategoryID, AuthorID, PublisherID, PublishedYear) values (484, 'Dreaming of Joseph Lees', 48, 5, 134, 27, 2008);
insert into Book (BookID, BookName, Quantity, CategoryID, AuthorID, PublisherID, PublishedYear) values (485, 'Tipping the Velvet', 37, 5, 28, 44, 1996);
insert into Book (BookID, BookName, Quantity, CategoryID, AuthorID, PublisherID, PublishedYear) values (486, 'The Kiss', 29, 2, 39, 22, 2006);
insert into Book (BookID, BookName, Quantity, CategoryID, AuthorID, PublisherID, PublishedYear) values (487, 'Destroyer', 20, 10, 105, 49, 1989);
insert into Book (BookID, BookName, Quantity, CategoryID, AuthorID, PublisherID, PublishedYear) values (488, 'Beaver Trilogy Part IV', 27, 3, 65, 35, 2012);
insert into Book (BookID, BookName, Quantity, CategoryID, AuthorID, PublisherID, PublishedYear) values (489, 'Plans for Tomorrow (Planes para maana)', 5, 7, 55, 83, 1994);
insert into Book (BookID, BookName, Quantity, CategoryID, AuthorID, PublisherID, PublishedYear) values (490, 'Tale of Ham and Passion, A (Jamn, Jamn)', 32, 2, 137, 9, 2010);
insert into Book (BookID, BookName, Quantity, CategoryID, AuthorID, PublisherID, PublishedYear) values (491, 'Hollywood Homicide', 34, 7, 42, 85, 1991);
insert into Book (BookID, BookName, Quantity, CategoryID, AuthorID, PublisherID, PublishedYear) values (492, 'Good Shepherd, The', 24, 7, 155, 16, 1999);
insert into Book (BookID, BookName, Quantity, CategoryID, AuthorID, PublisherID, PublishedYear) values (493, 'Thunderbolt (Pik lik feng)', 19, 1, 91, 9, 1998);
insert into Book (BookID, BookName, Quantity, CategoryID, AuthorID, PublisherID, PublishedYear) values (494, 'Soldier''s Daughter Never Cries, A', 4, 9, 65, 85, 1984);
insert into Book (BookID, BookName, Quantity, CategoryID, AuthorID, PublisherID, PublishedYear) values (495, 'Everyone Says I Love You', 45, 10, 40, 26, 2004);
insert into Book (BookID, BookName, Quantity, CategoryID, AuthorID, PublisherID, PublishedYear) values (496, 'Miss Kicki', 4, 5, 42, 55, 1992);
insert into Book (BookID, BookName, Quantity, CategoryID, AuthorID, PublisherID, PublishedYear) values (497, 'Brainstorm', 23, 6, 138, 94, 2000);
insert into Book (BookID, BookName, Quantity, CategoryID, AuthorID, PublisherID, PublishedYear) values (498, 'American Haunting, An', 46, 1, 92, 34, 1990);
insert into Book (BookID, BookName, Quantity, CategoryID, AuthorID, PublisherID, PublishedYear) values (499, 'Eight Legged Freaks', 36, 9, 154, 78, 1999);
insert into Book (BookID, BookName, Quantity, CategoryID, AuthorID, PublisherID, PublishedYear) values (500, 'Garlic Is As Good As Ten Mothers', 16, 6, 156, 31, 2010);
insert into Book (BookID, BookName, Quantity, CategoryID, AuthorID, PublisherID, PublishedYear) values (501, 'Joysticks', 14, 8, 35, 17, 1992);
insert into Book (BookID, BookName, Quantity, CategoryID, AuthorID, PublisherID, PublishedYear) values (502, 'Girl Who Talked to Dolphins, The', 31, 5, 107, 17, 2011);
insert into Book (BookID, BookName, Quantity, CategoryID, AuthorID, PublisherID, PublishedYear) values (503, 'Rnarna', 17, 6, 14, 79, 2001);
insert into Book (BookID, BookName, Quantity, CategoryID, AuthorID, PublisherID, PublishedYear) values (504, 'TPB AFK: The Pirate Bay Away from Keyboard', 25, 8, 16, 88, 1984);
insert into Book (BookID, BookName, Quantity, CategoryID, AuthorID, PublisherID, PublishedYear) values (505, 'Fan, The', 24, 5, 57, 25, 2013);
insert into Book (BookID, BookName, Quantity, CategoryID, AuthorID, PublisherID, PublishedYear) values (506, 'Palms (Ladoni)', 29, 3, 163, 20, 2002);
insert into Book (BookID, BookName, Quantity, CategoryID, AuthorID, PublisherID, PublishedYear) values (507, 'Lottery Ticket', 45, 3, 122, 94, 2007);
insert into Book (BookID, BookName, Quantity, CategoryID, AuthorID, PublisherID, PublishedYear) values (508, 'One and Only, Genuine, Original Family Band, The', 33, 6, 60, 79, 1995);
insert into Book (BookID, BookName, Quantity, CategoryID, AuthorID, PublisherID, PublishedYear) values (509, 'Holiday, The', 31, 6, 38, 91, 2001);
insert into Book (BookID, BookName, Quantity, CategoryID, AuthorID, PublisherID, PublishedYear) values (510, 'Wilde', 5, 4, 147, 71, 2010);
insert into Book (BookID, BookName, Quantity, CategoryID, AuthorID, PublisherID, PublishedYear) values (511, 'Dara  Briain Talks Funny: Live in London', 37, 9, 84, 14, 1987);
insert into Book (BookID, BookName, Quantity, CategoryID, AuthorID, PublisherID, PublishedYear) values (512, 'Soul Plane', 24, 7, 23, 63, 2009);
insert into Book (BookID, BookName, Quantity, CategoryID, AuthorID, PublisherID, PublishedYear) values (513, 'Mystics in Bali (Lek)', 45, 6, 79, 77, 1989);
insert into Book (BookID, BookName, Quantity, CategoryID, AuthorID, PublisherID, PublishedYear) values (514, 'Beverly Hills Cop', 38, 3, 123, 99, 2004);
insert into Book (BookID, BookName, Quantity, CategoryID, AuthorID, PublisherID, PublishedYear) values (515, 'Quiet Chaos (Caos calmo)', 38, 9, 147, 63, 2009);
insert into Book (BookID, BookName, Quantity, CategoryID, AuthorID, PublisherID, PublishedYear) values (516, 'In Darkness', 24, 4, 64, 55, 1968);
insert into Book (BookID, BookName, Quantity, CategoryID, AuthorID, PublisherID, PublishedYear) values (517, 'Christmas Carol, A (Scrooge)', 26, 5, 117, 67, 2011);
insert into Book (BookID, BookName, Quantity, CategoryID, AuthorID, PublisherID, PublishedYear) values (518, 'Garage, The', 13, 10, 140, 29, 1997);
insert into Book (BookID, BookName, Quantity, CategoryID, AuthorID, PublisherID, PublishedYear) values (519, 'Dr. Terror''s House of Horrors', 37, 3, 174, 48, 2012);
insert into Book (BookID, BookName, Quantity, CategoryID, AuthorID, PublisherID, PublishedYear) values (520, 'One Week', 33, 8, 20, 60, 2008);
insert into Book (BookID, BookName, Quantity, CategoryID, AuthorID, PublisherID, PublishedYear) values (521, 'Cosi', 23, 5, 54, 60, 1998);
insert into Book (BookID, BookName, Quantity, CategoryID, AuthorID, PublisherID, PublishedYear) values (522, 'Stepfather, The', 34, 1, 166, 10, 2003);
insert into Book (BookID, BookName, Quantity, CategoryID, AuthorID, PublisherID, PublishedYear) values (523, 'Fracture', 20, 8, 62, 9, 2003);
insert into Book (BookID, BookName, Quantity, CategoryID, AuthorID, PublisherID, PublishedYear) values (524, 'Jane Austen''s Mafia!', 17, 8, 52, 25, 2003);
insert into Book (BookID, BookName, Quantity, CategoryID, AuthorID, PublisherID, PublishedYear) values (525, 'New York Confidential', 30, 1, 47, 39, 1996);
insert into Book (BookID, BookName, Quantity, CategoryID, AuthorID, PublisherID, PublishedYear) values (526, 'Reality of Love, The (I Want to Marry Ryan Banks)', 15, 1, 61, 89, 1964);
insert into Book (BookID, BookName, Quantity, CategoryID, AuthorID, PublisherID, PublishedYear) values (527, 'TMNT (Teenage Mutant Ninja Turtles)', 19, 2, 141, 83, 2010);
insert into Book (BookID, BookName, Quantity, CategoryID, AuthorID, PublisherID, PublishedYear) values (528, 'Jingle All the Way 2', 50, 10, 113, 79, 1988);
insert into Book (BookID, BookName, Quantity, CategoryID, AuthorID, PublisherID, PublishedYear) values (529, 'Megan Is Missing', 40, 2, 165, 58, 1986);
insert into Book (BookID, BookName, Quantity, CategoryID, AuthorID, PublisherID, PublishedYear) values (530, 'Crazy Love', 11, 6, 185, 6, 1992);
insert into Book (BookID, BookName, Quantity, CategoryID, AuthorID, PublisherID, PublishedYear) values (531, 'Bleeding, The', 7, 3, 61, 14, 1993);
insert into Book (BookID, BookName, Quantity, CategoryID, AuthorID, PublisherID, PublishedYear) values (532, 'No Looking Back', 35, 10, 161, 17, 2006);
insert into Book (BookID, BookName, Quantity, CategoryID, AuthorID, PublisherID, PublishedYear) values (533, 'Sabata', 20, 10, 164, 34, 1993);
insert into Book (BookID, BookName, Quantity, CategoryID, AuthorID, PublisherID, PublishedYear) values (534, 'Kwik Stop', 4, 1, 94, 32, 2005);
insert into Book (BookID, BookName, Quantity, CategoryID, AuthorID, PublisherID, PublishedYear) values (535, 'Mulberry Street', 1, 8, 156, 62, 1987);
insert into Book (BookID, BookName, Quantity, CategoryID, AuthorID, PublisherID, PublishedYear) values (536, 'Stand, The', 15, 9, 178, 18, 1996);
insert into Book (BookID, BookName, Quantity, CategoryID, AuthorID, PublisherID, PublishedYear) values (537, 'Rendezvous', 14, 10, 103, 30, 2005);
insert into Book (BookID, BookName, Quantity, CategoryID, AuthorID, PublisherID, PublishedYear) values (538, 'Green Berets, The', 24, 4, 153, 78, 1990);
insert into Book (BookID, BookName, Quantity, CategoryID, AuthorID, PublisherID, PublishedYear) values (539, 'Darkman II: Return of Durant, The', 9, 2, 14, 41, 1993);
insert into Book (BookID, BookName, Quantity, CategoryID, AuthorID, PublisherID, PublishedYear) values (540, 'Ski Patrol', 46, 5, 186, 24, 2004);
insert into Book (BookID, BookName, Quantity, CategoryID, AuthorID, PublisherID, PublishedYear) values (541, 'Loose Change 9/11: An American Coup', 27, 4, 98, 69, 1994);
insert into Book (BookID, BookName, Quantity, CategoryID, AuthorID, PublisherID, PublishedYear) values (542, 'Happy Tears', 2, 9, 169, 97, 2008);
insert into Book (BookID, BookName, Quantity, CategoryID, AuthorID, PublisherID, PublishedYear) values (543, 'Tank', 22, 9, 71, 84, 2002);
insert into Book (BookID, BookName, Quantity, CategoryID, AuthorID, PublisherID, PublishedYear) values (544, 'Control (Kontroll)', 26, 4, 148, 24, 2005);
insert into Book (BookID, BookName, Quantity, CategoryID, AuthorID, PublisherID, PublishedYear) values (545, 'Pop Redemption', 39, 6, 183, 69, 2011);
insert into Book (BookID, BookName, Quantity, CategoryID, AuthorID, PublisherID, PublishedYear) values (546, 'Tattoo Nation', 50, 4, 46, 66, 2008);
insert into Book (BookID, BookName, Quantity, CategoryID, AuthorID, PublisherID, PublishedYear) values (547, 'Uninvited, The', 10, 7, 150, 83, 2007);
insert into Book (BookID, BookName, Quantity, CategoryID, AuthorID, PublisherID, PublishedYear) values (548, 'Changing Times (Les temps qui changent)', 45, 2, 8, 48, 2008);
insert into Book (BookID, BookName, Quantity, CategoryID, AuthorID, PublisherID, PublishedYear) values (549, 'Amazonia', 25, 9, 99, 68, 1967);
insert into Book (BookID, BookName, Quantity, CategoryID, AuthorID, PublisherID, PublishedYear) values (550, 'Austin Powers in Goldmember', 7, 4, 172, 52, 2012);
insert into Book (BookID, BookName, Quantity, CategoryID, AuthorID, PublisherID, PublishedYear) values (551, 'Holy Matrimony', 26, 8, 12, 3, 1988);
insert into Book (BookID, BookName, Quantity, CategoryID, AuthorID, PublisherID, PublishedYear) values (552, 'Three Crowns of the Sailor (Les trois couronnes du matelot)', 39, 3, 68, 69, 2001);
insert into Book (BookID, BookName, Quantity, CategoryID, AuthorID, PublisherID, PublishedYear) values (553, 'My Grandfather''s People (Dedemin insanlari)', 40, 6, 159, 41, 2011);
insert into Book (BookID, BookName, Quantity, CategoryID, AuthorID, PublisherID, PublishedYear) values (554, 'Silver Bears', 15, 3, 200, 74, 2010);
insert into Book (BookID, BookName, Quantity, CategoryID, AuthorID, PublisherID, PublishedYear) values (555, 'Buried Alive II', 6, 5, 193, 78, 2006);
insert into Book (BookID, BookName, Quantity, CategoryID, AuthorID, PublisherID, PublishedYear) values (556, 'Osama', 40, 2, 165, 6, 2002);
insert into Book (BookID, BookName, Quantity, CategoryID, AuthorID, PublisherID, PublishedYear) values (557, 'Cairo Station (a.k.a. Iron Gate, The) (Bab el hadid)', 9, 4, 145, 68, 1998);
insert into Book (BookID, BookName, Quantity, CategoryID, AuthorID, PublisherID, PublishedYear) values (558, 'Sidewalls (Medianeras)', 19, 5, 87, 46, 1995);
insert into Book (BookID, BookName, Quantity, CategoryID, AuthorID, PublisherID, PublishedYear) values (559, 'Wild Horse, Wild Ride', 26, 8, 23, 21, 1997);
insert into Book (BookID, BookName, Quantity, CategoryID, AuthorID, PublisherID, PublishedYear) values (560, 'Wholly Moses', 10, 2, 194, 6, 2007);
insert into Book (BookID, BookName, Quantity, CategoryID, AuthorID, PublisherID, PublishedYear) values (561, 'Space Is The Place', 8, 3, 174, 43, 2001);
insert into Book (BookID, BookName, Quantity, CategoryID, AuthorID, PublisherID, PublishedYear) values (562, 'Knight''s Tale, A', 47, 2, 89, 6, 2012);
insert into Book (BookID, BookName, Quantity, CategoryID, AuthorID, PublisherID, PublishedYear) values (563, 'Diary of a Country Priest (Journal d''un cur de campagne)', 17, 5, 99, 6, 1970);
insert into Book (BookID, BookName, Quantity, CategoryID, AuthorID, PublisherID, PublishedYear) values (564, 'Ben X', 11, 6, 170, 51, 1992);
insert into Book (BookID, BookName, Quantity, CategoryID, AuthorID, PublisherID, PublishedYear) values (565, 'Making ''The New World''', 17, 6, 190, 95, 2011);
insert into Book (BookID, BookName, Quantity, CategoryID, AuthorID, PublisherID, PublishedYear) values (566, 'The Face of Marble', 39, 9, 95, 9, 1964);
insert into Book (BookID, BookName, Quantity, CategoryID, AuthorID, PublisherID, PublishedYear) values (567, 'And Nobody Weeps for Me (Und keiner weint mir nach)', 3, 6, 111, 71, 1999);
insert into Book (BookID, BookName, Quantity, CategoryID, AuthorID, PublisherID, PublishedYear) values (568, 'Romper Stomper', 19, 7, 81, 39, 2011);
insert into Book (BookID, BookName, Quantity, CategoryID, AuthorID, PublisherID, PublishedYear) values (569, 'Invisible Invaders', 32, 4, 186, 46, 2009);
insert into Book (BookID, BookName, Quantity, CategoryID, AuthorID, PublisherID, PublishedYear) values (570, 'The Story of Robin Hood and His Merrie Men', 27, 1, 171, 40, 1998);
insert into Book (BookID, BookName, Quantity, CategoryID, AuthorID, PublisherID, PublishedYear) values (571, 'George Carlin: It''s Bad for Ya!', 29, 7, 49, 87, 2011);
insert into Book (BookID, BookName, Quantity, CategoryID, AuthorID, PublisherID, PublishedYear) values (572, 'Susannah of the Mounties', 50, 8, 146, 41, 1999);
insert into Book (BookID, BookName, Quantity, CategoryID, AuthorID, PublisherID, PublishedYear) values (573, 'Bad Company', 21, 8, 37, 28, 2007);
insert into Book (BookID, BookName, Quantity, CategoryID, AuthorID, PublisherID, PublishedYear) values (574, 'PT 109', 7, 2, 180, 68, 1969);
insert into Book (BookID, BookName, Quantity, CategoryID, AuthorID, PublisherID, PublishedYear) values (575, 'Tightrope', 48, 2, 149, 72, 2012);
insert into Book (BookID, BookName, Quantity, CategoryID, AuthorID, PublisherID, PublishedYear) values (576, '16 Blocks', 20, 7, 15, 22, 1994);
insert into Book (BookID, BookName, Quantity, CategoryID, AuthorID, PublisherID, PublishedYear) values (577, 'Ring of Terror', 40, 7, 152, 78, 1993);
insert into Book (BookID, BookName, Quantity, CategoryID, AuthorID, PublisherID, PublishedYear) values (578, 'Dear Frankie', 27, 9, 63, 81, 2011);
insert into Book (BookID, BookName, Quantity, CategoryID, AuthorID, PublisherID, PublishedYear) values (579, 'Grand Prix', 38, 1, 23, 46, 2010);
insert into Book (BookID, BookName, Quantity, CategoryID, AuthorID, PublisherID, PublishedYear) values (580, 'Whatever', 25, 3, 101, 18, 2007);
insert into Book (BookID, BookName, Quantity, CategoryID, AuthorID, PublisherID, PublishedYear) values (581, 'At Land', 5, 1, 28, 85, 2013);
insert into Book (BookID, BookName, Quantity, CategoryID, AuthorID, PublisherID, PublishedYear) values (582, 'Five', 44, 1, 38, 26, 2006);
insert into Book (BookID, BookName, Quantity, CategoryID, AuthorID, PublisherID, PublishedYear) values (583, 'Happenstance (Battement d''ailes du papillon, Le)', 9, 3, 134, 38, 2004);
insert into Book (BookID, BookName, Quantity, CategoryID, AuthorID, PublisherID, PublishedYear) values (584, 'Time of Eve (Eve no jikan)', 13, 2, 170, 30, 2012);
insert into Book (BookID, BookName, Quantity, CategoryID, AuthorID, PublisherID, PublishedYear) values (585, 'Forest Warrior', 30, 3, 19, 11, 1976);
insert into Book (BookID, BookName, Quantity, CategoryID, AuthorID, PublisherID, PublishedYear) values (586, 'Lust for Love', 32, 9, 97, 98, 2011);
insert into Book (BookID, BookName, Quantity, CategoryID, AuthorID, PublisherID, PublishedYear) values (587, 'Paycheck', 14, 8, 168, 9, 2004);
insert into Book (BookID, BookName, Quantity, CategoryID, AuthorID, PublisherID, PublishedYear) values (588, 'Born to Defense (Zhong hua ying xiong)', 26, 5, 129, 71, 2002);
insert into Book (BookID, BookName, Quantity, CategoryID, AuthorID, PublisherID, PublishedYear) values (589, 'April Fool''s Day', 23, 1, 187, 23, 2008);
insert into Book (BookID, BookName, Quantity, CategoryID, AuthorID, PublisherID, PublishedYear) values (590, 'Towelhead (a.k.a. Nothing is Private)', 24, 7, 190, 56, 1988);
insert into Book (BookID, BookName, Quantity, CategoryID, AuthorID, PublisherID, PublishedYear) values (591, 'Now You See Him, Now You Don''t', 33, 3, 39, 77, 1987);
insert into Book (BookID, BookName, Quantity, CategoryID, AuthorID, PublisherID, PublishedYear) values (592, 'Selma', 39, 3, 107, 63, 1992);
insert into Book (BookID, BookName, Quantity, CategoryID, AuthorID, PublisherID, PublishedYear) values (593, 'Mr. Brooks', 4, 7, 33, 45, 1987);
insert into Book (BookID, BookName, Quantity, CategoryID, AuthorID, PublisherID, PublishedYear) values (594, 'Seeking Justice', 17, 7, 132, 37, 2010);
insert into Book (BookID, BookName, Quantity, CategoryID, AuthorID, PublisherID, PublishedYear) values (595, 'Behind the Candelabra', 38, 1, 4, 88, 1995);
insert into Book (BookID, BookName, Quantity, CategoryID, AuthorID, PublisherID, PublishedYear) values (596, 'Simple Wish, A', 31, 10, 10, 84, 2003);
insert into Book (BookID, BookName, Quantity, CategoryID, AuthorID, PublisherID, PublishedYear) values (597, 'Sins', 41, 7, 35, 37, 1999);
insert into Book (BookID, BookName, Quantity, CategoryID, AuthorID, PublisherID, PublishedYear) values (598, 'Our Man in Havana', 21, 8, 120, 92, 1999);
insert into Book (BookID, BookName, Quantity, CategoryID, AuthorID, PublisherID, PublishedYear) values (599, 'Babylon 5: The Lost Tales - Voices in the Dark', 19, 5, 82, 11, 2007);
insert into Book (BookID, BookName, Quantity, CategoryID, AuthorID, PublisherID, PublishedYear) values (600, '3 Needles', 3, 8, 98, 1, 1992);
insert into Book (BookID, BookName, Quantity, CategoryID, AuthorID, PublisherID, PublishedYear) values (601, 'Trembling Before G-d', 4, 10, 174, 33, 2008);
insert into Book (BookID, BookName, Quantity, CategoryID, AuthorID, PublisherID, PublishedYear) values (602, 'Wattstax', 11, 4, 158, 86, 2000);
insert into Book (BookID, BookName, Quantity, CategoryID, AuthorID, PublisherID, PublishedYear) values (603, 'Free Radicals (Bse Zellen)', 14, 5, 99, 4, 2004);
insert into Book (BookID, BookName, Quantity, CategoryID, AuthorID, PublisherID, PublishedYear) values (604, 'House on Haunted Hill', 5, 3, 27, 47, 2011);
insert into Book (BookID, BookName, Quantity, CategoryID, AuthorID, PublisherID, PublishedYear) values (605, 'Faust', 1, 2, 126, 62, 2012);
insert into Book (BookID, BookName, Quantity, CategoryID, AuthorID, PublisherID, PublishedYear) values (606, 'Child''s Pose', 38, 5, 114, 39, 2007);
insert into Book (BookID, BookName, Quantity, CategoryID, AuthorID, PublisherID, PublishedYear) values (607, 'Keeper of the Flame', 22, 8, 76, 75, 1994);
insert into Book (BookID, BookName, Quantity, CategoryID, AuthorID, PublisherID, PublishedYear) values (608, 'American Friends', 18, 8, 72, 9, 2009);
insert into Book (BookID, BookName, Quantity, CategoryID, AuthorID, PublisherID, PublishedYear) values (609, 'Dorado, El', 11, 6, 157, 69, 2011);
insert into Book (BookID, BookName, Quantity, CategoryID, AuthorID, PublisherID, PublishedYear) values (610, 'Crazy Beautiful You', 29, 1, 127, 44, 1984);
insert into Book (BookID, BookName, Quantity, CategoryID, AuthorID, PublisherID, PublishedYear) values (611, 'Frida', 8, 8, 97, 42, 1990);
insert into Book (BookID, BookName, Quantity, CategoryID, AuthorID, PublisherID, PublishedYear) values (612, 'Dear Heart', 5, 3, 46, 74, 1999);
insert into Book (BookID, BookName, Quantity, CategoryID, AuthorID, PublisherID, PublishedYear) values (613, 'All That Heaven Allows', 25, 9, 40, 27, 2007);
insert into Book (BookID, BookName, Quantity, CategoryID, AuthorID, PublisherID, PublishedYear) values (614, 'How to Cook Your Life', 19, 2, 113, 6, 2004);
insert into Book (BookID, BookName, Quantity, CategoryID, AuthorID, PublisherID, PublishedYear) values (615, 'Top Five', 18, 5, 124, 66, 2004);
insert into Book (BookID, BookName, Quantity, CategoryID, AuthorID, PublisherID, PublishedYear) values (616, 'Shirley Valentine', 11, 8, 53, 1, 1993);
insert into Book (BookID, BookName, Quantity, CategoryID, AuthorID, PublisherID, PublishedYear) values (617, 'Devil Wears Prada, The', 37, 6, 108, 98, 2012);
insert into Book (BookID, BookName, Quantity, CategoryID, AuthorID, PublisherID, PublishedYear) values (618, 'Yesterday', 18, 2, 132, 37, 2011);
insert into Book (BookID, BookName, Quantity, CategoryID, AuthorID, PublisherID, PublishedYear) values (619, 'One I Love, The', 19, 4, 51, 61, 2003);
insert into Book (BookID, BookName, Quantity, CategoryID, AuthorID, PublisherID, PublishedYear) values (620, 'Mighty Uke', 46, 2, 17, 65, 2003);
insert into Book (BookID, BookName, Quantity, CategoryID, AuthorID, PublisherID, PublishedYear) values (621, 'Here Comes the Navy', 7, 8, 16, 22, 2010);
insert into Book (BookID, BookName, Quantity, CategoryID, AuthorID, PublisherID, PublishedYear) values (622, '''Twas the Night Before Christmas', 31, 5, 44, 77, 1994);
insert into Book (BookID, BookName, Quantity, CategoryID, AuthorID, PublisherID, PublishedYear) values (623, 'Along Came Jones', 21, 9, 98, 45, 2011);
insert into Book (BookID, BookName, Quantity, CategoryID, AuthorID, PublisherID, PublishedYear) values (624, 'Queen of Hearts', 9, 5, 174, 50, 1986);
insert into Book (BookID, BookName, Quantity, CategoryID, AuthorID, PublisherID, PublishedYear) values (625, 'New Police Story (Xin jing cha gu shi)', 49, 7, 54, 3, 2010);
insert into Book (BookID, BookName, Quantity, CategoryID, AuthorID, PublisherID, PublishedYear) values (626, 'Fara', 2, 4, 25, 45, 2005);
insert into Book (BookID, BookName, Quantity, CategoryID, AuthorID, PublisherID, PublishedYear) values (627, 'Desperately Seeking Susan', 7, 9, 95, 67, 2011);
insert into Book (BookID, BookName, Quantity, CategoryID, AuthorID, PublisherID, PublishedYear) values (628, 'Larks on a String (Skrivnci na niti)', 8, 7, 127, 2, 2008);
insert into Book (BookID, BookName, Quantity, CategoryID, AuthorID, PublisherID, PublishedYear) values (629, 'Mr. Pip', 10, 8, 199, 7, 2011);
insert into Book (BookID, BookName, Quantity, CategoryID, AuthorID, PublisherID, PublishedYear) values (630, 'Charlie Chan at Monte Carlo', 33, 4, 24, 41, 1990);
insert into Book (BookID, BookName, Quantity, CategoryID, AuthorID, PublisherID, PublishedYear) values (631, 'Shout', 22, 8, 111, 6, 2003);
insert into Book (BookID, BookName, Quantity, CategoryID, AuthorID, PublisherID, PublishedYear) values (632, 'For Your Eyes Only', 28, 6, 27, 1, 2005);
insert into Book (BookID, BookName, Quantity, CategoryID, AuthorID, PublisherID, PublishedYear) values (633, 'Comedy of Innocence (Comdie de l''innocence)', 26, 2, 66, 57, 2004);
insert into Book (BookID, BookName, Quantity, CategoryID, AuthorID, PublisherID, PublishedYear) values (634, 'Kounterfeit', 41, 3, 34, 90, 2013);
insert into Book (BookID, BookName, Quantity, CategoryID, AuthorID, PublisherID, PublishedYear) values (635, 'Powers of Ten', 46, 9, 142, 77, 2005);
insert into Book (BookID, BookName, Quantity, CategoryID, AuthorID, PublisherID, PublishedYear) values (636, 'Kevin Smith: Too Fat For 40', 44, 2, 162, 26, 2011);
insert into Book (BookID, BookName, Quantity, CategoryID, AuthorID, PublisherID, PublishedYear) values (637, 'Halo 4: Forward Unto Dawn', 2, 7, 51, 100, 1995);
insert into Book (BookID, BookName, Quantity, CategoryID, AuthorID, PublisherID, PublishedYear) values (638, 'Sorority House Massacre', 29, 6, 140, 49, 2002);
insert into Book (BookID, BookName, Quantity, CategoryID, AuthorID, PublisherID, PublishedYear) values (639, 'Bandit: Bandit''s Silver Angel (Smokey and the Bandit 7) (Bandit: Bandit and the Silver Angel)', 24, 3, 107, 22, 1993);
insert into Book (BookID, BookName, Quantity, CategoryID, AuthorID, PublisherID, PublishedYear) values (640, 'Finding North', 29, 10, 182, 84, 2002);
insert into Book (BookID, BookName, Quantity, CategoryID, AuthorID, PublisherID, PublishedYear) values (641, 'Simply Irresistible', 21, 3, 108, 78, 1992);
insert into Book (BookID, BookName, Quantity, CategoryID, AuthorID, PublisherID, PublishedYear) values (642, 'Overboard', 21, 1, 81, 87, 2001);
insert into Book (BookID, BookName, Quantity, CategoryID, AuthorID, PublisherID, PublishedYear) values (643, 'Wadd: The Life & Times of John C. Holmes', 22, 2, 10, 77, 1998);
insert into Book (BookID, BookName, Quantity, CategoryID, AuthorID, PublisherID, PublishedYear) values (644, 'Burning, The', 49, 3, 193, 45, 2009);
insert into Book (BookID, BookName, Quantity, CategoryID, AuthorID, PublisherID, PublishedYear) values (645, 'Amores Perros (Love''s a Bitch)', 17, 2, 127, 59, 2007);
insert into Book (BookID, BookName, Quantity, CategoryID, AuthorID, PublisherID, PublishedYear) values (646, 'Mouth to Mouth', 4, 3, 130, 3, 2000);
insert into Book (BookID, BookName, Quantity, CategoryID, AuthorID, PublisherID, PublishedYear) values (647, 'It Came from Beneath the Sea', 7, 5, 127, 95, 2000);
insert into Book (BookID, BookName, Quantity, CategoryID, AuthorID, PublisherID, PublishedYear) values (648, 'Paddington', 36, 7, 128, 43, 2004);
insert into Book (BookID, BookName, Quantity, CategoryID, AuthorID, PublisherID, PublishedYear) values (649, 'Ambition', 26, 8, 197, 48, 2010);
insert into Book (BookID, BookName, Quantity, CategoryID, AuthorID, PublisherID, PublishedYear) values (650, 'Knight of Cups', 50, 8, 29, 46, 1984);
insert into Book (BookID, BookName, Quantity, CategoryID, AuthorID, PublisherID, PublishedYear) values (651, 'Kid With a Bike, The (Le gamin au vlo)', 50, 6, 188, 49, 1992);
insert into Book (BookID, BookName, Quantity, CategoryID, AuthorID, PublisherID, PublishedYear) values (652, 'Missing in Action', 24, 10, 83, 81, 1994);
insert into Book (BookID, BookName, Quantity, CategoryID, AuthorID, PublisherID, PublishedYear) values (653, 'Kosmos', 12, 9, 174, 81, 1992);
insert into Book (BookID, BookName, Quantity, CategoryID, AuthorID, PublisherID, PublishedYear) values (654, 'How to Beat the High Cost of Living', 2, 2, 122, 72, 1996);
insert into Book (BookID, BookName, Quantity, CategoryID, AuthorID, PublisherID, PublishedYear) values (655, 'Xtro 2: The Second Encounter', 4, 3, 69, 24, 2008);
insert into Book (BookID, BookName, Quantity, CategoryID, AuthorID, PublisherID, PublishedYear) values (656, 'Leprechaun 4: In Space', 31, 3, 64, 97, 1993);
insert into Book (BookID, BookName, Quantity, CategoryID, AuthorID, PublisherID, PublishedYear) values (657, 'Summer at Grandpa''s, A (Dong dong de jia qi)', 41, 1, 155, 11, 2008);
insert into Book (BookID, BookName, Quantity, CategoryID, AuthorID, PublisherID, PublishedYear) values (658, 'Down and Derby', 47, 6, 176, 52, 2010);
insert into Book (BookID, BookName, Quantity, CategoryID, AuthorID, PublisherID, PublishedYear) values (659, 'Moonlight Murder', 15, 10, 41, 22, 1992);
insert into Book (BookID, BookName, Quantity, CategoryID, AuthorID, PublisherID, PublishedYear) values (660, 'Wayward Bus, The', 28, 1, 98, 12, 2011);
insert into Book (BookID, BookName, Quantity, CategoryID, AuthorID, PublisherID, PublishedYear) values (661, 'Hijacking Catastrophe: 9/11, Fear & the Selling of American Empire', 23, 6, 19, 60, 1996);
insert into Book (BookID, BookName, Quantity, CategoryID, AuthorID, PublisherID, PublishedYear) values (662, 'Yellow Sky', 28, 1, 74, 57, 2001);
insert into Book (BookID, BookName, Quantity, CategoryID, AuthorID, PublisherID, PublishedYear) values (663, 'Sword of Doom, The (Dai-bosatsu tge)', 32, 3, 24, 22, 1990);
insert into Book (BookID, BookName, Quantity, CategoryID, AuthorID, PublisherID, PublishedYear) values (664, 'Man on a Mission: Richard Garriott''s Road to the Stars', 16, 2, 90, 88, 1990);
insert into Book (BookID, BookName, Quantity, CategoryID, AuthorID, PublisherID, PublishedYear) values (665, 'Last of England, The', 43, 10, 73, 87, 1994);
insert into Book (BookID, BookName, Quantity, CategoryID, AuthorID, PublisherID, PublishedYear) values (666, 'King Solomon''s Mines', 34, 3, 191, 90, 2009);
insert into Book (BookID, BookName, Quantity, CategoryID, AuthorID, PublisherID, PublishedYear) values (667, 'Diary of a Chambermaid (Journal d''une femme de chambre, Le)', 39, 9, 31, 43, 2009);
insert into Book (BookID, BookName, Quantity, CategoryID, AuthorID, PublisherID, PublishedYear) values (668, 'Play Time (a.k.a. Playtime)', 12, 10, 141, 83, 1985);
insert into Book (BookID, BookName, Quantity, CategoryID, AuthorID, PublisherID, PublishedYear) values (669, 'Grumpy Cat''s Worst Christmas Ever', 19, 7, 160, 84, 2005);
insert into Book (BookID, BookName, Quantity, CategoryID, AuthorID, PublisherID, PublishedYear) values (670, 'Lahore', 35, 6, 152, 66, 1996);
insert into Book (BookID, BookName, Quantity, CategoryID, AuthorID, PublisherID, PublishedYear) values (671, 'Drive Me Crazy', 17, 6, 76, 83, 2006);
insert into Book (BookID, BookName, Quantity, CategoryID, AuthorID, PublisherID, PublishedYear) values (672, 'H6: Diario de un asesino', 45, 1, 29, 69, 1972);
insert into Book (BookID, BookName, Quantity, CategoryID, AuthorID, PublisherID, PublishedYear) values (673, 'Scenesters, The', 5, 5, 116, 45, 1995);
insert into Book (BookID, BookName, Quantity, CategoryID, AuthorID, PublisherID, PublishedYear) values (674, 'Kiss, The', 50, 7, 159, 60, 1995);
insert into Book (BookID, BookName, Quantity, CategoryID, AuthorID, PublisherID, PublishedYear) values (675, 'The Last Outpost', 14, 2, 171, 40, 2001);
insert into Book (BookID, BookName, Quantity, CategoryID, AuthorID, PublisherID, PublishedYear) values (676, 'Art School Confidential', 34, 9, 5, 42, 1996);
insert into Book (BookID, BookName, Quantity, CategoryID, AuthorID, PublisherID, PublishedYear) values (677, 'Sleepaway Camp', 30, 6, 146, 53, 1995);
insert into Book (BookID, BookName, Quantity, CategoryID, AuthorID, PublisherID, PublishedYear) values (678, 'Adventures of Felix, The (a.k.a. Funny Felix) (Drle de Flix)', 19, 4, 153, 8, 2013);
insert into Book (BookID, BookName, Quantity, CategoryID, AuthorID, PublisherID, PublishedYear) values (679, 'Odd Thomas', 9, 5, 28, 2, 2003);
insert into Book (BookID, BookName, Quantity, CategoryID, AuthorID, PublisherID, PublishedYear) values (680, 'Paradise for Three', 47, 8, 109, 48, 2009);
insert into Book (BookID, BookName, Quantity, CategoryID, AuthorID, PublisherID, PublishedYear) values (681, 'Shipping News, The', 1, 7, 192, 40, 2010);
insert into Book (BookID, BookName, Quantity, CategoryID, AuthorID, PublisherID, PublishedYear) values (682, 'All Night Long', 23, 10, 27, 71, 2005);
insert into Book (BookID, BookName, Quantity, CategoryID, AuthorID, PublisherID, PublishedYear) values (683, 'Astronaut Farmer, The', 10, 3, 75, 86, 2003);
insert into Book (BookID, BookName, Quantity, CategoryID, AuthorID, PublisherID, PublishedYear) values (684, 'TV Junkie', 39, 7, 17, 49, 1992);
insert into Book (BookID, BookName, Quantity, CategoryID, AuthorID, PublisherID, PublishedYear) values (685, 'Life During Wartime', 10, 7, 129, 45, 2000);
insert into Book (BookID, BookName, Quantity, CategoryID, AuthorID, PublisherID, PublishedYear) values (686, 'Mighty Morphin Power Rangers: The Movie', 10, 3, 137, 20, 1998);
insert into Book (BookID, BookName, Quantity, CategoryID, AuthorID, PublisherID, PublishedYear) values (687, 'In Vogue: The Editor?s Eye', 11, 9, 120, 98, 1999);
insert into Book (BookID, BookName, Quantity, CategoryID, AuthorID, PublisherID, PublishedYear) values (688, 'Waterloo Bridge', 14, 3, 101, 25, 2005);
insert into Book (BookID, BookName, Quantity, CategoryID, AuthorID, PublisherID, PublishedYear) values (689, 'Colpo in canna', 11, 10, 187, 35, 2007);
insert into Book (BookID, BookName, Quantity, CategoryID, AuthorID, PublisherID, PublishedYear) values (690, 'Terraferma', 30, 6, 13, 99, 2008);
insert into Book (BookID, BookName, Quantity, CategoryID, AuthorID, PublisherID, PublishedYear) values (691, 'Crippled Avengers (Can que) (Return of the 5 Deadly Venoms)', 2, 5, 3, 85, 2009);
insert into Book (BookID, BookName, Quantity, CategoryID, AuthorID, PublisherID, PublishedYear) values (692, 'Demons 2 (Dmoni 2... l''incubo ritorna)', 46, 2, 172, 20, 1994);
insert into Book (BookID, BookName, Quantity, CategoryID, AuthorID, PublisherID, PublishedYear) values (693, 'Sniper 2', 49, 7, 13, 9, 1987);
insert into Book (BookID, BookName, Quantity, CategoryID, AuthorID, PublisherID, PublishedYear) values (694, 'Deep Rising', 26, 3, 105, 11, 2007);
insert into Book (BookID, BookName, Quantity, CategoryID, AuthorID, PublisherID, PublishedYear) values (695, 'Dark, The', 6, 1, 119, 76, 1986);
insert into Book (BookID, BookName, Quantity, CategoryID, AuthorID, PublisherID, PublishedYear) values (696, 'Man from Snowy River, The', 31, 7, 186, 15, 1985);
insert into Book (BookID, BookName, Quantity, CategoryID, AuthorID, PublisherID, PublishedYear) values (697, 'Colt 38 Special Squad', 40, 10, 101, 89, 2006);
insert into Book (BookID, BookName, Quantity, CategoryID, AuthorID, PublisherID, PublishedYear) values (698, 'Night Listener, The', 44, 2, 90, 96, 2006);
insert into Book (BookID, BookName, Quantity, CategoryID, AuthorID, PublisherID, PublishedYear) values (699, 'Prince & Me II: The Royal Wedding, The', 41, 3, 41, 98, 1998);
insert into Book (BookID, BookName, Quantity, CategoryID, AuthorID, PublisherID, PublishedYear) values (700, 'Septien', 40, 3, 70, 9, 1992);
insert into Book (BookID, BookName, Quantity, CategoryID, AuthorID, PublisherID, PublishedYear) values (701, 'Dust of Time, The', 3, 8, 154, 89, 2000);
insert into Book (BookID, BookName, Quantity, CategoryID, AuthorID, PublisherID, PublishedYear) values (702, 'Beach Party', 8, 2, 59, 94, 1995);
insert into Book (BookID, BookName, Quantity, CategoryID, AuthorID, PublisherID, PublishedYear) values (703, 'Business of Being Born, The', 45, 2, 52, 95, 1997);
insert into Book (BookID, BookName, Quantity, CategoryID, AuthorID, PublisherID, PublishedYear) values (704, 'Corky Romano', 31, 7, 95, 26, 2008);
insert into Book (BookID, BookName, Quantity, CategoryID, AuthorID, PublisherID, PublishedYear) values (705, 'Three Faces of Eve, The', 1, 3, 71, 62, 1996);
insert into Book (BookID, BookName, Quantity, CategoryID, AuthorID, PublisherID, PublishedYear) values (706, 'Jet Lag (Dcalage horaire)', 50, 6, 51, 64, 1999);
insert into Book (BookID, BookName, Quantity, CategoryID, AuthorID, PublisherID, PublishedYear) values (707, 'Amos & Andrew', 11, 3, 7, 55, 2002);
insert into Book (BookID, BookName, Quantity, CategoryID, AuthorID, PublisherID, PublishedYear) values (708, 'Rollercoaster', 44, 7, 41, 54, 2006);
insert into Book (BookID, BookName, Quantity, CategoryID, AuthorID, PublisherID, PublishedYear) values (709, 'Supercross', 20, 9, 157, 100, 1971);
insert into Book (BookID, BookName, Quantity, CategoryID, AuthorID, PublisherID, PublishedYear) values (710, 'Offspring ', 27, 7, 59, 68, 1993);
insert into Book (BookID, BookName, Quantity, CategoryID, AuthorID, PublisherID, PublishedYear) values (711, 'Omen, The', 29, 5, 44, 92, 1987);
insert into Book (BookID, BookName, Quantity, CategoryID, AuthorID, PublisherID, PublishedYear) values (712, 'Darling', 21, 9, 32, 24, 2004);
insert into Book (BookID, BookName, Quantity, CategoryID, AuthorID, PublisherID, PublishedYear) values (713, 'Woman Thou Art Loosed', 15, 7, 44, 34, 1993);
insert into Book (BookID, BookName, Quantity, CategoryID, AuthorID, PublisherID, PublishedYear) values (714, 'Delivery Man', 28, 5, 38, 87, 2009);
insert into Book (BookID, BookName, Quantity, CategoryID, AuthorID, PublisherID, PublishedYear) values (715, 'Conversations with My Gardener (Dialogue avec mon jardinier)', 43, 7, 140, 4, 1997);
insert into Book (BookID, BookName, Quantity, CategoryID, AuthorID, PublisherID, PublishedYear) values (716, 'All I Desire', 24, 10, 20, 10, 1986);
insert into Book (BookID, BookName, Quantity, CategoryID, AuthorID, PublisherID, PublishedYear) values (717, 'Closer to the Moon', 33, 1, 190, 43, 2006);
insert into Book (BookID, BookName, Quantity, CategoryID, AuthorID, PublisherID, PublishedYear) values (718, 'Peanuts - Die Bank zahlt alles', 38, 9, 91, 92, 2008);
insert into Book (BookID, BookName, Quantity, CategoryID, AuthorID, PublisherID, PublishedYear) values (719, 'Send a Bullet (Manda Bala)', 16, 7, 111, 23, 1995);
insert into Book (BookID, BookName, Quantity, CategoryID, AuthorID, PublisherID, PublishedYear) values (720, 'Tokyo Godfathers', 40, 2, 92, 92, 1999);
insert into Book (BookID, BookName, Quantity, CategoryID, AuthorID, PublisherID, PublishedYear) values (721, 'Seed of Chucky (Child''s Play 5)', 21, 2, 75, 26, 1996);
insert into Book (BookID, BookName, Quantity, CategoryID, AuthorID, PublisherID, PublishedYear) values (722, 'Flying Down to Rio', 43, 3, 105, 15, 1963);
insert into Book (BookID, BookName, Quantity, CategoryID, AuthorID, PublisherID, PublishedYear) values (723, 'Good Morning (Ohay)', 22, 6, 134, 44, 1985);
insert into Book (BookID, BookName, Quantity, CategoryID, AuthorID, PublisherID, PublishedYear) values (724, 'Jean-Michel Basquiat: The Radiant Child', 29, 1, 83, 58, 2012);
insert into Book (BookID, BookName, Quantity, CategoryID, AuthorID, PublisherID, PublishedYear) values (725, 'Children Who Chase Lost Voices from Deep Below (Hoshi o ou kodomo) (Journey to Agartha)', 45, 5, 187, 69, 2001);
insert into Book (BookID, BookName, Quantity, CategoryID, AuthorID, PublisherID, PublishedYear) values (726, 'Underground: The Julian Assange Story', 11, 5, 73, 56, 1998);
insert into Book (BookID, BookName, Quantity, CategoryID, AuthorID, PublisherID, PublishedYear) values (727, 'New Barbarians, The (I nuovi barbari)', 40, 7, 30, 23, 1988);
insert into Book (BookID, BookName, Quantity, CategoryID, AuthorID, PublisherID, PublishedYear) values (728, 'Journey to the Center of the Earth', 19, 4, 85, 72, 2011);
insert into Book (BookID, BookName, Quantity, CategoryID, AuthorID, PublisherID, PublishedYear) values (729, 'Deadline', 6, 9, 59, 35, 1996);
insert into Book (BookID, BookName, Quantity, CategoryID, AuthorID, PublisherID, PublishedYear) values (730, 'Russkies', 21, 10, 16, 55, 1991);
insert into Book (BookID, BookName, Quantity, CategoryID, AuthorID, PublisherID, PublishedYear) values (731, 'Youth of the Beast (Yaju no seishun)', 35, 9, 25, 19, 2010);
insert into Book (BookID, BookName, Quantity, CategoryID, AuthorID, PublisherID, PublishedYear) values (732, 'Dragon Tiger Gate (Lung fu moon)', 16, 6, 196, 89, 2006);
insert into Book (BookID, BookName, Quantity, CategoryID, AuthorID, PublisherID, PublishedYear) values (733, 'Demonlover', 7, 9, 71, 21, 2001);
insert into Book (BookID, BookName, Quantity, CategoryID, AuthorID, PublisherID, PublishedYear) values (734, 'Happy Poet, The', 26, 10, 31, 60, 1987);
insert into Book (BookID, BookName, Quantity, CategoryID, AuthorID, PublisherID, PublishedYear) values (735, 'Holiday, The', 36, 9, 115, 43, 1995);
insert into Book (BookID, BookName, Quantity, CategoryID, AuthorID, PublisherID, PublishedYear) values (736, 'Killing Lincoln', 38, 6, 65, 77, 2004);
insert into Book (BookID, BookName, Quantity, CategoryID, AuthorID, PublisherID, PublishedYear) values (737, 'Pink Panther, The', 47, 9, 69, 4, 2001);
insert into Book (BookID, BookName, Quantity, CategoryID, AuthorID, PublisherID, PublishedYear) values (738, 'Black Butterflies', 26, 3, 138, 53, 1999);
insert into Book (BookID, BookName, Quantity, CategoryID, AuthorID, PublisherID, PublishedYear) values (739, 'Mysterious X, The (Sealed Orders) (Det hemmelighedsfulde X)', 13, 8, 48, 28, 1993);
insert into Book (BookID, BookName, Quantity, CategoryID, AuthorID, PublisherID, PublishedYear) values (740, 'Universal Soldier: Regeneration', 15, 9, 68, 86, 2006);
insert into Book (BookID, BookName, Quantity, CategoryID, AuthorID, PublisherID, PublishedYear) values (741, 'Elstree Calling', 1, 8, 53, 24, 1999);
insert into Book (BookID, BookName, Quantity, CategoryID, AuthorID, PublisherID, PublishedYear) values (742, 'YellowBrickRoad', 19, 5, 58, 69, 2004);
insert into Book (BookID, BookName, Quantity, CategoryID, AuthorID, PublisherID, PublishedYear) values (743, 'Black Magic Rites & the Secret Orgies of the 14th Century (Riti, magie nere e segrete orge nel trecento...)', 14, 9, 169, 67, 2010);
insert into Book (BookID, BookName, Quantity, CategoryID, AuthorID, PublisherID, PublishedYear) values (744, 'Franklyn', 27, 2, 172, 5, 1997);
insert into Book (BookID, BookName, Quantity, CategoryID, AuthorID, PublisherID, PublishedYear) values (745, 'Twilight Samurai, The (Tasogare Seibei)', 50, 1, 1, 59, 2007);
insert into Book (BookID, BookName, Quantity, CategoryID, AuthorID, PublisherID, PublishedYear) values (746, 'Finger, The (Dedo, El)', 12, 4, 52, 85, 2003);
insert into Book (BookID, BookName, Quantity, CategoryID, AuthorID, PublisherID, PublishedYear) values (747, 'Enron: The Smartest Guys in the Room', 32, 3, 85, 25, 1990);
insert into Book (BookID, BookName, Quantity, CategoryID, AuthorID, PublisherID, PublishedYear) values (748, 'Spy Kids: All the Time in the World in 4D', 15, 3, 27, 92, 2010);
insert into Book (BookID, BookName, Quantity, CategoryID, AuthorID, PublisherID, PublishedYear) values (749, 'Coriolanus', 5, 9, 139, 92, 1997);
insert into Book (BookID, BookName, Quantity, CategoryID, AuthorID, PublisherID, PublishedYear) values (750, 'After Earth', 36, 6, 57, 38, 2010);
insert into Book (BookID, BookName, Quantity, CategoryID, AuthorID, PublisherID, PublishedYear) values (751, 'Stonehenge Apocalypse', 13, 7, 159, 52, 2002);
insert into Book (BookID, BookName, Quantity, CategoryID, AuthorID, PublisherID, PublishedYear) values (752, 'National Lampoon''s Van Wilder: The Rise of Taj', 8, 2, 81, 95, 1992);
insert into Book (BookID, BookName, Quantity, CategoryID, AuthorID, PublisherID, PublishedYear) values (753, 'West Is West', 38, 6, 177, 54, 1995);
insert into Book (BookID, BookName, Quantity, CategoryID, AuthorID, PublisherID, PublishedYear) values (754, 'Wild Hearts Can''t Be Broken', 14, 3, 200, 26, 1986);
insert into Book (BookID, BookName, Quantity, CategoryID, AuthorID, PublisherID, PublishedYear) values (755, 'Cinderella', 28, 5, 159, 8, 2005);
insert into Book (BookID, BookName, Quantity, CategoryID, AuthorID, PublisherID, PublishedYear) values (756, 'Map For Saturday, A', 30, 9, 36, 86, 2009);
insert into Book (BookID, BookName, Quantity, CategoryID, AuthorID, PublisherID, PublishedYear) values (757, 'Shadow of Angels (Schatten der Engel)', 45, 3, 187, 37, 2012);
insert into Book (BookID, BookName, Quantity, CategoryID, AuthorID, PublisherID, PublishedYear) values (758, 'The Land Before Time V: The Mysterious Island', 3, 7, 122, 19, 1986);
insert into Book (BookID, BookName, Quantity, CategoryID, AuthorID, PublisherID, PublishedYear) values (759, 'Premature', 21, 2, 142, 42, 2000);
insert into Book (BookID, BookName, Quantity, CategoryID, AuthorID, PublisherID, PublishedYear) values (760, 'Codebreaker', 8, 5, 17, 36, 2010);
insert into Book (BookID, BookName, Quantity, CategoryID, AuthorID, PublisherID, PublishedYear) values (761, 'Mo'' Money', 30, 9, 33, 3, 2006);
insert into Book (BookID, BookName, Quantity, CategoryID, AuthorID, PublisherID, PublishedYear) values (762, 'Capturing the Friedmans', 21, 1, 19, 9, 2005);
insert into Book (BookID, BookName, Quantity, CategoryID, AuthorID, PublisherID, PublishedYear) values (763, 'Poltergeist II: The Other Side', 6, 2, 134, 35, 2008);
insert into Book (BookID, BookName, Quantity, CategoryID, AuthorID, PublisherID, PublishedYear) values (764, 'What a Girl Wants', 4, 6, 191, 93, 1996);
insert into Book (BookID, BookName, Quantity, CategoryID, AuthorID, PublisherID, PublishedYear) values (765, 'Strange Little Cat, The (Das merkwrdige Ktzchen)', 48, 9, 122, 30, 2003);
insert into Book (BookID, BookName, Quantity, CategoryID, AuthorID, PublisherID, PublishedYear) values (766, 'Enigma', 23, 10, 39, 49, 1996);
insert into Book (BookID, BookName, Quantity, CategoryID, AuthorID, PublisherID, PublishedYear) values (767, 'Spread', 2, 10, 199, 7, 1999);
insert into Book (BookID, BookName, Quantity, CategoryID, AuthorID, PublisherID, PublishedYear) values (768, 'Honeymoon', 28, 7, 44, 23, 2002);
insert into Book (BookID, BookName, Quantity, CategoryID, AuthorID, PublisherID, PublishedYear) values (769, 'Wodehouse In Exile', 41, 9, 120, 79, 1995);
insert into Book (BookID, BookName, Quantity, CategoryID, AuthorID, PublisherID, PublishedYear) values (770, 'Crimson Permanent Assurance, The', 22, 1, 113, 42, 2007);
insert into Book (BookID, BookName, Quantity, CategoryID, AuthorID, PublisherID, PublishedYear) values (771, 'Star Maker, The (Uomo delle stelle, L'')', 15, 4, 9, 82, 2002);
insert into Book (BookID, BookName, Quantity, CategoryID, AuthorID, PublisherID, PublishedYear) values (772, 'The Periwig-Maker', 15, 6, 131, 96, 2008);
insert into Book (BookID, BookName, Quantity, CategoryID, AuthorID, PublisherID, PublishedYear) values (773, 'Creature from Black Lake ', 34, 5, 127, 37, 1991);
insert into Book (BookID, BookName, Quantity, CategoryID, AuthorID, PublisherID, PublishedYear) values (774, 'The Adventure of Faustus Bidgood', 17, 5, 112, 24, 1991);
insert into Book (BookID, BookName, Quantity, CategoryID, AuthorID, PublisherID, PublishedYear) values (775, 'Resurrection Man', 42, 8, 23, 90, 2008);
insert into Book (BookID, BookName, Quantity, CategoryID, AuthorID, PublisherID, PublishedYear) values (776, 'Double Hour, The (La doppia ora)', 6, 3, 8, 66, 1992);
insert into Book (BookID, BookName, Quantity, CategoryID, AuthorID, PublisherID, PublishedYear) values (777, 'Ron Clark Story, The', 34, 2, 122, 34, 1999);
insert into Book (BookID, BookName, Quantity, CategoryID, AuthorID, PublisherID, PublishedYear) values (778, 'Phantom of the Opera, The', 20, 5, 28, 41, 2009);
insert into Book (BookID, BookName, Quantity, CategoryID, AuthorID, PublisherID, PublishedYear) values (779, 'Raising Victor Vargas', 25, 3, 71, 8, 1997);
insert into Book (BookID, BookName, Quantity, CategoryID, AuthorID, PublisherID, PublishedYear) values (780, 'Thesis on a Homicide', 44, 4, 130, 75, 1993);
insert into Book (BookID, BookName, Quantity, CategoryID, AuthorID, PublisherID, PublishedYear) values (781, 'Prince & Me, The', 35, 9, 90, 71, 2006);
insert into Book (BookID, BookName, Quantity, CategoryID, AuthorID, PublisherID, PublishedYear) values (782, 'Dream Team, The', 32, 8, 141, 61, 2004);
insert into Book (BookID, BookName, Quantity, CategoryID, AuthorID, PublisherID, PublishedYear) values (783, 'Poolsite', 31, 10, 4, 77, 1995);
insert into Book (BookID, BookName, Quantity, CategoryID, AuthorID, PublisherID, PublishedYear) values (784, 'Cooking Up Dreams (De ollas y sueos)', 29, 1, 163, 18, 1997);
insert into Book (BookID, BookName, Quantity, CategoryID, AuthorID, PublisherID, PublishedYear) values (785, 'Taxi 4', 13, 3, 26, 14, 2010);
insert into Book (BookID, BookName, Quantity, CategoryID, AuthorID, PublisherID, PublishedYear) values (786, 'Running Man, The', 41, 6, 7, 5, 2008);
insert into Book (BookID, BookName, Quantity, CategoryID, AuthorID, PublisherID, PublishedYear) values (787, 'Marty', 11, 8, 137, 54, 2003);
insert into Book (BookID, BookName, Quantity, CategoryID, AuthorID, PublisherID, PublishedYear) values (788, '588 Rue Paradis (Mother)', 26, 9, 32, 45, 2010);
insert into Book (BookID, BookName, Quantity, CategoryID, AuthorID, PublisherID, PublishedYear) values (789, 'Hope and Glory', 5, 3, 186, 59, 2009);
insert into Book (BookID, BookName, Quantity, CategoryID, AuthorID, PublisherID, PublishedYear) values (790, 'Call Me Crazy: A Five Film', 43, 10, 76, 72, 1992);
insert into Book (BookID, BookName, Quantity, CategoryID, AuthorID, PublisherID, PublishedYear) values (791, 'In My Country (a.k.a. Country of My Skull)', 44, 3, 148, 45, 2002);
insert into Book (BookID, BookName, Quantity, CategoryID, AuthorID, PublisherID, PublishedYear) values (792, 'Knife in the Water (Nz w wodzie)', 28, 5, 175, 2, 1968);
insert into Book (BookID, BookName, Quantity, CategoryID, AuthorID, PublisherID, PublishedYear) values (793, 'The Cobbler', 21, 2, 89, 39, 1999);
insert into Book (BookID, BookName, Quantity, CategoryID, AuthorID, PublisherID, PublishedYear) values (794, 'Modesty Blaise', 17, 2, 100, 11, 2012);
insert into Book (BookID, BookName, Quantity, CategoryID, AuthorID, PublisherID, PublishedYear) values (795, 'Brave One, The', 44, 7, 195, 94, 2004);
insert into Book (BookID, BookName, Quantity, CategoryID, AuthorID, PublisherID, PublishedYear) values (796, 'NeverEnding Story, The', 35, 8, 129, 77, 2003);
insert into Book (BookID, BookName, Quantity, CategoryID, AuthorID, PublisherID, PublishedYear) values (797, 'Given Word, The (O Pagador de Promessas)', 47, 3, 123, 14, 2010);
insert into Book (BookID, BookName, Quantity, CategoryID, AuthorID, PublisherID, PublishedYear) values (798, 'Shoot ''Em Up', 19, 3, 174, 62, 1991);
insert into Book (BookID, BookName, Quantity, CategoryID, AuthorID, PublisherID, PublishedYear) values (799, 'Littlest Rebel, The', 19, 4, 38, 37, 2003);
insert into Book (BookID, BookName, Quantity, CategoryID, AuthorID, PublisherID, PublishedYear) values (800, 'Revolution #9', 4, 2, 57, 97, 2008);
insert into Book (BookID, BookName, Quantity, CategoryID, AuthorID, PublisherID, PublishedYear) values (801, 'Highlander: The Search for Vengeance', 1, 9, 110, 80, 2012);
insert into Book (BookID, BookName, Quantity, CategoryID, AuthorID, PublisherID, PublishedYear) values (802, 'Song of Sparrows, The (Avaze gonjeshk-ha)', 35, 1, 153, 59, 2006);
insert into Book (BookID, BookName, Quantity, CategoryID, AuthorID, PublisherID, PublishedYear) values (803, 'The Feathered Serpent', 43, 9, 35, 33, 2007);
insert into Book (BookID, BookName, Quantity, CategoryID, AuthorID, PublisherID, PublishedYear) values (804, 'Running With Scissors', 5, 1, 40, 80, 1986);
insert into Book (BookID, BookName, Quantity, CategoryID, AuthorID, PublisherID, PublishedYear) values (805, 'Questo piccolo grande amore', 10, 2, 7, 85, 2002);
insert into Book (BookID, BookName, Quantity, CategoryID, AuthorID, PublisherID, PublishedYear) values (806, 'Striking Range', 17, 2, 88, 30, 2000);
insert into Book (BookID, BookName, Quantity, CategoryID, AuthorID, PublisherID, PublishedYear) values (807, 'The Child and the Policeman', 18, 2, 10, 58, 1984);
insert into Book (BookID, BookName, Quantity, CategoryID, AuthorID, PublisherID, PublishedYear) values (808, 'Tourist, The', 40, 9, 76, 64, 2004);
insert into Book (BookID, BookName, Quantity, CategoryID, AuthorID, PublisherID, PublishedYear) values (809, 'From Morn to Midnight (Von morgens bis Mitternacht)', 8, 5, 2, 71, 1985);
insert into Book (BookID, BookName, Quantity, CategoryID, AuthorID, PublisherID, PublishedYear) values (810, 'Quality Street', 31, 5, 111, 59, 2011);
insert into Book (BookID, BookName, Quantity, CategoryID, AuthorID, PublisherID, PublishedYear) values (811, 'Touchback', 16, 2, 113, 12, 1999);
insert into Book (BookID, BookName, Quantity, CategoryID, AuthorID, PublisherID, PublishedYear) values (812, 'Heavy Metal', 27, 6, 169, 56, 1996);
insert into Book (BookID, BookName, Quantity, CategoryID, AuthorID, PublisherID, PublishedYear) values (813, 'Three Brothers, The (Les trois frres)', 48, 10, 13, 20, 1993);
insert into Book (BookID, BookName, Quantity, CategoryID, AuthorID, PublisherID, PublishedYear) values (814, 'Life Is Sweet', 48, 5, 137, 78, 2000);
insert into Book (BookID, BookName, Quantity, CategoryID, AuthorID, PublisherID, PublishedYear) values (815, 'Jellyfish (Meduzot)', 41, 1, 32, 63, 1987);
insert into Book (BookID, BookName, Quantity, CategoryID, AuthorID, PublisherID, PublishedYear) values (816, 'Polyester', 34, 4, 175, 42, 2006);
insert into Book (BookID, BookName, Quantity, CategoryID, AuthorID, PublisherID, PublishedYear) values (817, 'Time Changer', 13, 6, 35, 58, 2004);
insert into Book (BookID, BookName, Quantity, CategoryID, AuthorID, PublisherID, PublishedYear) values (818, 'Husk', 24, 7, 122, 58, 1992);
insert into Book (BookID, BookName, Quantity, CategoryID, AuthorID, PublisherID, PublishedYear) values (819, 'Cellular', 35, 6, 42, 11, 2011);
insert into Book (BookID, BookName, Quantity, CategoryID, AuthorID, PublisherID, PublishedYear) values (820, 'Between Heaven and Hell', 17, 8, 80, 95, 1999);
insert into Book (BookID, BookName, Quantity, CategoryID, AuthorID, PublisherID, PublishedYear) values (821, 'The Land Before Time XII: The Great Day of the Flyers', 35, 7, 49, 26, 2002);
insert into Book (BookID, BookName, Quantity, CategoryID, AuthorID, PublisherID, PublishedYear) values (822, 'Magic of Ordinary Days, The', 46, 1, 198, 53, 1989);
insert into Book (BookID, BookName, Quantity, CategoryID, AuthorID, PublisherID, PublishedYear) values (823, '20 Feet from Stardom (Twenty Feet from Stardom)', 27, 8, 96, 78, 2006);
insert into Book (BookID, BookName, Quantity, CategoryID, AuthorID, PublisherID, PublishedYear) values (824, 'Chariots of Fire', 5, 4, 168, 30, 2004);
insert into Book (BookID, BookName, Quantity, CategoryID, AuthorID, PublisherID, PublishedYear) values (825, 'Zanjeer', 30, 4, 60, 88, 2006);
insert into Book (BookID, BookName, Quantity, CategoryID, AuthorID, PublisherID, PublishedYear) values (826, 'Descent', 20, 4, 51, 90, 2003);
insert into Book (BookID, BookName, Quantity, CategoryID, AuthorID, PublisherID, PublishedYear) values (827, 'Casanova Brown', 30, 10, 16, 10, 2010);
insert into Book (BookID, BookName, Quantity, CategoryID, AuthorID, PublisherID, PublishedYear) values (828, 'Stay as You Are', 12, 4, 196, 9, 1995);
insert into Book (BookID, BookName, Quantity, CategoryID, AuthorID, PublisherID, PublishedYear) values (829, 'Along the Ridge (Anche libero va bene)', 8, 9, 73, 59, 2011);
insert into Book (BookID, BookName, Quantity, CategoryID, AuthorID, PublisherID, PublishedYear) values (830, 'Man Who Knew Too Much, The', 46, 6, 163, 64, 2010);
insert into Book (BookID, BookName, Quantity, CategoryID, AuthorID, PublisherID, PublishedYear) values (831, 'Way of the Dragon, The (a.k.a. Return of the Dragon) (Meng long guo jiang)', 10, 4, 186, 94, 1987);
insert into Book (BookID, BookName, Quantity, CategoryID, AuthorID, PublisherID, PublishedYear) values (832, 'Cross Creek', 17, 3, 68, 91, 1993);
insert into Book (BookID, BookName, Quantity, CategoryID, AuthorID, PublisherID, PublishedYear) values (833, 'Chico & Rita', 25, 1, 29, 3, 2011);
insert into Book (BookID, BookName, Quantity, CategoryID, AuthorID, PublisherID, PublishedYear) values (834, 'Saving Lincoln', 3, 8, 194, 46, 2004);
insert into Book (BookID, BookName, Quantity, CategoryID, AuthorID, PublisherID, PublishedYear) values (835, 'Hawaiians, The', 50, 9, 193, 65, 1984);
insert into Book (BookID, BookName, Quantity, CategoryID, AuthorID, PublisherID, PublishedYear) values (836, 'Singing Detective, The', 42, 7, 93, 77, 2010);
insert into Book (BookID, BookName, Quantity, CategoryID, AuthorID, PublisherID, PublishedYear) values (837, 'Stranger''s Heart, A', 33, 4, 29, 35, 2004);
insert into Book (BookID, BookName, Quantity, CategoryID, AuthorID, PublisherID, PublishedYear) values (838, 'Docking the Boat (Att angra en brygga)', 15, 2, 46, 88, 1989);
insert into Book (BookID, BookName, Quantity, CategoryID, AuthorID, PublisherID, PublishedYear) values (839, 'Thirty Day Princess', 18, 7, 73, 6, 2007);
insert into Book (BookID, BookName, Quantity, CategoryID, AuthorID, PublisherID, PublishedYear) values (840, 'Five Minutes of Heaven', 8, 4, 194, 41, 2009);
insert into Book (BookID, BookName, Quantity, CategoryID, AuthorID, PublisherID, PublishedYear) values (841, 'Brooklyn Castle', 49, 4, 57, 90, 2009);
insert into Book (BookID, BookName, Quantity, CategoryID, AuthorID, PublisherID, PublishedYear) values (842, 'Dreams That Money Can Buy', 9, 3, 133, 83, 2010);
insert into Book (BookID, BookName, Quantity, CategoryID, AuthorID, PublisherID, PublishedYear) values (843, 'Derailed', 31, 7, 52, 24, 2005);
insert into Book (BookID, BookName, Quantity, CategoryID, AuthorID, PublisherID, PublishedYear) values (844, 'Are All Men Pedophiles', 44, 2, 76, 54, 2012);
insert into Book (BookID, BookName, Quantity, CategoryID, AuthorID, PublisherID, PublishedYear) values (845, 'Dirty Rotten Scoundrels', 19, 8, 82, 91, 2000);
insert into Book (BookID, BookName, Quantity, CategoryID, AuthorID, PublisherID, PublishedYear) values (846, 'Thanks for Sharing', 24, 4, 109, 8, 1996);
insert into Book (BookID, BookName, Quantity, CategoryID, AuthorID, PublisherID, PublishedYear) values (847, 'Fahrenhype 9/11', 46, 5, 47, 30, 2002);
insert into Book (BookID, BookName, Quantity, CategoryID, AuthorID, PublisherID, PublishedYear) values (848, 'Son of Godzilla (Kaijt no kessen: Gojira no musuko)', 25, 1, 54, 72, 2012);
insert into Book (BookID, BookName, Quantity, CategoryID, AuthorID, PublisherID, PublishedYear) values (849, 'Human Scale, The', 20, 4, 193, 5, 2009);
insert into Book (BookID, BookName, Quantity, CategoryID, AuthorID, PublisherID, PublishedYear) values (850, 'Revolution OS', 22, 3, 148, 78, 2002);
insert into Book (BookID, BookName, Quantity, CategoryID, AuthorID, PublisherID, PublishedYear) values (851, 'Cube 2: Hypercube', 30, 5, 115, 65, 2010);
insert into Book (BookID, BookName, Quantity, CategoryID, AuthorID, PublisherID, PublishedYear) values (852, 'The Shooting', 6, 5, 120, 55, 1963);
insert into Book (BookID, BookName, Quantity, CategoryID, AuthorID, PublisherID, PublishedYear) values (853, 'Love the Beast', 18, 10, 198, 99, 2005);
insert into Book (BookID, BookName, Quantity, CategoryID, AuthorID, PublisherID, PublishedYear) values (854, 'Dam Busters, The', 9, 5, 103, 36, 2010);
insert into Book (BookID, BookName, Quantity, CategoryID, AuthorID, PublisherID, PublishedYear) values (855, 'Moving Violations', 9, 3, 54, 65, 1999);
insert into Book (BookID, BookName, Quantity, CategoryID, AuthorID, PublisherID, PublishedYear) values (856, 'Remonstrance', 7, 4, 199, 51, 1999);
insert into Book (BookID, BookName, Quantity, CategoryID, AuthorID, PublisherID, PublishedYear) values (857, 'Young at Heart (a.k.a. Young@Heart)', 50, 1, 151, 5, 2003);
insert into Book (BookID, BookName, Quantity, CategoryID, AuthorID, PublisherID, PublishedYear) values (858, 'Bostonians, The', 29, 9, 159, 68, 2007);
insert into Book (BookID, BookName, Quantity, CategoryID, AuthorID, PublisherID, PublishedYear) values (859, 'Mask, The', 29, 5, 29, 100, 1992);
insert into Book (BookID, BookName, Quantity, CategoryID, AuthorID, PublisherID, PublishedYear) values (860, 'Your Friend the Rat', 47, 3, 20, 3, 2004);
insert into Book (BookID, BookName, Quantity, CategoryID, AuthorID, PublisherID, PublishedYear) values (861, 'Celsius 41.11: The Temperature at Which the Brain... Begins to Die', 4, 9, 57, 21, 2007);
insert into Book (BookID, BookName, Quantity, CategoryID, AuthorID, PublisherID, PublishedYear) values (862, 'Thin Ice', 26, 6, 129, 24, 2011);
insert into Book (BookID, BookName, Quantity, CategoryID, AuthorID, PublisherID, PublishedYear) values (863, 'Panic', 26, 4, 44, 23, 1993);
insert into Book (BookID, BookName, Quantity, CategoryID, AuthorID, PublisherID, PublishedYear) values (864, 'Hollywood Revue of 1929, The', 30, 5, 118, 47, 1997);
insert into Book (BookID, BookName, Quantity, CategoryID, AuthorID, PublisherID, PublishedYear) values (865, 'Army of Crime (L''arme du crime)', 16, 5, 160, 48, 1995);
insert into Book (BookID, BookName, Quantity, CategoryID, AuthorID, PublisherID, PublishedYear) values (866, 'Boys Life', 2, 1, 80, 70, 2007);
insert into Book (BookID, BookName, Quantity, CategoryID, AuthorID, PublisherID, PublishedYear) values (867, 'Sorcerer', 33, 8, 18, 67, 2002);
insert into Book (BookID, BookName, Quantity, CategoryID, AuthorID, PublisherID, PublishedYear) values (868, 'Vampires', 10, 5, 113, 8, 2006);
insert into Book (BookID, BookName, Quantity, CategoryID, AuthorID, PublisherID, PublishedYear) values (869, 'Wankers, The (Les branleuses)', 1, 6, 76, 87, 2009);
insert into Book (BookID, BookName, Quantity, CategoryID, AuthorID, PublisherID, PublishedYear) values (870, 'Beneath the Harvest Sky', 13, 3, 130, 63, 2010);
insert into Book (BookID, BookName, Quantity, CategoryID, AuthorID, PublisherID, PublishedYear) values (871, 'Clash by Night', 19, 6, 66, 50, 1996);
insert into Book (BookID, BookName, Quantity, CategoryID, AuthorID, PublisherID, PublishedYear) values (872, 'Better Tomorrow II, A (Ying hung boon sik II)', 43, 9, 36, 34, 2003);
insert into Book (BookID, BookName, Quantity, CategoryID, AuthorID, PublisherID, PublishedYear) values (873, 'See What I''m Saying: The Deaf Entertainers Documentary', 11, 1, 144, 69, 1996);
insert into Book (BookID, BookName, Quantity, CategoryID, AuthorID, PublisherID, PublishedYear) values (874, 'Chinese Odyssey 2002 (Tian xia wu shuang)', 2, 7, 159, 29, 1995);
insert into Book (BookID, BookName, Quantity, CategoryID, AuthorID, PublisherID, PublishedYear) values (875, 'Light Is Calling', 6, 10, 107, 70, 2006);
insert into Book (BookID, BookName, Quantity, CategoryID, AuthorID, PublisherID, PublishedYear) values (876, 'Swastika', 5, 9, 81, 21, 2005);
insert into Book (BookID, BookName, Quantity, CategoryID, AuthorID, PublisherID, PublishedYear) values (877, 'Arsenal', 38, 9, 137, 12, 1995);
insert into Book (BookID, BookName, Quantity, CategoryID, AuthorID, PublisherID, PublishedYear) values (878, 'The Color of Milk', 42, 7, 39, 50, 2007);
insert into Book (BookID, BookName, Quantity, CategoryID, AuthorID, PublisherID, PublishedYear) values (879, 'Live Music', 11, 9, 34, 45, 1995);
insert into Book (BookID, BookName, Quantity, CategoryID, AuthorID, PublisherID, PublishedYear) values (880, 'Deceptive Practice: The Mysteries and Mentors of Ricky Jay', 16, 6, 118, 34, 1992);
insert into Book (BookID, BookName, Quantity, CategoryID, AuthorID, PublisherID, PublishedYear) values (881, 'Kentucky Fried Movie, The', 27, 10, 15, 57, 1999);
insert into Book (BookID, BookName, Quantity, CategoryID, AuthorID, PublisherID, PublishedYear) values (882, 'Dolce Vita, La', 45, 5, 29, 43, 2011);
insert into Book (BookID, BookName, Quantity, CategoryID, AuthorID, PublisherID, PublishedYear) values (883, 'Sheep Has Five Legs, The (Le mouton  cinq pattes)', 36, 6, 199, 46, 2009);
insert into Book (BookID, BookName, Quantity, CategoryID, AuthorID, PublisherID, PublishedYear) values (884, 'Rat King', 37, 7, 195, 43, 1997);
insert into Book (BookID, BookName, Quantity, CategoryID, AuthorID, PublisherID, PublishedYear) values (885, 'I Spy', 9, 7, 144, 48, 1996);
insert into Book (BookID, BookName, Quantity, CategoryID, AuthorID, PublisherID, PublishedYear) values (886, '27 Missing Kisses', 22, 2, 34, 52, 2007);
insert into Book (BookID, BookName, Quantity, CategoryID, AuthorID, PublisherID, PublishedYear) values (887, 'Hotel Chevalier (Part 1 of ''The Darjeeling Limited'')', 28, 2, 109, 90, 1998);
insert into Book (BookID, BookName, Quantity, CategoryID, AuthorID, PublisherID, PublishedYear) values (888, 'End of the Line, The', 29, 6, 130, 3, 1997);
insert into Book (BookID, BookName, Quantity, CategoryID, AuthorID, PublisherID, PublishedYear) values (889, 'School Daze', 39, 7, 122, 43, 1992);
insert into Book (BookID, BookName, Quantity, CategoryID, AuthorID, PublisherID, PublishedYear) values (890, 'Grifters, The', 34, 4, 57, 94, 2003);
insert into Book (BookID, BookName, Quantity, CategoryID, AuthorID, PublisherID, PublishedYear) values (891, 'Winter''s Bone', 35, 6, 39, 70, 2012);
insert into Book (BookID, BookName, Quantity, CategoryID, AuthorID, PublisherID, PublishedYear) values (892, 'July Rhapsody (Laam yan sei sap)', 42, 9, 48, 66, 2009);
insert into Book (BookID, BookName, Quantity, CategoryID, AuthorID, PublisherID, PublishedYear) values (893, 'Patton Oswalt: Werewolves and Lollipops', 47, 9, 36, 68, 1993);
insert into Book (BookID, BookName, Quantity, CategoryID, AuthorID, PublisherID, PublishedYear) values (894, 'Big Bang Theory, The (2007-)', 16, 4, 131, 96, 1998);
insert into Book (BookID, BookName, Quantity, CategoryID, AuthorID, PublisherID, PublishedYear) values (895, 'Lisa Picard is Famous (a.k.a. Famous)', 33, 7, 188, 69, 1992);
insert into Book (BookID, BookName, Quantity, CategoryID, AuthorID, PublisherID, PublishedYear) values (896, 'Guerrilla: The Taking of Patty Hearst', 12, 8, 80, 100, 1966);
insert into Book (BookID, BookName, Quantity, CategoryID, AuthorID, PublisherID, PublishedYear) values (897, 'The Seven-Ups', 6, 7, 139, 92, 1986);
insert into Book (BookID, BookName, Quantity, CategoryID, AuthorID, PublisherID, PublishedYear) values (898, 'Dream of Light (a.k.a. Quince Tree Sun, The) (Sol del membrillo, El)', 10, 6, 137, 54, 2010);
insert into Book (BookID, BookName, Quantity, CategoryID, AuthorID, PublisherID, PublishedYear) values (899, 'Cutting Edge: The Magic of Movie Editing, The', 10, 2, 115, 23, 2009);
insert into Book (BookID, BookName, Quantity, CategoryID, AuthorID, PublisherID, PublishedYear) values (900, 'Midnight Clear, A', 7, 9, 117, 39, 1992);
insert into Book (BookID, BookName, Quantity, CategoryID, AuthorID, PublisherID, PublishedYear) values (901, 'Involuntary (De ofrivilliga)', 31, 7, 128, 58, 2012);
insert into Book (BookID, BookName, Quantity, CategoryID, AuthorID, PublisherID, PublishedYear) values (902, 'Show Me Love (Fucking ml)', 24, 1, 8, 39, 1998);
insert into Book (BookID, BookName, Quantity, CategoryID, AuthorID, PublisherID, PublishedYear) values (903, 'Conversations with My Gardener (Dialogue avec mon jardinier)', 15, 5, 23, 45, 1986);
insert into Book (BookID, BookName, Quantity, CategoryID, AuthorID, PublisherID, PublishedYear) values (904, 'Mission: Impossible III', 5, 9, 76, 28, 2012);
insert into Book (BookID, BookName, Quantity, CategoryID, AuthorID, PublisherID, PublishedYear) values (905, 'Mackenna''s Gold', 47, 6, 111, 56, 2004);
insert into Book (BookID, BookName, Quantity, CategoryID, AuthorID, PublisherID, PublishedYear) values (906, 'Territories ', 29, 4, 91, 13, 2004);
insert into Book (BookID, BookName, Quantity, CategoryID, AuthorID, PublisherID, PublishedYear) values (907, 'Swimming Pool, The (La piscine)', 5, 4, 68, 14, 2003);
insert into Book (BookID, BookName, Quantity, CategoryID, AuthorID, PublisherID, PublishedYear) values (908, 'Auto Focus', 44, 9, 104, 97, 2000);
insert into Book (BookID, BookName, Quantity, CategoryID, AuthorID, PublisherID, PublishedYear) values (909, 'Cat and the Canary, The', 24, 10, 169, 21, 1996);
insert into Book (BookID, BookName, Quantity, CategoryID, AuthorID, PublisherID, PublishedYear) values (910, 'Frankenstein and the Monster from Hell', 40, 7, 131, 73, 1992);
insert into Book (BookID, BookName, Quantity, CategoryID, AuthorID, PublisherID, PublishedYear) values (911, 'Laws of Gravity', 11, 1, 22, 75, 2000);
insert into Book (BookID, BookName, Quantity, CategoryID, AuthorID, PublisherID, PublishedYear) values (912, 'Van Helsing', 23, 2, 189, 68, 1998);
insert into Book (BookID, BookName, Quantity, CategoryID, AuthorID, PublisherID, PublishedYear) values (913, 'Somebody Up There Likes Me', 10, 7, 3, 8, 1994);
insert into Book (BookID, BookName, Quantity, CategoryID, AuthorID, PublisherID, PublishedYear) values (914, 'Revenge of the Zombies', 13, 1, 92, 96, 1991);
insert into Book (BookID, BookName, Quantity, CategoryID, AuthorID, PublisherID, PublishedYear) values (915, 'Burrowing (Man tnker sitt)', 46, 6, 142, 32, 2009);
insert into Book (BookID, BookName, Quantity, CategoryID, AuthorID, PublisherID, PublishedYear) values (916, 'Two Sons of Francisco (2 Filhos de Francisco - A Histria de Zez di Camargo & Luciano)', 27, 4, 101, 26, 2012);
insert into Book (BookID, BookName, Quantity, CategoryID, AuthorID, PublisherID, PublishedYear) values (917, 'Little Shop of Horrors', 9, 2, 52, 1, 2003);
insert into Book (BookID, BookName, Quantity, CategoryID, AuthorID, PublisherID, PublishedYear) values (918, 'Urban Legend', 42, 9, 2, 92, 2006);
insert into Book (BookID, BookName, Quantity, CategoryID, AuthorID, PublisherID, PublishedYear) values (919, 'Gunga Din', 22, 1, 19, 12, 1999);
insert into Book (BookID, BookName, Quantity, CategoryID, AuthorID, PublisherID, PublishedYear) values (920, 'Land Before Time II: The Great Valley Adventure, The', 1, 2, 7, 69, 1988);
insert into Book (BookID, BookName, Quantity, CategoryID, AuthorID, PublisherID, PublishedYear) values (921, 'Moloch (Molokh)', 45, 8, 4, 24, 1989);
insert into Book (BookID, BookName, Quantity, CategoryID, AuthorID, PublisherID, PublishedYear) values (922, 'Caprice', 14, 7, 189, 26, 2007);
insert into Book (BookID, BookName, Quantity, CategoryID, AuthorID, PublisherID, PublishedYear) values (923, 'Nanook of the North', 16, 5, 5, 22, 2010);
insert into Book (BookID, BookName, Quantity, CategoryID, AuthorID, PublisherID, PublishedYear) values (924, 'Thousand Acres, A', 30, 8, 141, 1, 1993);
insert into Book (BookID, BookName, Quantity, CategoryID, AuthorID, PublisherID, PublishedYear) values (925, 'Marlowe', 25, 1, 45, 42, 1988);
insert into Book (BookID, BookName, Quantity, CategoryID, AuthorID, PublisherID, PublishedYear) values (926, 'Retribution (Sakebi)', 49, 8, 78, 70, 1992);
insert into Book (BookID, BookName, Quantity, CategoryID, AuthorID, PublisherID, PublishedYear) values (927, 'Someone Like Him (Einer wie Bruno)', 37, 1, 80, 60, 1996);
insert into Book (BookID, BookName, Quantity, CategoryID, AuthorID, PublisherID, PublishedYear) values (928, 'Sadness of Sex, The', 45, 6, 93, 43, 2008);
insert into Book (BookID, BookName, Quantity, CategoryID, AuthorID, PublisherID, PublishedYear) values (929, 'Bachelor Apartment', 6, 2, 181, 10, 1964);
insert into Book (BookID, BookName, Quantity, CategoryID, AuthorID, PublisherID, PublishedYear) values (930, 'Lucie Aubrac', 15, 10, 148, 36, 1993);
insert into Book (BookID, BookName, Quantity, CategoryID, AuthorID, PublisherID, PublishedYear) values (931, 'Tim and Eric''s Billion Dollar Movie', 35, 6, 43, 50, 2009);
insert into Book (BookID, BookName, Quantity, CategoryID, AuthorID, PublisherID, PublishedYear) values (932, 'Children of the Damned', 17, 6, 72, 13, 2008);
insert into Book (BookID, BookName, Quantity, CategoryID, AuthorID, PublisherID, PublishedYear) values (933, 'Diebuster "Top wo Narae 2"', 48, 8, 120, 34, 1989);
insert into Book (BookID, BookName, Quantity, CategoryID, AuthorID, PublisherID, PublishedYear) values (934, 'Crisis: Behind a Presidential Commitment', 18, 2, 121, 33, 1992);
insert into Book (BookID, BookName, Quantity, CategoryID, AuthorID, PublisherID, PublishedYear) values (935, 'Ronja Robbersdaughter (Ronja Rvardotter)', 18, 8, 48, 54, 2000);
insert into Book (BookID, BookName, Quantity, CategoryID, AuthorID, PublisherID, PublishedYear) values (936, 'Acapulco, First Beach... To the Left', 31, 10, 128, 87, 1986);
insert into Book (BookID, BookName, Quantity, CategoryID, AuthorID, PublisherID, PublishedYear) values (937, 'Short Film About Killing, A (Krtki film o zabijaniu)', 48, 8, 198, 50, 1984);
insert into Book (BookID, BookName, Quantity, CategoryID, AuthorID, PublisherID, PublishedYear) values (938, 'Educating Rita', 27, 3, 170, 24, 1996);
insert into Book (BookID, BookName, Quantity, CategoryID, AuthorID, PublisherID, PublishedYear) values (939, 'American Ninja 2: The Confrontation', 4, 9, 196, 13, 1996);
insert into Book (BookID, BookName, Quantity, CategoryID, AuthorID, PublisherID, PublishedYear) values (940, 'Debutantes, Los', 7, 3, 69, 24, 1992);
insert into Book (BookID, BookName, Quantity, CategoryID, AuthorID, PublisherID, PublishedYear) values (941, 'I Saw Mommy Kissing Santa Claus', 26, 5, 54, 58, 1998);
insert into Book (BookID, BookName, Quantity, CategoryID, AuthorID, PublisherID, PublishedYear) values (942, 'Spiritual Kung Fu (Quan jing)', 49, 7, 114, 23, 2007);
insert into Book (BookID, BookName, Quantity, CategoryID, AuthorID, PublisherID, PublishedYear) values (943, 'Steal This Film II', 32, 4, 186, 2, 2006);
insert into Book (BookID, BookName, Quantity, CategoryID, AuthorID, PublisherID, PublishedYear) values (944, 'Eight Below', 21, 9, 29, 27, 1983);
insert into Book (BookID, BookName, Quantity, CategoryID, AuthorID, PublisherID, PublishedYear) values (945, 'Hungry Hill', 15, 5, 154, 12, 1995);
insert into Book (BookID, BookName, Quantity, CategoryID, AuthorID, PublisherID, PublishedYear) values (946, 'Friends at the Margherita Cafe, The (Gli amici del bar Margherita)', 10, 3, 31, 54, 2006);
insert into Book (BookID, BookName, Quantity, CategoryID, AuthorID, PublisherID, PublishedYear) values (947, 'Morgan!', 15, 3, 77, 2, 2001);
insert into Book (BookID, BookName, Quantity, CategoryID, AuthorID, PublisherID, PublishedYear) values (948, 'My Name Is Nobody (Il Mio nome  Nessuno)', 8, 4, 69, 2, 1991);
insert into Book (BookID, BookName, Quantity, CategoryID, AuthorID, PublisherID, PublishedYear) values (949, 'A Girl Walks Home Alone at Night', 29, 5, 45, 68, 1998);
insert into Book (BookID, BookName, Quantity, CategoryID, AuthorID, PublisherID, PublishedYear) values (950, 'Bridge of San Luis Rey, The', 6, 8, 102, 22, 2007);
insert into Book (BookID, BookName, Quantity, CategoryID, AuthorID, PublisherID, PublishedYear) values (951, 'Surrogates', 6, 3, 9, 20, 2012);
insert into Book (BookID, BookName, Quantity, CategoryID, AuthorID, PublisherID, PublishedYear) values (952, '3, 2, 1... Frankie Go Boom (Frankie Go Boom)', 39, 9, 55, 91, 1993);
insert into Book (BookID, BookName, Quantity, CategoryID, AuthorID, PublisherID, PublishedYear) values (953, 'Best Man, The (Testimone dello sposo, Il)', 15, 8, 64, 81, 1953);
insert into Book (BookID, BookName, Quantity, CategoryID, AuthorID, PublisherID, PublishedYear) values (954, 'Anamorph', 16, 9, 116, 87, 2003);
insert into Book (BookID, BookName, Quantity, CategoryID, AuthorID, PublisherID, PublishedYear) values (955, 'Fierce Light: When Spirit Meets Action', 26, 4, 77, 33, 1996);
insert into Book (BookID, BookName, Quantity, CategoryID, AuthorID, PublisherID, PublishedYear) values (956, 'Malna', 15, 8, 47, 41, 1994);
insert into Book (BookID, BookName, Quantity, CategoryID, AuthorID, PublisherID, PublishedYear) values (957, 'Never Say Never Again', 21, 9, 142, 41, 1987);
insert into Book (BookID, BookName, Quantity, CategoryID, AuthorID, PublisherID, PublishedYear) values (958, 'WolfCop', 10, 1, 106, 24, 2004);
insert into Book (BookID, BookName, Quantity, CategoryID, AuthorID, PublisherID, PublishedYear) values (959, 'Disorderlies', 34, 9, 18, 69, 1986);
insert into Book (BookID, BookName, Quantity, CategoryID, AuthorID, PublisherID, PublishedYear) values (960, 'Prophecy II, The', 50, 1, 142, 91, 2003);
insert into Book (BookID, BookName, Quantity, CategoryID, AuthorID, PublisherID, PublishedYear) values (961, 'Made', 17, 5, 147, 33, 2002);
insert into Book (BookID, BookName, Quantity, CategoryID, AuthorID, PublisherID, PublishedYear) values (962, 'Jean-Michel Basquiat: The Radiant Child', 5, 3, 21, 32, 1996);
insert into Book (BookID, BookName, Quantity, CategoryID, AuthorID, PublisherID, PublishedYear) values (963, 'Escape from Suburbia: Beyond the American Dream', 28, 1, 90, 1, 2002);
insert into Book (BookID, BookName, Quantity, CategoryID, AuthorID, PublisherID, PublishedYear) values (964, 'Jean Gentil', 13, 2, 24, 89, 1993);
insert into Book (BookID, BookName, Quantity, CategoryID, AuthorID, PublisherID, PublishedYear) values (965, 'Seraphim Falls', 21, 1, 109, 61, 2006);
insert into Book (BookID, BookName, Quantity, CategoryID, AuthorID, PublisherID, PublishedYear) values (966, 'Accused, The', 37, 10, 151, 3, 1996);
insert into Book (BookID, BookName, Quantity, CategoryID, AuthorID, PublisherID, PublishedYear) values (967, 'Carandiru', 37, 2, 126, 44, 2001);
insert into Book (BookID, BookName, Quantity, CategoryID, AuthorID, PublisherID, PublishedYear) values (968, 'Bringing Down the House', 13, 9, 179, 97, 2006);
insert into Book (BookID, BookName, Quantity, CategoryID, AuthorID, PublisherID, PublishedYear) values (969, 'Avalon', 10, 2, 154, 9, 1999);
insert into Book (BookID, BookName, Quantity, CategoryID, AuthorID, PublisherID, PublishedYear) values (970, 'Christmas at Pee Wee''s Playhouse (a.k.a. Pee-Wee''s Playhouse Christmas Special)', 30, 1, 88, 21, 1993);
insert into Book (BookID, BookName, Quantity, CategoryID, AuthorID, PublisherID, PublishedYear) values (971, 'Celebrity', 42, 6, 6, 22, 2003);
insert into Book (BookID, BookName, Quantity, CategoryID, AuthorID, PublisherID, PublishedYear) values (972, 'Friends & Lovers', 23, 7, 177, 73, 2009);
insert into Book (BookID, BookName, Quantity, CategoryID, AuthorID, PublisherID, PublishedYear) values (973, 'Manos: The Hands of Fate', 36, 7, 113, 32, 1993);
insert into Book (BookID, BookName, Quantity, CategoryID, AuthorID, PublisherID, PublishedYear) values (974, 'Snake River Desperadoes', 14, 9, 45, 77, 1989);
insert into Book (BookID, BookName, Quantity, CategoryID, AuthorID, PublisherID, PublishedYear) values (975, 'Confidentially Yours (Vivement dimanche!)', 13, 5, 70, 26, 2006);
insert into Book (BookID, BookName, Quantity, CategoryID, AuthorID, PublisherID, PublishedYear) values (976, 'Tender Mercies', 14, 1, 21, 80, 2011);
insert into Book (BookID, BookName, Quantity, CategoryID, AuthorID, PublisherID, PublishedYear) values (977, 'Border Run (Mule, The)', 34, 10, 46, 60, 2013);
insert into Book (BookID, BookName, Quantity, CategoryID, AuthorID, PublisherID, PublishedYear) values (978, 'Jane Eyre', 46, 6, 86, 64, 2007);
insert into Book (BookID, BookName, Quantity, CategoryID, AuthorID, PublisherID, PublishedYear) values (979, 'One Potato, Two Potato', 49, 3, 150, 62, 2009);
insert into Book (BookID, BookName, Quantity, CategoryID, AuthorID, PublisherID, PublishedYear) values (980, 'Motorama', 40, 1, 92, 14, 1999);
insert into Book (BookID, BookName, Quantity, CategoryID, AuthorID, PublisherID, PublishedYear) values (981, 'Star Trek VI: The Undiscovered Country', 23, 10, 147, 67, 2006);
insert into Book (BookID, BookName, Quantity, CategoryID, AuthorID, PublisherID, PublishedYear) values (982, 'Specials, The', 23, 2, 49, 91, 2000);
insert into Book (BookID, BookName, Quantity, CategoryID, AuthorID, PublisherID, PublishedYear) values (983, 'Here Comes the Boom', 3, 3, 94, 63, 2005);
insert into Book (BookID, BookName, Quantity, CategoryID, AuthorID, PublisherID, PublishedYear) values (984, 'The Color of Milk', 7, 7, 182, 70, 1994);
insert into Book (BookID, BookName, Quantity, CategoryID, AuthorID, PublisherID, PublishedYear) values (985, 'Proposition, The', 11, 10, 192, 21, 2000);
insert into Book (BookID, BookName, Quantity, CategoryID, AuthorID, PublisherID, PublishedYear) values (986, 'Carol for Another Christmas', 21, 10, 173, 44, 2010);
insert into Book (BookID, BookName, Quantity, CategoryID, AuthorID, PublisherID, PublishedYear) values (987, 'Fifth Commandment, The', 11, 6, 178, 45, 2009);
insert into Book (BookID, BookName, Quantity, CategoryID, AuthorID, PublisherID, PublishedYear) values (988, 'Making a Killing: The Untold Story of Psychotropic Drugging', 9, 8, 139, 35, 2004);
insert into Book (BookID, BookName, Quantity, CategoryID, AuthorID, PublisherID, PublishedYear) values (989, 'Ghost Son', 23, 10, 74, 64, 2007);
insert into Book (BookID, BookName, Quantity, CategoryID, AuthorID, PublisherID, PublishedYear) values (990, 'Thief of Bagdad, The', 9, 3, 135, 60, 2004);
insert into Book (BookID, BookName, Quantity, CategoryID, AuthorID, PublisherID, PublishedYear) values (991, 'Culloden (The Battle of Culloden)', 32, 5, 118, 38, 1993);
insert into Book (BookID, BookName, Quantity, CategoryID, AuthorID, PublisherID, PublishedYear) values (992, 'Prisoners of the Lost Universe', 14, 2, 193, 7, 1996);
insert into Book (BookID, BookName, Quantity, CategoryID, AuthorID, PublisherID, PublishedYear) values (993, 'Big Business', 11, 2, 47, 82, 2004);
insert into Book (BookID, BookName, Quantity, CategoryID, AuthorID, PublisherID, PublishedYear) values (994, 'Lovers of the Arctic Circle, The (Los Amantes del Crculo Polar)', 49, 5, 14, 89, 1994);
insert into Book (BookID, BookName, Quantity, CategoryID, AuthorID, PublisherID, PublishedYear) values (995, 'Deep Rising', 18, 7, 24, 48, 1993);
insert into Book (BookID, BookName, Quantity, CategoryID, AuthorID, PublisherID, PublishedYear) values (996, 'Metalstorm: The Destruction of Jared-Syn', 43, 2, 109, 29, 1986);
insert into Book (BookID, BookName, Quantity, CategoryID, AuthorID, PublisherID, PublishedYear) values (997, 'Rocky II', 35, 3, 172, 2, 2008);
insert into Book (BookID, BookName, Quantity, CategoryID, AuthorID, PublisherID, PublishedYear) values (998, 'Artist and the Model, The (El artista y la modelo)', 17, 1, 43, 13, 1999);
insert into Book (BookID, BookName, Quantity, CategoryID, AuthorID, PublisherID, PublishedYear) values (999, 'Bank, The', 46, 4, 168, 64, 2001);
insert into Book (BookID, BookName, Quantity, CategoryID, AuthorID, PublisherID, PublishedYear) values (1000, 'Strapped', 29, 3, 153, 65, 2006);


insert into Staff (StaffID, StaffName, BirthDate, PhoneNumber, Username) values (1, 'Lory Danzey', '12/16/2004', '194-934-1420', 'lgillott1');
insert into Staff (StaffID, StaffName, BirthDate, PhoneNumber, Username) values (2, 'Mitchael Rotherham', '06/09/2004', '842-485-8658', 'cplaidg');
insert into Staff (StaffID, StaffName, BirthDate, PhoneNumber, Username) values (3, 'Rosita Bleything', '12/20/2004', '895-360-3332', 'lschulkins19');
insert into Staff (StaffID, StaffName, BirthDate, PhoneNumber, Username) values (4, 'Feodor Campione', '02/10/2004', '832-817-1006', 'nlimer1j');
insert into Staff (StaffID, StaffName, BirthDate, PhoneNumber, Username) values (5, 'Deane McGonigal', '07/10/2004', '719-928-3006', 'doager1k');
insert into Staff (StaffID, StaffName, BirthDate, PhoneNumber, Username) values (6, 'Orazio Rockwill', '05/19/2004', '323-710-0559', 'bmaccarroll1o');
insert into Staff (StaffID, StaffName, BirthDate, PhoneNumber, Username) values (7, 'Josie Bilverstone', '11/30/2004', '999-349-4092', 'xgossop1s');
insert into Staff (StaffID, StaffName, BirthDate, PhoneNumber, Username) values (8, 'Fae Bilofsky', '03/12/2004', '877-505-9913', 'tfaulds22');
insert into Staff (StaffID, StaffName, BirthDate, PhoneNumber, Username) values (9, 'Germaine Vasiliu', '06/20/2004', '131-194-3286', 'stomblings25');
insert into Staff (StaffID, StaffName, BirthDate, PhoneNumber, Username) values (10, 'Bebe Bruno', '10/27/2004', '400-235-4027', 'astute2h');

insert into LibraryCard (CardID, StartDate, ExpiryDate) values (1, '5/19/2021', '10/22/2025');
insert into LibraryCard (CardID, StartDate, ExpiryDate) values (2, '10/4/2021', '04/20/2025');
insert into LibraryCard (CardID, StartDate, ExpiryDate) values (3, '3/8/2021', '10/04/2025');
insert into LibraryCard (CardID, StartDate, ExpiryDate) values (4, '9/22/2021', '07/02/2025');
insert into LibraryCard (CardID, StartDate, ExpiryDate) values (5, '9/26/2021', '12/31/2025');
insert into LibraryCard (CardID, StartDate, ExpiryDate) values (6, '9/14/2021', '06/12/2025');
insert into LibraryCard (CardID, StartDate, ExpiryDate) values (7, '3/26/2021', '05/04/2025');
insert into LibraryCard (CardID, StartDate, ExpiryDate) values (8, '1/2/2021', '03/28/2025');
insert into LibraryCard (CardID, StartDate, ExpiryDate) values (9, '3/21/2021', '01/28/2025');
insert into LibraryCard (CardID, StartDate, ExpiryDate) values (10, '4/2/2021', '11/27/2025');
insert into LibraryCard (CardID, StartDate, ExpiryDate) values (11, '12/2/2020', '05/28/2025');
insert into LibraryCard (CardID, StartDate, ExpiryDate) values (12, '9/4/2021', '09/01/2025');
insert into LibraryCard (CardID, StartDate, ExpiryDate) values (13, '8/4/2021', '02/13/2025');
insert into LibraryCard (CardID, StartDate, ExpiryDate) values (14, '9/13/2021', '06/20/2025');
insert into LibraryCard (CardID, StartDate, ExpiryDate) values (15, '1/7/2021', '06/16/2025');
insert into LibraryCard (CardID, StartDate, ExpiryDate) values (16, '7/9/2021', '07/17/2025');
insert into LibraryCard (CardID, StartDate, ExpiryDate) values (17, '9/28/2021', '08/06/2025');
insert into LibraryCard (CardID, StartDate, ExpiryDate) values (18, '8/21/2021', '12/06/2025');
insert into LibraryCard (CardID, StartDate, ExpiryDate) values (19, '10/22/2021', '07/07/2025');
insert into LibraryCard (CardID, StartDate, ExpiryDate) values (20, '11/9/2021', '11/05/2025');
insert into LibraryCard (CardID, StartDate, ExpiryDate) values (21, '3/31/2021', '11/23/2025');
insert into LibraryCard (CardID, StartDate, ExpiryDate) values (22, '8/19/2021', '10/19/2025');
insert into LibraryCard (CardID, StartDate, ExpiryDate) values (23, '10/5/2021', '06/28/2025');
insert into LibraryCard (CardID, StartDate, ExpiryDate) values (24, '10/19/2021', '11/05/2025');
insert into LibraryCard (CardID, StartDate, ExpiryDate) values (25, '1/4/2021', '12/01/2025');
insert into LibraryCard (CardID, StartDate, ExpiryDate) values (26, '10/24/2021', '08/22/2025');
insert into LibraryCard (CardID, StartDate, ExpiryDate) values (27, '2/14/2021', '07/18/2025');
insert into LibraryCard (CardID, StartDate, ExpiryDate) values (28, '1/26/2021', '11/18/2025');
insert into LibraryCard (CardID, StartDate, ExpiryDate) values (29, '11/26/2021', '04/24/2025');
insert into LibraryCard (CardID, StartDate, ExpiryDate) values (30, '10/19/2021', '01/07/2025');
insert into LibraryCard (CardID, StartDate, ExpiryDate) values (31, '2/28/2021', '11/19/2025');
insert into LibraryCard (CardID, StartDate, ExpiryDate) values (32, '7/5/2021', '04/11/2025');
insert into LibraryCard (CardID, StartDate, ExpiryDate) values (33, '8/3/2021', '01/12/2025');
insert into LibraryCard (CardID, StartDate, ExpiryDate) values (34, '7/14/2021', '04/19/2025');
insert into LibraryCard (CardID, StartDate, ExpiryDate) values (35, '9/24/2021', '03/10/2025');
insert into LibraryCard (CardID, StartDate, ExpiryDate) values (36, '6/24/2021', '09/03/2025');
insert into LibraryCard (CardID, StartDate, ExpiryDate) values (37, '10/10/2021', '06/26/2025');
insert into LibraryCard (CardID, StartDate, ExpiryDate) values (38, '7/8/2021', '09/27/2025');
insert into LibraryCard (CardID, StartDate, ExpiryDate) values (39, '10/8/2021', '11/18/2025');
insert into LibraryCard (CardID, StartDate, ExpiryDate) values (40, '3/5/2021', '02/15/2025');
insert into LibraryCard (CardID, StartDate, ExpiryDate) values (41, '2/24/2021', '08/03/2025');
insert into LibraryCard (CardID, StartDate, ExpiryDate) values (42, '3/24/2021', '12/14/2025');
insert into LibraryCard (CardID, StartDate, ExpiryDate) values (43, '8/5/2021', '12/10/2025');
insert into LibraryCard (CardID, StartDate, ExpiryDate) values (44, '12/29/2020', '10/06/2025');
insert into LibraryCard (CardID, StartDate, ExpiryDate) values (45, '1/13/2021', '04/04/2025');
insert into LibraryCard (CardID, StartDate, ExpiryDate) values (46, '6/4/2021', '09/20/2025');
insert into LibraryCard (CardID, StartDate, ExpiryDate) values (47, '3/11/2021', '12/16/2025');
insert into LibraryCard (CardID, StartDate, ExpiryDate) values (48, '8/29/2021', '08/16/2025');
insert into LibraryCard (CardID, StartDate, ExpiryDate) values (49, '9/7/2021', '02/01/2025');
insert into LibraryCard (CardID, StartDate, ExpiryDate) values (50, '5/16/2021', '08/21/2025');
insert into LibraryCard (CardID, StartDate, ExpiryDate) values (51, '10/8/2021', '09/26/2025');
insert into LibraryCard (CardID, StartDate, ExpiryDate) values (52, '12/4/2020', '04/21/2025');
insert into LibraryCard (CardID, StartDate, ExpiryDate) values (53, '12/19/2020', '09/14/2025');
insert into LibraryCard (CardID, StartDate, ExpiryDate) values (54, '10/9/2021', '04/23/2025');
insert into LibraryCard (CardID, StartDate, ExpiryDate) values (55, '2/14/2021', '08/12/2025');
insert into LibraryCard (CardID, StartDate, ExpiryDate) values (56, '7/18/2021', '03/06/2025');
insert into LibraryCard (CardID, StartDate, ExpiryDate) values (57, '11/22/2021', '09/09/2025');
insert into LibraryCard (CardID, StartDate, ExpiryDate) values (58, '7/8/2021', '07/23/2025');
insert into LibraryCard (CardID, StartDate, ExpiryDate) values (59, '11/7/2021', '05/03/2025');
insert into LibraryCard (CardID, StartDate, ExpiryDate) values (60, '9/3/2021', '09/24/2025');
insert into LibraryCard (CardID, StartDate, ExpiryDate) values (61, '1/6/2021', '03/20/2025');
insert into LibraryCard (CardID, StartDate, ExpiryDate) values (62, '1/18/2021', '04/07/2025');
insert into LibraryCard (CardID, StartDate, ExpiryDate) values (63, '10/15/2021', '03/23/2025');
insert into LibraryCard (CardID, StartDate, ExpiryDate) values (64, '10/25/2021', '02/09/2025');
insert into LibraryCard (CardID, StartDate, ExpiryDate) values (65, '4/29/2021', '04/14/2025');
insert into LibraryCard (CardID, StartDate, ExpiryDate) values (66, '9/15/2021', '08/08/2025');
insert into LibraryCard (CardID, StartDate, ExpiryDate) values (67, '9/15/2021', '11/09/2025');
insert into LibraryCard (CardID, StartDate, ExpiryDate) values (68, '2/20/2021', '05/31/2025');
insert into LibraryCard (CardID, StartDate, ExpiryDate) values (69, '10/3/2021', '02/03/2025');
insert into LibraryCard (CardID, StartDate, ExpiryDate) values (70, '7/20/2021', '10/31/2025');
insert into LibraryCard (CardID, StartDate, ExpiryDate) values (71, '10/24/2021', '12/22/2025');
insert into LibraryCard (CardID, StartDate, ExpiryDate) values (72, '12/15/2020', '12/18/2025');
insert into LibraryCard (CardID, StartDate, ExpiryDate) values (73, '8/30/2021', '04/07/2025');
insert into LibraryCard (CardID, StartDate, ExpiryDate) values (74, '1/22/2021', '06/01/2025');
insert into LibraryCard (CardID, StartDate, ExpiryDate) values (75, '6/28/2021', '12/19/2025');
insert into LibraryCard (CardID, StartDate, ExpiryDate) values (76, '1/9/2021', '12/27/2025');
insert into LibraryCard (CardID, StartDate, ExpiryDate) values (77, '1/1/2021', '02/22/2025');
insert into LibraryCard (CardID, StartDate, ExpiryDate) values (78, '9/26/2021', '05/12/2025');
insert into LibraryCard (CardID, StartDate, ExpiryDate) values (79, '8/22/2021', '06/23/2025');
insert into LibraryCard (CardID, StartDate, ExpiryDate) values (80, '5/2/2021', '01/11/2025');
insert into LibraryCard (CardID, StartDate, ExpiryDate) values (81, '7/25/2021', '11/02/2025');
insert into LibraryCard (CardID, StartDate, ExpiryDate) values (82, '8/16/2021', '05/10/2025');
insert into LibraryCard (CardID, StartDate, ExpiryDate) values (83, '10/19/2021', '11/03/2025');
insert into LibraryCard (CardID, StartDate, ExpiryDate) values (84, '4/15/2021', '04/07/2025');
insert into LibraryCard (CardID, StartDate, ExpiryDate) values (85, '5/9/2021', '05/15/2025');
insert into LibraryCard (CardID, StartDate, ExpiryDate) values (86, '2/28/2021', '03/05/2025');
insert into LibraryCard (CardID, StartDate, ExpiryDate) values (87, '5/6/2021', '07/12/2025');
insert into LibraryCard (CardID, StartDate, ExpiryDate) values (88, '8/16/2021', '01/19/2025');
insert into LibraryCard (CardID, StartDate, ExpiryDate) values (89, '6/24/2021', '03/17/2025');
insert into LibraryCard (CardID, StartDate, ExpiryDate) values (90, '5/1/2021', '02/26/2025');
insert into LibraryCard (CardID, StartDate, ExpiryDate) values (91, '7/9/2021', '07/21/2025');
insert into LibraryCard (CardID, StartDate, ExpiryDate) values (92, '10/3/2021', '04/15/2025');
insert into LibraryCard (CardID, StartDate, ExpiryDate) values (93, '12/29/2020', '01/31/2025');
insert into LibraryCard (CardID, StartDate, ExpiryDate) values (94, '4/29/2021', '05/12/2025');
insert into LibraryCard (CardID, StartDate, ExpiryDate) values (95, '10/19/2021', '01/10/2025');
insert into LibraryCard (CardID, StartDate, ExpiryDate) values (96, '6/15/2021', '08/01/2025');
insert into LibraryCard (CardID, StartDate, ExpiryDate) values (97, '5/7/2021', '12/06/2025');
insert into LibraryCard (CardID, StartDate, ExpiryDate) values (98, '10/8/2021', '12/07/2025');
insert into LibraryCard (CardID, StartDate, ExpiryDate) values (99, '2/8/2021', '09/16/2025');
insert into LibraryCard (CardID, StartDate, ExpiryDate) values (100, '5/22/2021', '08/26/2025');

insert into Reader (ReaderID, ReaderName, Address, PhoneNumber, LibraryCardID) values (1, 'Rhea Dennerly', '91461 Vahlen Alley', '557-979-6612', 1);
insert into Reader (ReaderID, ReaderName, Address, PhoneNumber, LibraryCardID) values (2, 'Conrado Panton', '6882 Lawn Place', '817-454-2386', 2);
insert into Reader (ReaderID, ReaderName, Address, PhoneNumber, LibraryCardID) values (3, 'Hildagarde Selby', '0222 Derek Avenue', '343-533-0108', 3);
insert into Reader (ReaderID, ReaderName, Address, PhoneNumber, LibraryCardID) values (4, 'Laure Itzkov', '55266 Warrior Street', '928-934-6781', 4);
insert into Reader (ReaderID, ReaderName, Address, PhoneNumber, LibraryCardID) values (5, 'Kippie Zanassi', '18200 Manitowish Place', '106-920-5475', 5);
insert into Reader (ReaderID, ReaderName, Address, PhoneNumber, LibraryCardID) values (6, 'Jeannine Gaskins', '7 Quincy Crossing', '548-942-3340', 6);
insert into Reader (ReaderID, ReaderName, Address, PhoneNumber, LibraryCardID) values (7, 'Lola Casero', '0858 Browning Way', '649-819-6174', 7);
insert into Reader (ReaderID, ReaderName, Address, PhoneNumber, LibraryCardID) values (8, 'Pierson McKellar', '3 Arizona Alley', '884-721-4775', 8);
insert into Reader (ReaderID, ReaderName, Address, PhoneNumber, LibraryCardID) values (9, 'Artie Beves', '2197 Hoffman Junction', '872-584-1174', 9);
insert into Reader (ReaderID, ReaderName, Address, PhoneNumber, LibraryCardID) values (10, 'Kyle Davenhill', '8877 Russell Plaza', '447-947-1167', 10);
insert into Reader (ReaderID, ReaderName, Address, PhoneNumber, LibraryCardID) values (11, 'Jermaine Skewes', '0 Comanche Junction', '559-539-1673', 11);
insert into Reader (ReaderID, ReaderName, Address, PhoneNumber, LibraryCardID) values (12, 'Claus Savege', '20 Fuller Court', '735-244-6861', 12);
insert into Reader (ReaderID, ReaderName, Address, PhoneNumber, LibraryCardID) values (13, 'Winnie Mucklow', '6108 Lillian Center', '862-788-7397', 13);
insert into Reader (ReaderID, ReaderName, Address, PhoneNumber, LibraryCardID) values (14, 'Clea Braunton', '982 Bultman Drive', '671-113-1657', 14);
insert into Reader (ReaderID, ReaderName, Address, PhoneNumber, LibraryCardID) values (15, 'Josefina Chase', '64 Hazelcrest Trail', '539-696-2088', 15);
insert into Reader (ReaderID, ReaderName, Address, PhoneNumber, LibraryCardID) values (16, 'Genevieve Uden', '3 Eagan Hill', '440-652-5957', 16);
insert into Reader (ReaderID, ReaderName, Address, PhoneNumber, LibraryCardID) values (17, 'Durant Fellnee', '4 Killdeer Plaza', '721-480-0919', 17);
insert into Reader (ReaderID, ReaderName, Address, PhoneNumber, LibraryCardID) values (18, 'Hamid Dyte', '06500 East Court', '610-438-0742', 18);
insert into Reader (ReaderID, ReaderName, Address, PhoneNumber, LibraryCardID) values (19, 'Felicia Briton', '9364 Fordem Avenue', '723-655-4218', 19);
insert into Reader (ReaderID, ReaderName, Address, PhoneNumber, LibraryCardID) values (20, 'Millisent Meconi', '4796 Stone Corner Street', '125-626-8427', 20);
insert into Reader (ReaderID, ReaderName, Address, PhoneNumber, LibraryCardID) values (21, 'Tomlin Drepp', '57614 Trailsway Street', '636-748-4101', 21);
insert into Reader (ReaderID, ReaderName, Address, PhoneNumber, LibraryCardID) values (22, 'Griz MacCracken', '360 Eggendart Court', '336-848-5215', 22);
insert into Reader (ReaderID, ReaderName, Address, PhoneNumber, LibraryCardID) values (23, 'Correy Rapelli', '0016 Eastlawn Drive', '788-185-6162', 23);
insert into Reader (ReaderID, ReaderName, Address, PhoneNumber, LibraryCardID) values (24, 'Doe Priditt', '6 Bonner Terrace', '173-210-8547', 24);
insert into Reader (ReaderID, ReaderName, Address, PhoneNumber, LibraryCardID) values (25, 'Cesare Churchin', '8710 Sugar Lane', '212-292-9254', 25);
insert into Reader (ReaderID, ReaderName, Address, PhoneNumber, LibraryCardID) values (26, 'Teena Kilfether', '0 Dawn Road', '985-865-6790', 26);
insert into Reader (ReaderID, ReaderName, Address, PhoneNumber, LibraryCardID) values (27, 'Elsa Matyukon', '9750 Briar Crest Way', '557-890-9906', 27);
insert into Reader (ReaderID, ReaderName, Address, PhoneNumber, LibraryCardID) values (28, 'Delly Prynne', '40880 Main Circle', '122-433-4658', 28);
insert into Reader (ReaderID, ReaderName, Address, PhoneNumber, LibraryCardID) values (29, 'Kent Simonsson', '533 Ilene Street', '274-590-4966', 29);
insert into Reader (ReaderID, ReaderName, Address, PhoneNumber, LibraryCardID) values (30, 'Jerri Twiggs', '31 Holmberg Center', '106-950-0294', 30);
insert into Reader (ReaderID, ReaderName, Address, PhoneNumber, LibraryCardID) values (31, 'Laird McKellen', '23 Gerald Plaza', '148-253-9649', 31);
insert into Reader (ReaderID, ReaderName, Address, PhoneNumber, LibraryCardID) values (32, 'Kyrstin Cristofalo', '3 Randy Circle', '967-793-9934', 32);
insert into Reader (ReaderID, ReaderName, Address, PhoneNumber, LibraryCardID) values (33, 'Petey Boffey', '496 Drewry Crossing', '601-342-0127', 33);
insert into Reader (ReaderID, ReaderName, Address, PhoneNumber, LibraryCardID) values (34, 'Pierre Surpliss', '1 Sundown Crossing', '509-176-1116', 34);
insert into Reader (ReaderID, ReaderName, Address, PhoneNumber, LibraryCardID) values (35, 'Gage Tosney', '6 Waywood Court', '950-193-0886', 35);
insert into Reader (ReaderID, ReaderName, Address, PhoneNumber, LibraryCardID) values (36, 'Web Quest', '86770 Algoma Crossing', '178-299-9156', 36);
insert into Reader (ReaderID, ReaderName, Address, PhoneNumber, LibraryCardID) values (37, 'Stanfield Boutcher', '668 Merrick Avenue', '103-984-7336', 37);
insert into Reader (ReaderID, ReaderName, Address, PhoneNumber, LibraryCardID) values (38, 'Frannie Littlemore', '90828 Bowman Junction', '821-209-2828', 38);
insert into Reader (ReaderID, ReaderName, Address, PhoneNumber, LibraryCardID) values (39, 'Gonzalo Snodin', '25 Monica Junction', '358-158-3506', 39);
insert into Reader (ReaderID, ReaderName, Address, PhoneNumber, LibraryCardID) values (40, 'Lynette Caso', '66694 Green Court', '643-989-7115', 40);
insert into Reader (ReaderID, ReaderName, Address, PhoneNumber, LibraryCardID) values (41, 'Morse Barrett', '02840 Union Drive', '821-879-8714', 41);
insert into Reader (ReaderID, ReaderName, Address, PhoneNumber, LibraryCardID) values (42, 'Adelice Wickens', '52324 Vera Drive', '172-947-9058', 42);
insert into Reader (ReaderID, ReaderName, Address, PhoneNumber, LibraryCardID) values (43, 'Olivier Irvine', '50 Eagle Crest Trail', '422-903-9096', 43);
insert into Reader (ReaderID, ReaderName, Address, PhoneNumber, LibraryCardID) values (44, 'Kyrstin Grayston', '79394 Buhler Circle', '551-827-7155', 44);
insert into Reader (ReaderID, ReaderName, Address, PhoneNumber, LibraryCardID) values (45, 'Heida Baleine', '5 4th Circle', '843-878-5940', 45);
insert into Reader (ReaderID, ReaderName, Address, PhoneNumber, LibraryCardID) values (46, 'Nydia Stoyell', '84880 Sunbrook Circle', '817-831-6205', 46);
insert into Reader (ReaderID, ReaderName, Address, PhoneNumber, LibraryCardID) values (47, 'Althea Pallasch', '7295 Mccormick Park', '844-925-6083', 47);
insert into Reader (ReaderID, ReaderName, Address, PhoneNumber, LibraryCardID) values (48, 'Maxim Somerville', '9297 Dwight Parkway', '873-400-7774', 48);
insert into Reader (ReaderID, ReaderName, Address, PhoneNumber, LibraryCardID) values (49, 'Bail Ocheltree', '3 Thackeray Avenue', '370-910-3332', 49);
insert into Reader (ReaderID, ReaderName, Address, PhoneNumber, LibraryCardID) values (50, 'Coletta Phorsby', '10303 Messerschmidt Center', '405-211-8732', 50);
insert into Reader (ReaderID, ReaderName, Address, PhoneNumber, LibraryCardID) values (51, 'Ethelin Wybrew', '0 Waxwing Alley', '424-782-7878', 51);
insert into Reader (ReaderID, ReaderName, Address, PhoneNumber, LibraryCardID) values (52, 'Tasha Kigelman', '21774 Merrick Park', '677-857-1024', 52);
insert into Reader (ReaderID, ReaderName, Address, PhoneNumber, LibraryCardID) values (53, 'Jasmina Hainsworth', '82 Commercial Hill', '520-573-9000', 53);
insert into Reader (ReaderID, ReaderName, Address, PhoneNumber, LibraryCardID) values (54, 'Alecia Batie', '68974 Shasta Parkway', '746-772-5001', 54);
insert into Reader (ReaderID, ReaderName, Address, PhoneNumber, LibraryCardID) values (55, 'Nert Petera', '347 Sunbrook Alley', '889-670-6936', 55);
insert into Reader (ReaderID, ReaderName, Address, PhoneNumber, LibraryCardID) values (56, 'Edin Maulden', '63614 Redwing Road', '954-680-9983', 56);
insert into Reader (ReaderID, ReaderName, Address, PhoneNumber, LibraryCardID) values (57, 'Noe Stone', '04822 Sutherland Park', '882-701-1861', 57);
insert into Reader (ReaderID, ReaderName, Address, PhoneNumber, LibraryCardID) values (58, 'Sidnee Crummy', '097 Tony Place', '720-872-9303', 58);
insert into Reader (ReaderID, ReaderName, Address, PhoneNumber, LibraryCardID) values (59, 'Lynette Calcutt', '7 Almo Circle', '118-326-6326', 59);
insert into Reader (ReaderID, ReaderName, Address, PhoneNumber, LibraryCardID) values (60, 'Shela Vanyukov', '671 Heath Alley', '952-889-9280', 60);
insert into Reader (ReaderID, ReaderName, Address, PhoneNumber, LibraryCardID) values (61, 'Grata Cearley', '0026 Crownhardt Avenue', '800-725-7831', 61);
insert into Reader (ReaderID, ReaderName, Address, PhoneNumber, LibraryCardID) values (62, 'Phil Churchlow', '23317 Mesta Terrace', '536-958-8128', 62);
insert into Reader (ReaderID, ReaderName, Address, PhoneNumber, LibraryCardID) values (63, 'Noby Woehler', '4 Becker Street', '688-430-6382', 63);
insert into Reader (ReaderID, ReaderName, Address, PhoneNumber, LibraryCardID) values (64, 'Diahann Godsal', '7 Northview Street', '714-129-9985', 64);
insert into Reader (ReaderID, ReaderName, Address, PhoneNumber, LibraryCardID) values (65, 'Talya Duckhouse', '5879 Calypso Parkway', '901-531-6929', 65);
insert into Reader (ReaderID, ReaderName, Address, PhoneNumber, LibraryCardID) values (66, 'Sayres Putnam', '9 Melody Avenue', '423-210-9271', 66);
insert into Reader (ReaderID, ReaderName, Address, PhoneNumber, LibraryCardID) values (67, 'Katti Mullan', '92 Village Green Street', '355-701-8590', 67);
insert into Reader (ReaderID, ReaderName, Address, PhoneNumber, LibraryCardID) values (68, 'Kaja Srawley', '15 Arrowood Drive', '336-135-9718', 68);
insert into Reader (ReaderID, ReaderName, Address, PhoneNumber, LibraryCardID) values (69, 'Addy Pauncefoot', '5 Marcy Trail', '619-255-2684', 69);
insert into Reader (ReaderID, ReaderName, Address, PhoneNumber, LibraryCardID) values (70, 'Ekaterina Pellew', '10 4th Park', '357-589-8329', 70);
insert into Reader (ReaderID, ReaderName, Address, PhoneNumber, LibraryCardID) values (71, 'Kristopher Kingdom', '762 Myrtle Street', '698-602-6237', 71);
insert into Reader (ReaderID, ReaderName, Address, PhoneNumber, LibraryCardID) values (72, 'Cherin Morando', '0631 Miller Circle', '994-594-9541', 72);
insert into Reader (ReaderID, ReaderName, Address, PhoneNumber, LibraryCardID) values (73, 'Garret Caughey', '05500 Eagan Center', '982-812-6552', 73);
insert into Reader (ReaderID, ReaderName, Address, PhoneNumber, LibraryCardID) values (74, 'Tanya Voak', '051 Independence Place', '484-317-7171', 74);
insert into Reader (ReaderID, ReaderName, Address, PhoneNumber, LibraryCardID) values (75, 'Ophelie Coxon', '397 Little Fleur Terrace', '395-515-7018', 75);
insert into Reader (ReaderID, ReaderName, Address, PhoneNumber, LibraryCardID) values (76, 'Gnni Sharphouse', '786 Talmadge Center', '669-680-9902', 76);
insert into Reader (ReaderID, ReaderName, Address, PhoneNumber, LibraryCardID) values (77, 'Zollie Bruins', '3703 5th Terrace', '572-519-4880', 77);
insert into Reader (ReaderID, ReaderName, Address, PhoneNumber, LibraryCardID) values (78, 'Noelle Moughton', '96 Thackeray Pass', '131-314-7963', 78);
insert into Reader (ReaderID, ReaderName, Address, PhoneNumber, LibraryCardID) values (79, 'Weber Cotmore', '76 Bowman Avenue', '779-286-5458', 79);
insert into Reader (ReaderID, ReaderName, Address, PhoneNumber, LibraryCardID) values (80, 'Lon Bruyet', '49 Nevada Lane', '199-162-9681', 80);
insert into Reader (ReaderID, ReaderName, Address, PhoneNumber, LibraryCardID) values (81, 'Cris Conradsen', '21 Valley Edge Avenue', '971-720-0235', 81);
insert into Reader (ReaderID, ReaderName, Address, PhoneNumber, LibraryCardID) values (82, 'Mei Sloper', '0896 Nobel Way', '456-297-6238', 82);
insert into Reader (ReaderID, ReaderName, Address, PhoneNumber, LibraryCardID) values (83, 'Charleen Laslett', '368 Wayridge Avenue', '349-467-2313', 83);
insert into Reader (ReaderID, ReaderName, Address, PhoneNumber, LibraryCardID) values (84, 'Hedwiga Golda', '4 Coolidge Way', '606-945-4403', 84);
insert into Reader (ReaderID, ReaderName, Address, PhoneNumber, LibraryCardID) values (85, 'Jacky Southerns', '0535 Daystar Drive', '334-902-7537', 85);
insert into Reader (ReaderID, ReaderName, Address, PhoneNumber, LibraryCardID) values (86, 'Marsha Caisley', '43 Rigney Circle', '446-665-3794', 86);
insert into Reader (ReaderID, ReaderName, Address, PhoneNumber, LibraryCardID) values (87, 'Loella Elam', '371 Milwaukee Center', '604-779-1282', 87);
insert into Reader (ReaderID, ReaderName, Address, PhoneNumber, LibraryCardID) values (88, 'Sauncho Renault', '02932 Thompson Court', '867-832-8535', 88);
insert into Reader (ReaderID, ReaderName, Address, PhoneNumber, LibraryCardID) values (89, 'Adolph Huguet', '1042 Lakeland Street', '543-222-6280', 89);
insert into Reader (ReaderID, ReaderName, Address, PhoneNumber, LibraryCardID) values (90, 'Dena Georger', '324 Hagan Crossing', '429-959-4757', 90);
insert into Reader (ReaderID, ReaderName, Address, PhoneNumber, LibraryCardID) values (91, 'Melodee Bartoszewski', '8072 Arkansas Pass', '864-206-7354', 91);
insert into Reader (ReaderID, ReaderName, Address, PhoneNumber, LibraryCardID) values (92, 'Grethel O''Keefe', '4387 Carioca Trail', '876-296-7139', 92);
insert into Reader (ReaderID, ReaderName, Address, PhoneNumber, LibraryCardID) values (93, 'Neilla Macewan', '21011 American Ash Trail', '766-948-7130', 93);
insert into Reader (ReaderID, ReaderName, Address, PhoneNumber, LibraryCardID) values (94, 'Newton Balsdon', '5491 Duke Plaza', '753-824-0818', 94);
insert into Reader (ReaderID, ReaderName, Address, PhoneNumber, LibraryCardID) values (95, 'Isadora Anthill', '67682 Tennyson Point', '291-494-5958', 95);
insert into Reader (ReaderID, ReaderName, Address, PhoneNumber, LibraryCardID) values (96, 'Morten Philipet', '02 Ronald Regan Parkway', '704-688-3696', 96);
insert into Reader (ReaderID, ReaderName, Address, PhoneNumber, LibraryCardID) values (97, 'Seamus Durbyn', '6 Menomonie Point', '374-218-6873', 97);
insert into Reader (ReaderID, ReaderName, Address, PhoneNumber, LibraryCardID) values (98, 'Kirsti Okill', '3 Redwing Alley', '550-813-6151', 98);
insert into Reader (ReaderID, ReaderName, Address, PhoneNumber, LibraryCardID) values (99, 'Nickie Evison', '3 Merry Avenue', '576-897-9149', 99);
insert into Reader (ReaderID, ReaderName, Address, PhoneNumber, LibraryCardID) values (100, 'Virgie Mohamed', '0 Bultman Crossing', '805-591-6353', 100);


SET IDENTITY_INSERT Loan ON;
insert into Loan (LoanID, CardID, StaffID, LoanDate) values (1, 13, 2, '09/02/2021');
insert into Loan (LoanID, CardID, StaffID, LoanDate) values (2, 73, 2, '08/19/2021');
insert into Loan (LoanID, CardID, StaffID, LoanDate) values (3, 38, 2, '01/21/2021');
insert into Loan (LoanID, CardID, StaffID, LoanDate) values (4, 65, 7, '02/11/2021');
insert into Loan (LoanID, CardID, StaffID, LoanDate) values (5, 5, 5, '11/02/2021');
insert into Loan (LoanID, CardID, StaffID, LoanDate) values (6, 63, 6, '11/24/2021');
insert into Loan (LoanID, CardID, StaffID, LoanDate) values (7, 39, 4, '01/04/2021');
insert into Loan (LoanID, CardID, StaffID, LoanDate) values (8, 48, 10, '08/22/2021');
insert into Loan (LoanID, CardID, StaffID, LoanDate) values (9, 80, 10, '06/26/2021');
insert into Loan (LoanID, CardID, StaffID, LoanDate) values (10, 28, 8, '07/10/2021');
insert into Loan (LoanID, CardID, StaffID, LoanDate) values (11, 34, 10, '08/15/2021');
insert into Loan (LoanID, CardID, StaffID, LoanDate) values (12, 52, 4, '10/30/2021');
insert into Loan (LoanID, CardID, StaffID, LoanDate) values (13, 68, 7, '04/20/2021');
insert into Loan (LoanID, CardID, StaffID, LoanDate) values (14, 50, 8, '03/01/2021');
insert into Loan (LoanID, CardID, StaffID, LoanDate) values (15, 78, 7, '10/16/2021');
insert into Loan (LoanID, CardID, StaffID, LoanDate) values (16, 79, 8, '09/15/2021');
insert into Loan (LoanID, CardID, StaffID, LoanDate) values (17, 99, 7, '11/22/2021');
insert into Loan (LoanID, CardID, StaffID, LoanDate) values (18, 79, 7, '02/04/2021');
insert into Loan (LoanID, CardID, StaffID, LoanDate) values (19, 73, 3, '03/12/2021');
insert into Loan (LoanID, CardID, StaffID, LoanDate) values (20, 64, 3, '06/01/2021');
insert into Loan (LoanID, CardID, StaffID, LoanDate) values (21, 56, 9, '02/15/2021');
insert into Loan (LoanID, CardID, StaffID, LoanDate) values (22, 57, 6, '12/27/2021');
insert into Loan (LoanID, CardID, StaffID, LoanDate) values (23, 2, 6, '01/28/2021');
insert into Loan (LoanID, CardID, StaffID, LoanDate) values (24, 54, 6, '02/28/2021');
insert into Loan (LoanID, CardID, StaffID, LoanDate) values (25, 43, 8, '05/18/2021');
insert into Loan (LoanID, CardID, StaffID, LoanDate) values (26, 66, 9, '03/23/2021');
insert into Loan (LoanID, CardID, StaffID, LoanDate) values (27, 6, 3, '03/23/2021');
insert into Loan (LoanID, CardID, StaffID, LoanDate) values (28, 86, 7, '03/31/2021');
insert into Loan (LoanID, CardID, StaffID, LoanDate) values (29, 15, 10, '09/23/2021');
insert into Loan (LoanID, CardID, StaffID, LoanDate) values (30, 98, 1, '04/22/2021');
insert into Loan (LoanID, CardID, StaffID, LoanDate) values (31, 30, 7, '05/17/2021');
insert into Loan (LoanID, CardID, StaffID, LoanDate) values (32, 22, 6, '10/22/2021');
insert into Loan (LoanID, CardID, StaffID, LoanDate) values (33, 42, 6, '12/16/2021');
insert into Loan (LoanID, CardID, StaffID, LoanDate) values (34, 22, 3, '07/29/2021');
insert into Loan (LoanID, CardID, StaffID, LoanDate) values (35, 15, 5, '10/21/2021');
insert into Loan (LoanID, CardID, StaffID, LoanDate) values (36, 39, 6, '08/08/2021');
insert into Loan (LoanID, CardID, StaffID, LoanDate) values (37, 74, 3, '11/25/2021');
insert into Loan (LoanID, CardID, StaffID, LoanDate) values (38, 62, 4, '08/29/2021');
insert into Loan (LoanID, CardID, StaffID, LoanDate) values (39, 45, 2, '08/17/2021');
insert into Loan (LoanID, CardID, StaffID, LoanDate) values (40, 95, 5, '08/22/2021');
insert into Loan (LoanID, CardID, StaffID, LoanDate) values (41, 71, 5, '01/28/2021');
insert into Loan (LoanID, CardID, StaffID, LoanDate) values (42, 33, 3, '10/15/2021');
insert into Loan (LoanID, CardID, StaffID, LoanDate) values (43, 1, 9, '06/10/2021');
insert into Loan (LoanID, CardID, StaffID, LoanDate) values (44, 22, 1, '01/20/2021');
insert into Loan (LoanID, CardID, StaffID, LoanDate) values (45, 31, 9, '08/03/2021');
insert into Loan (LoanID, CardID, StaffID, LoanDate) values (46, 17, 4, '02/26/2021');
insert into Loan (LoanID, CardID, StaffID, LoanDate) values (47, 86, 7, '07/27/2021');
insert into Loan (LoanID, CardID, StaffID, LoanDate) values (48, 28, 4, '12/13/2021');
insert into Loan (LoanID, CardID, StaffID, LoanDate) values (49, 43, 1, '01/02/2021');
insert into Loan (LoanID, CardID, StaffID, LoanDate) values (50, 78, 10, '04/13/2021');
insert into Loan (LoanID, CardID, StaffID, LoanDate) values (51, 20, 5, '05/03/2021');
insert into Loan (LoanID, CardID, StaffID, LoanDate) values (52, 47, 7, '08/11/2021');
insert into Loan (LoanID, CardID, StaffID, LoanDate) values (53, 46, 10, '11/07/2021');
insert into Loan (LoanID, CardID, StaffID, LoanDate) values (54, 43, 1, '01/22/2021');
insert into Loan (LoanID, CardID, StaffID, LoanDate) values (55, 73, 4, '03/11/2021');
insert into Loan (LoanID, CardID, StaffID, LoanDate) values (56, 46, 6, '12/18/2021');
insert into Loan (LoanID, CardID, StaffID, LoanDate) values (57, 5, 10, '09/16/2021');
insert into Loan (LoanID, CardID, StaffID, LoanDate) values (58, 43, 9, '07/31/2021');
insert into Loan (LoanID, CardID, StaffID, LoanDate) values (59, 22, 8, '07/22/2021');
insert into Loan (LoanID, CardID, StaffID, LoanDate) values (60, 41, 3, '05/30/2021');
insert into Loan (LoanID, CardID, StaffID, LoanDate) values (61, 60, 9, '02/24/2021');
insert into Loan (LoanID, CardID, StaffID, LoanDate) values (62, 4, 10, '10/16/2021');
insert into Loan (LoanID, CardID, StaffID, LoanDate) values (63, 30, 2, '01/05/2021');
insert into Loan (LoanID, CardID, StaffID, LoanDate) values (64, 68, 9, '12/19/2021');
insert into Loan (LoanID, CardID, StaffID, LoanDate) values (65, 11, 1, '07/11/2021');
insert into Loan (LoanID, CardID, StaffID, LoanDate) values (66, 32, 10, '01/27/2021');
insert into Loan (LoanID, CardID, StaffID, LoanDate) values (67, 47, 6, '09/20/2021');
insert into Loan (LoanID, CardID, StaffID, LoanDate) values (68, 37, 6, '02/08/2021');
insert into Loan (LoanID, CardID, StaffID, LoanDate) values (69, 22, 4, '06/24/2021');
insert into Loan (LoanID, CardID, StaffID, LoanDate) values (70, 50, 2, '09/24/2021');
insert into Loan (LoanID, CardID, StaffID, LoanDate) values (71, 92, 3, '06/11/2021');
insert into Loan (LoanID, CardID, StaffID, LoanDate) values (72, 20, 4, '01/25/2021');
insert into Loan (LoanID, CardID, StaffID, LoanDate) values (73, 52, 4, '11/20/2021');
insert into Loan (LoanID, CardID, StaffID, LoanDate) values (74, 47, 3, '09/18/2021');
insert into Loan (LoanID, CardID, StaffID, LoanDate) values (75, 22, 4, '09/21/2021');
insert into Loan (LoanID, CardID, StaffID, LoanDate) values (76, 57, 1, '07/23/2021');
insert into Loan (LoanID, CardID, StaffID, LoanDate) values (77, 42, 5, '11/13/2021');
insert into Loan (LoanID, CardID, StaffID, LoanDate) values (78, 37, 6, '03/03/2021');
insert into Loan (LoanID, CardID, StaffID, LoanDate) values (79, 91, 2, '08/01/2021');
insert into Loan (LoanID, CardID, StaffID, LoanDate) values (80, 11, 10, '05/16/2021');
insert into Loan (LoanID, CardID, StaffID, LoanDate) values (81, 57, 1, '08/19/2021');
insert into Loan (LoanID, CardID, StaffID, LoanDate) values (82, 92, 2, '05/02/2021');
insert into Loan (LoanID, CardID, StaffID, LoanDate) values (83, 62, 1, '08/26/2021');
insert into Loan (LoanID, CardID, StaffID, LoanDate) values (84, 22, 7, '03/11/2021');
insert into Loan (LoanID, CardID, StaffID, LoanDate) values (85, 8, 2, '03/06/2021');
insert into Loan (LoanID, CardID, StaffID, LoanDate) values (86, 59, 1, '01/14/2021');
insert into Loan (LoanID, CardID, StaffID, LoanDate) values (87, 97, 2, '07/28/2021');
insert into Loan (LoanID, CardID, StaffID, LoanDate) values (88, 1, 7, '07/05/2021');
insert into Loan (LoanID, CardID, StaffID, LoanDate) values (89, 4, 3, '08/24/2021');
insert into Loan (LoanID, CardID, StaffID, LoanDate) values (90, 65, 1, '03/31/2021');
insert into Loan (LoanID, CardID, StaffID, LoanDate) values (91, 46, 10, '11/20/2021');
insert into Loan (LoanID, CardID, StaffID, LoanDate) values (92, 96, 10, '11/06/2021');
insert into Loan (LoanID, CardID, StaffID, LoanDate) values (93, 44, 3, '12/14/2021');
insert into Loan (LoanID, CardID, StaffID, LoanDate) values (94, 100, 2, '03/21/2021');
insert into Loan (LoanID, CardID, StaffID, LoanDate) values (95, 15, 6, '05/17/2021');
insert into Loan (LoanID, CardID, StaffID, LoanDate) values (96, 89, 7, '03/05/2021');
insert into Loan (LoanID, CardID, StaffID, LoanDate) values (97, 40, 8, '04/09/2021');
insert into Loan (LoanID, CardID, StaffID, LoanDate) values (98, 26, 8, '01/24/2021');
insert into Loan (LoanID, CardID, StaffID, LoanDate) values (99, 93, 9, '04/15/2021');
insert into Loan (LoanID, CardID, StaffID, LoanDate) values (100, 27, 6, '08/30/2021');
insert into Loan (LoanID, CardID, StaffID, LoanDate) values (101, 31, 9, '09/17/2021');
insert into Loan (LoanID, CardID, StaffID, LoanDate) values (102, 39, 4, '02/11/2021');
insert into Loan (LoanID, CardID, StaffID, LoanDate) values (103, 86, 9, '05/20/2021');
insert into Loan (LoanID, CardID, StaffID, LoanDate) values (104, 87, 10, '09/26/2021');
insert into Loan (LoanID, CardID, StaffID, LoanDate) values (105, 1, 7, '04/30/2021');
insert into Loan (LoanID, CardID, StaffID, LoanDate) values (106, 32, 5, '09/09/2021');
insert into Loan (LoanID, CardID, StaffID, LoanDate) values (107, 6, 7, '08/31/2021');
insert into Loan (LoanID, CardID, StaffID, LoanDate) values (108, 2, 10, '05/07/2021');
insert into Loan (LoanID, CardID, StaffID, LoanDate) values (109, 82, 9, '07/17/2021');
insert into Loan (LoanID, CardID, StaffID, LoanDate) values (110, 86, 6, '03/08/2021');
insert into Loan (LoanID, CardID, StaffID, LoanDate) values (111, 44, 5, '04/27/2021');
insert into Loan (LoanID, CardID, StaffID, LoanDate) values (112, 10, 1, '03/17/2021');
insert into Loan (LoanID, CardID, StaffID, LoanDate) values (113, 26, 5, '08/30/2021');
insert into Loan (LoanID, CardID, StaffID, LoanDate) values (114, 51, 8, '06/03/2021');
insert into Loan (LoanID, CardID, StaffID, LoanDate) values (115, 74, 3, '03/20/2021');
insert into Loan (LoanID, CardID, StaffID, LoanDate) values (116, 44, 9, '11/06/2021');
insert into Loan (LoanID, CardID, StaffID, LoanDate) values (117, 43, 4, '08/13/2021');
insert into Loan (LoanID, CardID, StaffID, LoanDate) values (118, 97, 7, '09/20/2021');
insert into Loan (LoanID, CardID, StaffID, LoanDate) values (119, 89, 10, '03/08/2021');
insert into Loan (LoanID, CardID, StaffID, LoanDate) values (120, 48, 2, '01/26/2021');
insert into Loan (LoanID, CardID, StaffID, LoanDate) values (121, 13, 1, '06/07/2021');
insert into Loan (LoanID, CardID, StaffID, LoanDate) values (122, 89, 4, '12/19/2021');
insert into Loan (LoanID, CardID, StaffID, LoanDate) values (123, 58, 10, '03/30/2021');
insert into Loan (LoanID, CardID, StaffID, LoanDate) values (124, 77, 6, '07/15/2021');
insert into Loan (LoanID, CardID, StaffID, LoanDate) values (125, 96, 5, '05/15/2021');
insert into Loan (LoanID, CardID, StaffID, LoanDate) values (126, 21, 7, '06/25/2021');
insert into Loan (LoanID, CardID, StaffID, LoanDate) values (127, 9, 4, '06/02/2021');
insert into Loan (LoanID, CardID, StaffID, LoanDate) values (128, 83, 4, '05/24/2021');
insert into Loan (LoanID, CardID, StaffID, LoanDate) values (129, 46, 3, '12/10/2021');
insert into Loan (LoanID, CardID, StaffID, LoanDate) values (130, 17, 5, '04/25/2021');
insert into Loan (LoanID, CardID, StaffID, LoanDate) values (131, 78, 1, '09/30/2021');
insert into Loan (LoanID, CardID, StaffID, LoanDate) values (132, 50, 10, '10/01/2021');
insert into Loan (LoanID, CardID, StaffID, LoanDate) values (133, 67, 3, '12/13/2021');
insert into Loan (LoanID, CardID, StaffID, LoanDate) values (134, 73, 4, '10/11/2021');
insert into Loan (LoanID, CardID, StaffID, LoanDate) values (135, 19, 1, '08/28/2021');
insert into Loan (LoanID, CardID, StaffID, LoanDate) values (136, 87, 1, '07/30/2021');
insert into Loan (LoanID, CardID, StaffID, LoanDate) values (137, 5, 1, '12/12/2021');
insert into Loan (LoanID, CardID, StaffID, LoanDate) values (138, 3, 7, '03/27/2021');
insert into Loan (LoanID, CardID, StaffID, LoanDate) values (139, 98, 3, '10/14/2021');
insert into Loan (LoanID, CardID, StaffID, LoanDate) values (140, 90, 6, '10/24/2021');
insert into Loan (LoanID, CardID, StaffID, LoanDate) values (141, 53, 1, '06/23/2021');
insert into Loan (LoanID, CardID, StaffID, LoanDate) values (142, 61, 8, '04/14/2021');
insert into Loan (LoanID, CardID, StaffID, LoanDate) values (143, 40, 3, '04/09/2021');
insert into Loan (LoanID, CardID, StaffID, LoanDate) values (144, 1, 7, '01/31/2021');
insert into Loan (LoanID, CardID, StaffID, LoanDate) values (145, 82, 6, '08/15/2021');
insert into Loan (LoanID, CardID, StaffID, LoanDate) values (146, 49, 5, '09/04/2021');
insert into Loan (LoanID, CardID, StaffID, LoanDate) values (147, 97, 4, '11/20/2021');
insert into Loan (LoanID, CardID, StaffID, LoanDate) values (148, 94, 8, '06/13/2021');
insert into Loan (LoanID, CardID, StaffID, LoanDate) values (149, 84, 6, '12/02/2021');
insert into Loan (LoanID, CardID, StaffID, LoanDate) values (150, 83, 7, '12/13/2021');
insert into Loan (LoanID, CardID, StaffID, LoanDate) values (151, 62, 8, '12/10/2021');
insert into Loan (LoanID, CardID, StaffID, LoanDate) values (152, 14, 10, '10/23/2021');
insert into Loan (LoanID, CardID, StaffID, LoanDate) values (153, 19, 7, '07/26/2021');
insert into Loan (LoanID, CardID, StaffID, LoanDate) values (154, 45, 4, '12/28/2021');
insert into Loan (LoanID, CardID, StaffID, LoanDate) values (155, 56, 6, '09/12/2021');
insert into Loan (LoanID, CardID, StaffID, LoanDate) values (156, 2, 9, '02/11/2021');
insert into Loan (LoanID, CardID, StaffID, LoanDate) values (157, 88, 1, '06/15/2021');
insert into Loan (LoanID, CardID, StaffID, LoanDate) values (158, 29, 7, '05/27/2021');
insert into Loan (LoanID, CardID, StaffID, LoanDate) values (159, 80, 9, '12/27/2021');
insert into Loan (LoanID, CardID, StaffID, LoanDate) values (160, 71, 1, '04/14/2021');
insert into Loan (LoanID, CardID, StaffID, LoanDate) values (161, 64, 4, '07/05/2021');
insert into Loan (LoanID, CardID, StaffID, LoanDate) values (162, 24, 7, '11/25/2021');
insert into Loan (LoanID, CardID, StaffID, LoanDate) values (163, 37, 4, '02/09/2021');
insert into Loan (LoanID, CardID, StaffID, LoanDate) values (164, 12, 7, '03/12/2021');
insert into Loan (LoanID, CardID, StaffID, LoanDate) values (165, 31, 9, '11/01/2021');
insert into Loan (LoanID, CardID, StaffID, LoanDate) values (166, 84, 3, '01/17/2021');
insert into Loan (LoanID, CardID, StaffID, LoanDate) values (167, 2, 9, '12/24/2021');
insert into Loan (LoanID, CardID, StaffID, LoanDate) values (168, 89, 10, '12/12/2021');
insert into Loan (LoanID, CardID, StaffID, LoanDate) values (169, 28, 8, '05/11/2021');
insert into Loan (LoanID, CardID, StaffID, LoanDate) values (170, 30, 5, '06/13/2021');
insert into Loan (LoanID, CardID, StaffID, LoanDate) values (171, 59, 4, '08/14/2021');
insert into Loan (LoanID, CardID, StaffID, LoanDate) values (172, 84, 5, '05/24/2021');
insert into Loan (LoanID, CardID, StaffID, LoanDate) values (173, 10, 1, '11/01/2021');
insert into Loan (LoanID, CardID, StaffID, LoanDate) values (174, 57, 2, '06/09/2021');
insert into Loan (LoanID, CardID, StaffID, LoanDate) values (175, 66, 5, '06/04/2021');
insert into Loan (LoanID, CardID, StaffID, LoanDate) values (176, 73, 4, '08/14/2021');
insert into Loan (LoanID, CardID, StaffID, LoanDate) values (177, 87, 7, '04/18/2021');
insert into Loan (LoanID, CardID, StaffID, LoanDate) values (178, 13, 7, '04/23/2021');
insert into Loan (LoanID, CardID, StaffID, LoanDate) values (179, 84, 8, '07/19/2021');
insert into Loan (LoanID, CardID, StaffID, LoanDate) values (180, 68, 10, '03/07/2021');
insert into Loan (LoanID, CardID, StaffID, LoanDate) values (181, 38, 4, '05/25/2021');
insert into Loan (LoanID, CardID, StaffID, LoanDate) values (182, 10, 2, '09/15/2021');
insert into Loan (LoanID, CardID, StaffID, LoanDate) values (183, 30, 10, '04/19/2021');
insert into Loan (LoanID, CardID, StaffID, LoanDate) values (184, 46, 4, '09/20/2021');
insert into Loan (LoanID, CardID, StaffID, LoanDate) values (185, 32, 5, '01/10/2021');
insert into Loan (LoanID, CardID, StaffID, LoanDate) values (186, 23, 6, '05/04/2021');
insert into Loan (LoanID, CardID, StaffID, LoanDate) values (187, 54, 10, '07/06/2021');
insert into Loan (LoanID, CardID, StaffID, LoanDate) values (188, 5, 6, '12/10/2021');
insert into Loan (LoanID, CardID, StaffID, LoanDate) values (189, 82, 10, '03/07/2021');
insert into Loan (LoanID, CardID, StaffID, LoanDate) values (190, 53, 9, '06/23/2021');
insert into Loan (LoanID, CardID, StaffID, LoanDate) values (191, 27, 6, '10/14/2021');
insert into Loan (LoanID, CardID, StaffID, LoanDate) values (192, 70, 3, '08/08/2021');
insert into Loan (LoanID, CardID, StaffID, LoanDate) values (193, 35, 10, '12/10/2021');
insert into Loan (LoanID, CardID, StaffID, LoanDate) values (194, 6, 2, '10/15/2021');
insert into Loan (LoanID, CardID, StaffID, LoanDate) values (195, 44, 4, '05/23/2021');
insert into Loan (LoanID, CardID, StaffID, LoanDate) values (196, 58, 7, '05/08/2021');
insert into Loan (LoanID, CardID, StaffID, LoanDate) values (197, 21, 3, '11/10/2021');
insert into Loan (LoanID, CardID, StaffID, LoanDate) values (198, 6, 5, '08/24/2021');
insert into Loan (LoanID, CardID, StaffID, LoanDate) values (199, 96, 1, '12/07/2021');
insert into Loan (LoanID, CardID, StaffID, LoanDate) values (200, 3, 10, '02/11/2021');
SET IDENTITY_INSERT Loan OFF;

insert into LoanDetail (LoanID, BookID, ReturnDate) values (1, 985, '06/09/2022');
insert into LoanDetail (LoanID, BookID, ReturnDate) values (2, 863, '08/18/2022');
insert into LoanDetail (LoanID, BookID, ReturnDate) values (3, 415, '02/27/2022');
insert into LoanDetail (LoanID, BookID, ReturnDate) values (4, 241, '10/26/2022');
insert into LoanDetail (LoanID, BookID, ReturnDate) values (5, 415, '08/11/2022');
insert into LoanDetail (LoanID, BookID, ReturnDate) values (6, 27, '08/17/2022');
insert into LoanDetail (LoanID, BookID, ReturnDate) values (7, 127, '01/20/2022');
insert into LoanDetail (LoanID, BookID, ReturnDate) values (8, 66, '01/22/2022');
insert into LoanDetail (LoanID, BookID, ReturnDate) values (9, 900, '09/19/2022');
insert into LoanDetail (LoanID, BookID, ReturnDate) values (10, 51, '04/19/2022');
insert into LoanDetail (LoanID, BookID, ReturnDate) values (11, 145, '09/12/2022');
insert into LoanDetail (LoanID, BookID, ReturnDate) values (12, 386, '10/24/2022');
insert into LoanDetail (LoanID, BookID, ReturnDate) values (13, 179, '03/03/2022');
insert into LoanDetail (LoanID, BookID, ReturnDate) values (14, 455, '10/10/2022');
insert into LoanDetail (LoanID, BookID, ReturnDate) values (15, 358, '11/12/2022');
insert into LoanDetail (LoanID, BookID, ReturnDate) values (16, 689, '05/19/2022');
insert into LoanDetail (LoanID, BookID, ReturnDate) values (17, 138, '02/20/2022');
insert into LoanDetail (LoanID, BookID, ReturnDate) values (18, 310, '08/27/2022');
insert into LoanDetail (LoanID, BookID, ReturnDate) values (19, 213, '07/06/2022');
insert into LoanDetail (LoanID, BookID, ReturnDate) values (20, 849, '05/05/2022');
insert into LoanDetail (LoanID, BookID, ReturnDate) values (21, 128, '01/01/2022');
insert into LoanDetail (LoanID, BookID, ReturnDate) values (22, 277, '08/03/2022');
insert into LoanDetail (LoanID, BookID, ReturnDate) values (23, 60, '04/09/2022');
insert into LoanDetail (LoanID, BookID, ReturnDate) values (24, 272, '12/25/2022');
insert into LoanDetail (LoanID, BookID, ReturnDate) values (25, 575, '01/10/2022');
insert into LoanDetail (LoanID, BookID, ReturnDate) values (26, 51, '11/17/2022');
insert into LoanDetail (LoanID, BookID, ReturnDate) values (27, 284, '01/15/2022');
insert into LoanDetail (LoanID, BookID, ReturnDate) values (28, 814, '05/29/2022');
insert into LoanDetail (LoanID, BookID, ReturnDate) values (29, 440, '11/10/2022');
insert into LoanDetail (LoanID, BookID, ReturnDate) values (30, 22, '05/17/2022');
insert into LoanDetail (LoanID, BookID, ReturnDate) values (31, 652, '09/28/2022');
insert into LoanDetail (LoanID, BookID, ReturnDate) values (32, 956, '06/29/2022');
insert into LoanDetail (LoanID, BookID, ReturnDate) values (33, 694, '07/24/2022');
insert into LoanDetail (LoanID, BookID, ReturnDate) values (34, 490, '11/08/2022');
insert into LoanDetail (LoanID, BookID, ReturnDate) values (35, 764, '04/22/2022');
insert into LoanDetail (LoanID, BookID, ReturnDate) values (36, 418, '10/19/2022');
insert into LoanDetail (LoanID, BookID, ReturnDate) values (37, 798, '10/12/2022');
insert into LoanDetail (LoanID, BookID, ReturnDate) values (38, 813, '09/09/2022');
insert into LoanDetail (LoanID, BookID, ReturnDate) values (39, 99, '08/15/2022');
insert into LoanDetail (LoanID, BookID, ReturnDate) values (40, 977, '03/26/2022');
insert into LoanDetail (LoanID, BookID, ReturnDate) values (41, 475, '10/20/2022');
insert into LoanDetail (LoanID, BookID, ReturnDate) values (42, 710, '07/01/2022');
insert into LoanDetail (LoanID, BookID, ReturnDate) values (43, 721, '04/14/2022');
insert into LoanDetail (LoanID, BookID, ReturnDate) values (44, 48, '11/03/2022');
insert into LoanDetail (LoanID, BookID, ReturnDate) values (45, 1, '01/07/2022');
insert into LoanDetail (LoanID, BookID, ReturnDate) values (46, 803, '04/06/2022');
insert into LoanDetail (LoanID, BookID, ReturnDate) values (47, 535, '01/22/2022');
insert into LoanDetail (LoanID, BookID, ReturnDate) values (48, 798, '08/16/2022');
insert into LoanDetail (LoanID, BookID, ReturnDate) values (49, 890, '03/05/2022');
insert into LoanDetail (LoanID, BookID, ReturnDate) values (50, 579, '05/12/2022');
insert into LoanDetail (LoanID, BookID, ReturnDate) values (51, 426, '06/12/2022');
insert into LoanDetail (LoanID, BookID, ReturnDate) values (52, 132, '05/20/2022');
insert into LoanDetail (LoanID, BookID, ReturnDate) values (53, 111, '03/18/2022');
insert into LoanDetail (LoanID, BookID, ReturnDate) values (54, 126, '01/18/2022');
insert into LoanDetail (LoanID, BookID, ReturnDate) values (55, 362, '09/12/2022');
insert into LoanDetail (LoanID, BookID, ReturnDate) values (56, 510, '08/08/2022');
insert into LoanDetail (LoanID, BookID, ReturnDate) values (57, 462, '01/21/2022');
insert into LoanDetail (LoanID, BookID, ReturnDate) values (58, 570, '09/11/2022');
insert into LoanDetail (LoanID, BookID, ReturnDate) values (59, 307, '09/09/2022');
insert into LoanDetail (LoanID, BookID, ReturnDate) values (60, 199, '08/09/2022');
insert into LoanDetail (LoanID, BookID, ReturnDate) values (61, 352, '06/16/2022');
insert into LoanDetail (LoanID, BookID, ReturnDate) values (62, 771, '05/20/2022');
insert into LoanDetail (LoanID, BookID, ReturnDate) values (63, 171, '06/02/2022');
insert into LoanDetail (LoanID, BookID, ReturnDate) values (64, 677, '08/19/2022');
insert into LoanDetail (LoanID, BookID, ReturnDate) values (65, 984, '12/04/2022');
insert into LoanDetail (LoanID, BookID, ReturnDate) values (66, 804, '08/06/2022');
insert into LoanDetail (LoanID, BookID, ReturnDate) values (67, 750, '07/22/2022');
insert into LoanDetail (LoanID, BookID, ReturnDate) values (68, 318, '05/08/2022');
insert into LoanDetail (LoanID, BookID, ReturnDate) values (69, 693, '06/22/2022');
insert into LoanDetail (LoanID, BookID, ReturnDate) values (70, 768, '10/28/2022');
insert into LoanDetail (LoanID, BookID, ReturnDate) values (71, 475, '01/26/2022');
insert into LoanDetail (LoanID, BookID, ReturnDate) values (72, 409, '11/15/2022');
insert into LoanDetail (LoanID, BookID, ReturnDate) values (73, 867, '08/15/2022');
insert into LoanDetail (LoanID, BookID, ReturnDate) values (74, 430, '04/27/2022');
insert into LoanDetail (LoanID, BookID, ReturnDate) values (75, 924, '07/06/2022');
insert into LoanDetail (LoanID, BookID, ReturnDate) values (76, 733, '05/26/2022');
insert into LoanDetail (LoanID, BookID, ReturnDate) values (77, 534, '01/06/2022');
insert into LoanDetail (LoanID, BookID, ReturnDate) values (78, 360, '12/06/2022');
insert into LoanDetail (LoanID, BookID, ReturnDate) values (79, 436, '12/21/2022');
insert into LoanDetail (LoanID, BookID, ReturnDate) values (80, 667, '08/14/2022');
insert into LoanDetail (LoanID, BookID, ReturnDate) values (81, 95, '06/05/2022');
insert into LoanDetail (LoanID, BookID, ReturnDate) values (82, 428, '02/15/2022');
insert into LoanDetail (LoanID, BookID, ReturnDate) values (83, 957, '11/24/2022');
insert into LoanDetail (LoanID, BookID, ReturnDate) values (84, 396, '06/26/2022');
insert into LoanDetail (LoanID, BookID, ReturnDate) values (85, 22, '06/19/2022');
insert into LoanDetail (LoanID, BookID, ReturnDate) values (86, 335, '06/15/2022');
insert into LoanDetail (LoanID, BookID, ReturnDate) values (87, 351, '07/31/2022');
insert into LoanDetail (LoanID, BookID, ReturnDate) values (88, 753, '09/21/2022');
insert into LoanDetail (LoanID, BookID, ReturnDate) values (89, 213, '12/05/2022');
insert into LoanDetail (LoanID, BookID, ReturnDate) values (90, 51, '03/31/2022');
insert into LoanDetail (LoanID, BookID, ReturnDate) values (91, 664, '01/07/2022');
insert into LoanDetail (LoanID, BookID, ReturnDate) values (92, 247, '09/10/2022');
insert into LoanDetail (LoanID, BookID, ReturnDate) values (93, 266, '03/18/2022');
insert into LoanDetail (LoanID, BookID, ReturnDate) values (94, 255, '06/02/2022');
insert into LoanDetail (LoanID, BookID, ReturnDate) values (95, 807, '01/28/2022');
insert into LoanDetail (LoanID, BookID, ReturnDate) values (96, 161, '04/09/2022');
insert into LoanDetail (LoanID, BookID, ReturnDate) values (97, 935, '07/30/2022');
insert into LoanDetail (LoanID, BookID, ReturnDate) values (98, 604, '01/23/2022');
insert into LoanDetail (LoanID, BookID, ReturnDate) values (99, 996, '12/03/2022');
insert into LoanDetail (LoanID, BookID, ReturnDate) values (100, 542, '04/17/2022');
insert into LoanDetail (LoanID, BookID, ReturnDate) values (101, 324, '07/22/2022');
insert into LoanDetail (LoanID, BookID, ReturnDate) values (102, 253, '05/25/2022');
insert into LoanDetail (LoanID, BookID, ReturnDate) values (103, 749, '08/07/2022');
insert into LoanDetail (LoanID, BookID, ReturnDate) values (104, 690, '02/20/2022');
insert into LoanDetail (LoanID, BookID, ReturnDate) values (105, 852, '04/29/2022');
insert into LoanDetail (LoanID, BookID, ReturnDate) values (106, 959, '02/06/2022');
insert into LoanDetail (LoanID, BookID, ReturnDate) values (107, 309, '02/06/2022');
insert into LoanDetail (LoanID, BookID, ReturnDate) values (108, 313, '05/15/2022');
insert into LoanDetail (LoanID, BookID, ReturnDate) values (109, 828, '02/02/2022');
insert into LoanDetail (LoanID, BookID, ReturnDate) values (110, 466, '03/17/2022');
insert into LoanDetail (LoanID, BookID, ReturnDate) values (111, 556, '09/25/2022');
insert into LoanDetail (LoanID, BookID, ReturnDate) values (112, 173, '10/22/2022');
insert into LoanDetail (LoanID, BookID, ReturnDate) values (113, 281, '02/21/2022');
insert into LoanDetail (LoanID, BookID, ReturnDate) values (114, 452, '04/16/2022');
insert into LoanDetail (LoanID, BookID, ReturnDate) values (115, 955, '05/30/2022');
insert into LoanDetail (LoanID, BookID, ReturnDate) values (116, 274, '12/14/2022');
insert into LoanDetail (LoanID, BookID, ReturnDate) values (117, 350, '12/26/2022');
insert into LoanDetail (LoanID, BookID, ReturnDate) values (118, 774, '10/15/2022');
insert into LoanDetail (LoanID, BookID, ReturnDate) values (119, 431, '06/17/2022');
insert into LoanDetail (LoanID, BookID, ReturnDate) values (120, 539, '11/03/2022');
insert into LoanDetail (LoanID, BookID, ReturnDate) values (121, 884, '09/03/2022');
insert into LoanDetail (LoanID, BookID, ReturnDate) values (122, 762, '01/16/2022');
insert into LoanDetail (LoanID, BookID, ReturnDate) values (123, 422, '04/19/2022');
insert into LoanDetail (LoanID, BookID, ReturnDate) values (124, 921, '05/22/2022');
insert into LoanDetail (LoanID, BookID, ReturnDate) values (125, 351, '01/20/2022');
insert into LoanDetail (LoanID, BookID, ReturnDate) values (126, 647, '03/06/2022');
insert into LoanDetail (LoanID, BookID, ReturnDate) values (127, 667, '07/05/2022');
insert into LoanDetail (LoanID, BookID, ReturnDate) values (128, 503, '05/27/2022');
insert into LoanDetail (LoanID, BookID, ReturnDate) values (129, 811, '08/17/2022');
insert into LoanDetail (LoanID, BookID, ReturnDate) values (130, 476, '12/06/2022');
insert into LoanDetail (LoanID, BookID, ReturnDate) values (131, 364, '09/23/2022');
insert into LoanDetail (LoanID, BookID, ReturnDate) values (132, 583, '08/05/2022');
insert into LoanDetail (LoanID, BookID, ReturnDate) values (133, 555, '10/27/2022');
insert into LoanDetail (LoanID, BookID, ReturnDate) values (134, 159, '10/08/2022');
insert into LoanDetail (LoanID, BookID, ReturnDate) values (135, 839, '05/30/2022');
insert into LoanDetail (LoanID, BookID, ReturnDate) values (136, 166, '02/09/2022');
insert into LoanDetail (LoanID, BookID, ReturnDate) values (137, 198, '01/10/2022');
insert into LoanDetail (LoanID, BookID, ReturnDate) values (138, 202, '12/25/2022');
insert into LoanDetail (LoanID, BookID, ReturnDate) values (139, 775, '10/26/2022');
insert into LoanDetail (LoanID, BookID, ReturnDate) values (140, 247, '11/27/2022');
insert into LoanDetail (LoanID, BookID, ReturnDate) values (141, 212, '09/08/2022');
insert into LoanDetail (LoanID, BookID, ReturnDate) values (142, 125, '11/04/2022');
insert into LoanDetail (LoanID, BookID, ReturnDate) values (143, 131, '11/11/2022');
insert into LoanDetail (LoanID, BookID, ReturnDate) values (144, 531, '10/11/2022');
insert into LoanDetail (LoanID, BookID, ReturnDate) values (145, 79, '08/20/2022');
insert into LoanDetail (LoanID, BookID, ReturnDate) values (146, 859, '08/19/2022');
insert into LoanDetail (LoanID, BookID, ReturnDate) values (147, 396, '06/27/2022');
insert into LoanDetail (LoanID, BookID, ReturnDate) values (148, 5, '09/14/2022');
insert into LoanDetail (LoanID, BookID, ReturnDate) values (149, 903, '02/26/2022');
insert into LoanDetail (LoanID, BookID, ReturnDate) values (150, 294, '12/07/2022');
insert into LoanDetail (LoanID, BookID, ReturnDate) values (151, 124, '10/13/2022');
insert into LoanDetail (LoanID, BookID, ReturnDate) values (152, 381, '01/17/2022');
insert into LoanDetail (LoanID, BookID, ReturnDate) values (153, 181, '03/02/2022');
insert into LoanDetail (LoanID, BookID, ReturnDate) values (154, 663, '12/13/2022');
insert into LoanDetail (LoanID, BookID, ReturnDate) values (155, 305, '05/10/2022');
insert into LoanDetail (LoanID, BookID, ReturnDate) values (156, 801, '02/18/2022');
insert into LoanDetail (LoanID, BookID, ReturnDate) values (157, 316, '09/19/2022');
insert into LoanDetail (LoanID, BookID, ReturnDate) values (158, 840, '02/07/2022');
insert into LoanDetail (LoanID, BookID, ReturnDate) values (159, 317, '05/13/2022');
insert into LoanDetail (LoanID, BookID, ReturnDate) values (160, 688, '03/23/2022');
insert into LoanDetail (LoanID, BookID, ReturnDate) values (161, 183, '11/22/2022');
insert into LoanDetail (LoanID, BookID, ReturnDate) values (162, 72, '04/17/2022');
insert into LoanDetail (LoanID, BookID, ReturnDate) values (163, 100, '01/30/2022');
insert into LoanDetail (LoanID, BookID, ReturnDate) values (164, 654, '07/01/2022');
insert into LoanDetail (LoanID, BookID, ReturnDate) values (165, 784, '09/21/2022');
insert into LoanDetail (LoanID, BookID, ReturnDate) values (166, 529, '10/09/2022');
insert into LoanDetail (LoanID, BookID, ReturnDate) values (167, 407, '12/08/2022');
insert into LoanDetail (LoanID, BookID, ReturnDate) values (168, 912, '09/28/2022');
insert into LoanDetail (LoanID, BookID, ReturnDate) values (169, 332, '01/04/2022');
insert into LoanDetail (LoanID, BookID, ReturnDate) values (170, 550, '12/31/2022');
insert into LoanDetail (LoanID, BookID, ReturnDate) values (171, 618, '12/08/2022');
insert into LoanDetail (LoanID, BookID, ReturnDate) values (172, 383, '03/23/2022');
insert into LoanDetail (LoanID, BookID, ReturnDate) values (173, 389, '07/15/2022');
insert into LoanDetail (LoanID, BookID, ReturnDate) values (174, 559, '05/20/2022');
insert into LoanDetail (LoanID, BookID, ReturnDate) values (175, 283, '01/08/2022');
insert into LoanDetail (LoanID, BookID, ReturnDate) values (176, 140, '07/02/2022');
insert into LoanDetail (LoanID, BookID, ReturnDate) values (177, 762, '02/09/2022');
insert into LoanDetail (LoanID, BookID, ReturnDate) values (178, 651, '04/30/2022');
insert into LoanDetail (LoanID, BookID, ReturnDate) values (179, 396, '04/03/2022');
insert into LoanDetail (LoanID, BookID, ReturnDate) values (180, 223, '04/03/2022');
insert into LoanDetail (LoanID, BookID, ReturnDate) values (181, 860, '12/19/2022');
insert into LoanDetail (LoanID, BookID, ReturnDate) values (182, 279, '06/29/2022');
insert into LoanDetail (LoanID, BookID, ReturnDate) values (183, 398, '06/04/2022');
insert into LoanDetail (LoanID, BookID, ReturnDate) values (184, 543, '09/08/2022');
insert into LoanDetail (LoanID, BookID, ReturnDate) values (185, 199, '05/02/2022');
insert into LoanDetail (LoanID, BookID, ReturnDate) values (186, 259, '06/12/2022');
insert into LoanDetail (LoanID, BookID, ReturnDate) values (187, 657, '10/11/2022');
insert into LoanDetail (LoanID, BookID, ReturnDate) values (188, 311, '10/10/2022');
insert into LoanDetail (LoanID, BookID, ReturnDate) values (189, 786, '06/09/2022');
insert into LoanDetail (LoanID, BookID, ReturnDate) values (190, 478, '12/01/2022');
insert into LoanDetail (LoanID, BookID, ReturnDate) values (191, 670, '11/19/2022');
insert into LoanDetail (LoanID, BookID, ReturnDate) values (192, 455, '12/03/2022');
insert into LoanDetail (LoanID, BookID, ReturnDate) values (193, 703, '02/18/2022');
insert into LoanDetail (LoanID, BookID, ReturnDate) values (194, 536, '02/12/2022');
insert into LoanDetail (LoanID, BookID, ReturnDate) values (195, 388, '11/20/2022');
insert into LoanDetail (LoanID, BookID, ReturnDate) values (196, 47, '02/09/2022');
insert into LoanDetail (LoanID, BookID, ReturnDate) values (197, 34, '09/15/2022');
insert into LoanDetail (LoanID, BookID, ReturnDate) values (198, 540, '11/15/2022');
insert into LoanDetail (LoanID, BookID, ReturnDate) values (199, 542, '07/10/2022');
insert into LoanDetail (LoanID, BookID, ReturnDate) values (200, 335, '02/22/2022');

