SET IDENTITY_INSERT Account ON;

insert into Account (AccountID, Username, Password, Role) values (1, 'fhumerstone0', '7@0(C(4x|5r', 'Manager');
insert into Account (AccountID, Username, Password, Role) values (2, 'lgillott1', '9tatwza7''%c', 'Staff');
insert into Account (AccountID, Username, Password, Role) values (3, 'kkezor2', '6vLS00AY', 'Customer');
insert into Account (AccountID, Username, Password, Role) values (4, 'tloudon3', '1eupfaOXHy', 'Customer');
insert into Account (AccountID, Username, Password, Role) values (5, 'imulryan4', '2j|scK16MR8@N', 'Customer');
insert into Account (AccountID, Username, Password, Role) values (6, 'mcecely5', '5_s_BC1D2l?', 'Customer');
insert into Account (AccountID, Username, Password, Role) values (7, 'tswidenbank6', '3c>ZN!w>&E(BEQ_', 'Customer');
insert into Account (AccountID, Username, Password, Role) values (8, 'jochterlony7', '5#D,Dx$qoW6uR', 'Customer');
insert into Account (AccountID, Username, Password, Role) values (9, 'btoplis8', '8,8OA~dZ"~?', 'Customer');
insert into Account (AccountID, Username, Password, Role) values (10, 'jhighton9', '8O4v"~qc)0u_', 'Customer');
insert into Account (AccountID, Username, Password, Role) values (11, 'sbossela', '8aBOD1v~I', 'Customer');
insert into Account (AccountID, Username, Password, Role) values (12, 'chuscroftb', '9aAtl+$nx\''UxNqb', 'Customer');
insert into Account (AccountID, Username, Password, Role) values (13, 'jcrippillc', '2~)1/WcL5', 'Customer');
insert into Account (AccountID, Username, Password, Role) values (14, 'vdurbynd', '6tpgO2<541Es', 'Customer');
insert into Account (AccountID, Username, Password, Role) values (15, 'tmeee', '7+LvVRqZHCq=', 'Customer');
insert into Account (AccountID, Username, Password, Role) values (16, 'flemmef', '1*qm==$''gu6V', 'Customer');
insert into Account (AccountID, Username, Password, Role) values (17, 'cplaidg', '5|Kdqsr$1pZkW', 'Staff');
insert into Account (AccountID, Username, Password, Role) values (18, 'jlowdianeh', '5Taw>8"<{#pu', 'Customer');
insert into Account (AccountID, Username, Password, Role) values (19, 'mhurtici', '8B=H/1.VgN,P', 'Customer');
insert into Account (AccountID, Username, Password, Role) values (20, 'rpetersenj', '6u`v2UG$e<', 'Customer');
insert into Account (AccountID, Username, Password, Role) values (21, 'tdillintonek', '1D72bvP7B', 'Customer');
insert into Account (AccountID, Username, Password, Role) values (22, 'hbriancel', '9D8MnaLv', 'Customer');
insert into Account (AccountID, Username, Password, Role) values (23, 'jvanninim', '72,iBizKFlA_3', 'Customer');
insert into Account (AccountID, Username, Password, Role) values (24, 'lcrocen', '7exQv_>3&e*~k@v&', 'Customer');
insert into Account (AccountID, Username, Password, Role) values (25, 'nshelbourneo', '1E%p85h8uYR_D', 'Customer');
insert into Account (AccountID, Username, Password, Role) values (26, 'tmabonep', '6>!\(q{J5W', 'Customer');
insert into Account (AccountID, Username, Password, Role) values (27, 'lgrevelq', '0|bSlqYa', 'Customer');
insert into Account (AccountID, Username, Password, Role) values (28, 'oheffernonr', '99UBrJBWm=1S', 'Customer');
insert into Account (AccountID, Username, Password, Role) values (29, 'sboxalls', '9o~u#V{U_?4E%zgg', 'Customer');
insert into Account (AccountID, Username, Password, Role) values (30, 'kbreadmoret', '9xI''=jrH@.KT>j', 'Customer');
insert into Account (AccountID, Username, Password, Role) values (31, 'estebbingsu', '8E(t''`<lzxZ..r', 'Customer');
insert into Account (AccountID, Username, Password, Role) values (32, 'aetteryv', '7zn.@gqf>wvq5', 'Customer');
insert into Account (AccountID, Username, Password, Role) values (33, 'jtabertw', '5be&/X''O3', 'Customer');
insert into Account (AccountID, Username, Password, Role) values (34, 'lbourthouloumex', '0sPB`${i(ktXNj', 'Customer');
insert into Account (AccountID, Username, Password, Role) values (35, 'dvanyashiny', '6d`~`zWML', 'Customer');
insert into Account (AccountID, Username, Password, Role) values (36, 'zhowkinsz', '0RU8''9)2r', 'Customer');
insert into Account (AccountID, Username, Password, Role) values (37, 'rgreenham10', '91uA_(~3vK', 'Customer');
insert into Account (AccountID, Username, Password, Role) values (38, 'mjeenes11', '3cGPpX"tG,1''e', 'Customer');
insert into Account (AccountID, Username, Password, Role) values (39, 'bfriel12', '2MI.z>_xr', 'Customer');
insert into Account (AccountID, Username, Password, Role) values (40, 'dsowerbutts13', '3Ge<`6H{', 'Customer');
insert into Account (AccountID, Username, Password, Role) values (41, 'nginity14', '0Y*6ofdJ2)S', 'Customer');
insert into Account (AccountID, Username, Password, Role) values (42, 'dmarples15', '4q&//,EA\hLSD0', 'Customer');
insert into Account (AccountID, Username, Password, Role) values (43, 'cbarnet16', '0LoCu/gn', 'Customer');
insert into Account (AccountID, Username, Password, Role) values (44, 'rlenahan17', '5Ny%9%ABz9X.', 'Customer');
insert into Account (AccountID, Username, Password, Role) values (45, 'ceveling18', '0pMnF+/h\D|Q', 'Customer');
insert into Account (AccountID, Username, Password, Role) values (46, 'lschulkins19', '1V((3h@4&6lYu<MJ', 'Staff');
insert into Account (AccountID, Username, Password, Role) values (47, 'ktrain1a', '4\&=b$q,/vwHz`=5', 'Customer');
insert into Account (AccountID, Username, Password, Role) values (48, 'wshacklady1b', '1/k''Mn}2$', 'Customer');
insert into Account (AccountID, Username, Password, Role) values (49, 'dbedborough1c', '2_1GgxngckUth', 'Customer');
insert into Account (AccountID, Username, Password, Role) values (50, 'cmundwell1d', '9d&z26g8Mbt<N#0q', 'Customer');
insert into Account (AccountID, Username, Password, Role) values (51, 'wwhoston1e', '0%Y)U9T~0', 'Customer');
insert into Account (AccountID, Username, Password, Role) values (52, 'jhatliffe1f', '0BDPm>D<Ah*', 'Customer');
insert into Account (AccountID, Username, Password, Role) values (53, 'hblinde1g', '9%("g`sl*N_YKxf', 'Customer');
insert into Account (AccountID, Username, Password, Role) values (54, 'cohannigan1h', '26t&@,''hi6".xv\w', 'Customer');
insert into Account (AccountID, Username, Password, Role) values (55, 'adimnage1i', '3HG`1!R#', 'Customer');
insert into Account (AccountID, Username, Password, Role) values (56, 'nlimer1j', '8_RHh%Y*yR,eT\mt', 'Staff');
insert into Account (AccountID, Username, Password, Role) values (57, 'doager1k', '1`Cn7Z=9tA>Od"or', 'Staff');
insert into Account (AccountID, Username, Password, Role) values (58, 'lfenton1l', '2W|_4+x"8', 'Customer');
insert into Account (AccountID, Username, Password, Role) values (59, 'aclulow1m', '8/?/aHgLvpaUBCj4', 'Customer');
insert into Account (AccountID, Username, Password, Role) values (60, 'ssenior1n', '1cRMD@wz', 'Customer');
insert into Account (AccountID, Username, Password, Role) values (61, 'bmaccarroll1o', '7F(Eo`3aR|', 'Staff');
insert into Account (AccountID, Username, Password, Role) values (62, 'jbauckham1p', '6a9IE@c''pNhK@?vt', 'Customer');
insert into Account (AccountID, Username, Password, Role) values (63, 'htoppin1q', '0cypf=m8{.wC', 'Customer');
insert into Account (AccountID, Username, Password, Role) values (64, 'tkurtis1r', '4gFvhE}=', 'Customer');
insert into Account (AccountID, Username, Password, Role) values (65, 'xgossop1s', '2=|5dp&4E%Ii', 'Staff');
insert into Account (AccountID, Username, Password, Role) values (66, 'btoffanini1t', '2%B=($v%$1R', 'Customer');
insert into Account (AccountID, Username, Password, Role) values (67, 'mscalia1u', '6hGjek.aJjqV', 'Customer');
insert into Account (AccountID, Username, Password, Role) values (68, 'djannaway1v', '7MYJo,i*D*c', 'Customer');
insert into Account (AccountID, Username, Password, Role) values (69, 'sbristoe1w', '56''Lm9GDqcZ', 'Customer');
insert into Account (AccountID, Username, Password, Role) values (70, 'edinsdale1x', '8xo>dZfWP', 'Customer');
insert into Account (AccountID, Username, Password, Role) values (71, 'pcrisp1y', '1ca$.x#h!IYm0', 'Customer');
insert into Account (AccountID, Username, Password, Role) values (72, 'mpostlethwaite1z', '4)eGnZtK!', 'Customer');
insert into Account (AccountID, Username, Password, Role) values (73, 'ktruesdale20', '6Bh|ib0r5RxK', 'Customer');
insert into Account (AccountID, Username, Password, Role) values (74, 'dtretter21', '8}T>(Es10vul', 'Customer');
insert into Account (AccountID, Username, Password, Role) values (75, 'tfaulds22', '7RJ4,VgqFH9<Ie', 'Staff');
insert into Account (AccountID, Username, Password, Role) values (76, 'dmunkley23', '3U7d720itcK~s', 'Customer');
insert into Account (AccountID, Username, Password, Role) values (77, 'ahiggan24', '3=s8(d+P?N', 'Customer');
insert into Account (AccountID, Username, Password, Role) values (78, 'stomblings25', '0pj\IGy`tF3F95>h', 'Staff');
insert into Account (AccountID, Username, Password, Role) values (79, 'akinner26', '6nRB<70EoKE_v!/d', 'Customer');
insert into Account (AccountID, Username, Password, Role) values (80, 'ebennedsen27', '99bL''kNU', 'Customer');
insert into Account (AccountID, Username, Password, Role) values (81, 'hbaldassi28', '9o0u_.=IRm', 'Customer');
insert into Account (AccountID, Username, Password, Role) values (82, 'aboutton29', '8s#l5INwcc6!(n', 'Customer');
insert into Account (AccountID, Username, Password, Role) values (83, 'rdinwoodie2a', '8KFwTZ@`dWh#%!', 'Customer');
insert into Account (AccountID, Username, Password, Role) values (84, 'aklezmski2b', '8651_8"b1(u#', 'Customer');
insert into Account (AccountID, Username, Password, Role) values (85, 'aduprey2c', '1GGo=&CDcm$h', 'Customer');
insert into Account (AccountID, Username, Password, Role) values (86, 'ckingett2d', '9ia%\tH({a(!h', 'Customer');
insert into Account (AccountID, Username, Password, Role) values (87, 'tinns2e', '0D.A''{nf8OAl', 'Customer');
insert into Account (AccountID, Username, Password, Role) values (88, 'areeveley2f', '15)Jw9,Q1j+', 'Customer');
insert into Account (AccountID, Username, Password, Role) values (89, 'rflisher2g', '53M}z)/lhc', 'Customer');
insert into Account (AccountID, Username, Password, Role) values (90, 'astute2h', '8UO%0F32EIme,,k', 'Staff');
insert into Account (AccountID, Username, Password, Role) values (91, 'byerrington2i', '8,xM/r"SCDF', 'Customer');
insert into Account (AccountID, Username, Password, Role) values (92, 'jprickett2j', '8~5,f(h(zejLq', 'Customer');
insert into Account (AccountID, Username, Password, Role) values (93, 'kderle2k', '70Ga/osSk4ch`+Z', 'Customer');
insert into Account (AccountID, Username, Password, Role) values (94, 'spanton2l', '5?<cuBujy~', 'Customer');
insert into Account (AccountID, Username, Password, Role) values (95, 'lespie2m', '82g6%deA0<sFSh3Z', 'Customer');
insert into Account (AccountID, Username, Password, Role) values (96, 'lchampe2n', '3a~9n6|eQg>Hy''!', 'Customer');
insert into Account (AccountID, Username, Password, Role) values (97, 'ctreske2o', '3S#*+8tz', 'Customer');
insert into Account (AccountID, Username, Password, Role) values (98, 'kpaddie2p', '2W#*>\OT7E)ab', 'Customer');
insert into Account (AccountID, Username, Password, Role) values (99, 'eashman2q', '8Dfc+xQDfv', 'Customer');
insert into Account (AccountID, Username, Password, Role) values (100, 'epaddle2r', '7O{}0%~R+', 'Customer');

SET IDENTITY_INSERT Account OFF;


insert into Author (AuthorID, AuthorName, Notes) values (1, 'Brit Jovasevic', 'Vestibulum ante ipsum primis in faucibus orci luctus et ultrices posuere cubilia Curae; Donec pharetra, magna vestibulum aliquet ultrices, erat tortor sollicitudin mi, sit amet lobortis sapien sapien non mi. Integer ac neque.');
insert into Author (AuthorID, AuthorName, Notes) values (2, 'Karla Buckbee', 'Aenean lectus. Pellentesque eget nunc.');
insert into Author (AuthorID, AuthorName, Notes) values (3, 'Lorrie McNysche', 'Phasellus in felis.');
insert into Author (AuthorID, AuthorName, Notes) values (4, 'Naoma Vouls', 'Vestibulum ac est lacinia nisi venenatis tristique.');
insert into Author (AuthorID, AuthorName, Notes) values (5, 'Flory Bignal', 'Nam congue, risus semper porta volutpat, quam pede lobortis ligula, sit amet eleifend pede libero quis orci. Nullam molestie nibh in lectus.');
insert into Author (AuthorID, AuthorName, Notes) values (6, 'Ben Gallahar', 'Vestibulum ante ipsum primis in faucibus orci luctus et ultrices posuere cubilia Curae; Mauris viverra diam vitae quam. Suspendisse potenti.');
insert into Author (AuthorID, AuthorName, Notes) values (7, 'Stacy Widdowes', 'Vestibulum ante ipsum primis in faucibus orci luctus et ultrices posuere cubilia Curae; Duis faucibus accumsan odio.');
insert into Author (AuthorID, AuthorName, Notes) values (8, 'Adolf Shippam', 'In congue. Etiam justo.');
insert into Author (AuthorID, AuthorName, Notes) values (9, 'Rebecka Orht', 'Cum sociis natoque penatibus et magnis dis parturient montes, nascetur ridiculus mus.');
insert into Author (AuthorID, AuthorName, Notes) values (10, 'Broddy De Benedetti', 'Morbi vel lectus in quam fringilla rhoncus.');
insert into Author (AuthorID, AuthorName, Notes) values (11, 'Raquela Bellee', 'Etiam faucibus cursus urna. Ut tellus.');
insert into Author (AuthorID, AuthorName, Notes) values (12, 'Osborne Jakubovits', 'Quisque erat eros, viverra eget, congue eget, semper rutrum, nulla.');
insert into Author (AuthorID, AuthorName, Notes) values (13, 'Michaelina Prazor', 'Morbi quis tortor id nulla ultrices aliquet.');
insert into Author (AuthorID, AuthorName, Notes) values (14, 'Wilhelm Grebert', 'Phasellus id sapien in sapien iaculis congue.');
insert into Author (AuthorID, AuthorName, Notes) values (15, 'Keriann Ellams', 'Maecenas pulvinar lobortis est. Phasellus sit amet erat.');
insert into Author (AuthorID, AuthorName, Notes) values (16, 'Paton Mourbey', 'Quisque arcu libero, rutrum ac, lobortis vel, dapibus at, diam. Nam tristique tortor eu pede.');
insert into Author (AuthorID, AuthorName, Notes) values (17, 'Louisa Hardwicke', 'Cum sociis natoque penatibus et magnis dis parturient montes, nascetur ridiculus mus.');
insert into Author (AuthorID, AuthorName, Notes) values (18, 'Winnifred Dods', 'Pellentesque viverra pede ac diam.');
insert into Author (AuthorID, AuthorName, Notes) values (19, 'Brana Ridges', 'Suspendisse potenti.');
insert into Author (AuthorID, AuthorName, Notes) values (20, 'Binni Banghe', 'Aliquam sit amet diam in magna bibendum imperdiet. Nullam orci pede, venenatis non, sodales sed, tincidunt eu, felis.');
insert into Author (AuthorID, AuthorName, Notes) values (21, 'Grady Kleynermans', 'Morbi sem mauris, laoreet ut, rhoncus aliquet, pulvinar sed, nisl. Nunc rhoncus dui vel sem.');
insert into Author (AuthorID, AuthorName, Notes) values (22, 'Ferris Weetch', 'Morbi porttitor lorem id ligula. Suspendisse ornare consequat lectus.');
insert into Author (AuthorID, AuthorName, Notes) values (23, 'Kailey Killock', 'Fusce congue, diam id ornare imperdiet, sapien urna pretium nisl, ut volutpat sapien arcu sed augue. Aliquam erat volutpat.');
insert into Author (AuthorID, AuthorName, Notes) values (24, 'Philip Woodland', 'Aliquam quis turpis eget elit sodales scelerisque.');
insert into Author (AuthorID, AuthorName, Notes) values (25, 'Jerrine Rugge', 'Duis at velit eu est congue elementum. In hac habitasse platea dictumst.');
insert into Author (AuthorID, AuthorName, Notes) values (26, 'Dorelia Pollok', 'Sed vel enim sit amet nunc viverra dapibus.');
insert into Author (AuthorID, AuthorName, Notes) values (27, 'Maxi Shird', 'Vivamus vestibulum sagittis sapien. Cum sociis natoque penatibus et magnis dis parturient montes, nascetur ridiculus mus.');
insert into Author (AuthorID, AuthorName, Notes) values (28, 'Cristi Makinson', 'Nullam varius. Nulla facilisi.');
insert into Author (AuthorID, AuthorName, Notes) values (29, 'Misha Garric', 'Donec quis orci eget orci vehicula condimentum. Curabitur in libero ut massa volutpat convallis.');
insert into Author (AuthorID, AuthorName, Notes) values (30, 'Ari Stammers', 'Lorem ipsum dolor sit amet, consectetuer adipiscing elit. Proin risus.');
insert into Author (AuthorID, AuthorName, Notes) values (31, 'Josephina Lowre', 'Lorem ipsum dolor sit amet, consectetuer adipiscing elit. Proin risus.');
insert into Author (AuthorID, AuthorName, Notes) values (32, 'Amargo Peploe', 'Praesent lectus.');
insert into Author (AuthorID, AuthorName, Notes) values (33, 'Elbertina Shalcras', 'Duis aliquam convallis nunc. Proin at turpis a pede posuere nonummy.');
insert into Author (AuthorID, AuthorName, Notes) values (34, 'Ilyse D''Almeida', 'Duis bibendum, felis sed interdum venenatis, turpis enim blandit mi, in porttitor pede justo eu massa. Donec dapibus.');
insert into Author (AuthorID, AuthorName, Notes) values (35, 'Ram Briance', 'Praesent lectus. Vestibulum quam sapien, varius ut, blandit non, interdum in, ante.');
insert into Author (AuthorID, AuthorName, Notes) values (36, 'Poul Sharpous', 'Aenean fermentum.');
insert into Author (AuthorID, AuthorName, Notes) values (37, 'Fabe Vokins', 'Maecenas tristique, est et tempus semper, est quam pharetra magna, ac consequat metus sapien ut nunc. Vestibulum ante ipsum primis in faucibus orci luctus et ultrices posuere cubilia Curae; Mauris viverra diam vitae quam.');
insert into Author (AuthorID, AuthorName, Notes) values (38, 'Miguelita Sherrock', 'Phasellus in felis. Donec semper sapien a libero.');
insert into Author (AuthorID, AuthorName, Notes) values (39, 'Giffy Harwin', 'Morbi vel lectus in quam fringilla rhoncus.');
insert into Author (AuthorID, AuthorName, Notes) values (40, 'Miof mela MacNockater', 'Nulla ac enim.');
insert into Author (AuthorID, AuthorName, Notes) values (41, 'Cointon Bartot', 'Nulla neque libero, convallis eget, eleifend luctus, ultricies eu, nibh.');
insert into Author (AuthorID, AuthorName, Notes) values (42, 'Jourdan Lazar', 'Cras in purus eu magna vulputate luctus.');
insert into Author (AuthorID, AuthorName, Notes) values (43, 'Rodney Gainsbury', 'Morbi vestibulum, velit id pretium iaculis, diam erat fermentum justo, nec condimentum neque sapien placerat ante.');
insert into Author (AuthorID, AuthorName, Notes) values (44, 'Alic Oppery', 'Vestibulum sed magna at nunc commodo placerat. Praesent blandit.');
insert into Author (AuthorID, AuthorName, Notes) values (45, 'Dionis Wayland', 'Proin leo odio, porttitor id, consequat in, consequat ut, nulla.');
insert into Author (AuthorID, AuthorName, Notes) values (46, 'Cly Brasted', 'Quisque erat eros, viverra eget, congue eget, semper rutrum, nulla.');
insert into Author (AuthorID, AuthorName, Notes) values (47, 'Frederico Gyngell', 'Aenean sit amet justo. Morbi ut odio.');
insert into Author (AuthorID, AuthorName, Notes) values (48, 'Drucill McGlone', 'Duis bibendum.');
insert into Author (AuthorID, AuthorName, Notes) values (49, 'Linnie Imesson', 'Suspendisse ornare consequat lectus. In est risus, auctor sed, tristique in, tempus sit amet, sem.');
insert into Author (AuthorID, AuthorName, Notes) values (50, 'Sim Ardley', 'Maecenas tristique, est et tempus semper, est quam pharetra magna, ac consequat metus sapien ut nunc. Vestibulum ante ipsum primis in faucibus orci luctus et ultrices posuere cubilia Curae; Mauris viverra diam vitae quam.');
insert into Author (AuthorID, AuthorName, Notes) values (51, 'Anjanette O''Dempsey', 'In hac habitasse platea dictumst.');
insert into Author (AuthorID, AuthorName, Notes) values (52, 'Magdalena Bartczak', 'Sed accumsan felis. Ut at dolor quis odio consequat varius.');
insert into Author (AuthorID, AuthorName, Notes) values (53, 'Jammie Pettett', 'Sed vel enim sit amet nunc viverra dapibus.');
insert into Author (AuthorID, AuthorName, Notes) values (54, 'Felicity Potkins', 'In tempor, turpis nec euismod scelerisque, quam turpis adipiscing lorem, vitae mattis nibh ligula nec sem.');
insert into Author (AuthorID, AuthorName, Notes) values (55, 'Reginauld Coghlin', 'Donec dapibus.');
insert into Author (AuthorID, AuthorName, Notes) values (56, 'Maurise Skehens', 'Duis at velit eu est congue elementum. In hac habitasse platea dictumst.');
insert into Author (AuthorID, AuthorName, Notes) values (57, 'Edeline Fruchon', 'Vestibulum ac est lacinia nisi venenatis tristique. Fusce congue, diam id ornare imperdiet, sapien urna pretium nisl, ut volutpat sapien arcu sed augue.');
insert into Author (AuthorID, AuthorName, Notes) values (58, 'Ari Buffin', 'Etiam faucibus cursus urna. Ut tellus.');
insert into Author (AuthorID, AuthorName, Notes) values (59, 'Web Fenelon', 'Nulla nisl.');
insert into Author (AuthorID, AuthorName, Notes) values (60, 'Aeriell Hourstan', 'Integer aliquet, massa id lobortis convallis, tortor risus dapibus augue, vel accumsan tellus nisi eu orci. Mauris lacinia sapien quis libero.');
insert into Author (AuthorID, AuthorName, Notes) values (61, 'Clerkclaude Coniam', 'Nam nulla.');
insert into Author (AuthorID, AuthorName, Notes) values (62, 'Waylon Blackstock', 'Morbi a ipsum. Integer a nibh.');
insert into Author (AuthorID, AuthorName, Notes) values (63, 'Lucho Foreman', 'Sed vel enim sit amet nunc viverra dapibus.');
insert into Author (AuthorID, AuthorName, Notes) values (64, 'Debora Groger', 'Donec dapibus. Duis at velit eu est congue elementum.');
insert into Author (AuthorID, AuthorName, Notes) values (65, 'Shir Poynser', 'Vestibulum ac est lacinia nisi venenatis tristique. Fusce congue, diam id ornare imperdiet, sapien urna pretium nisl, ut volutpat sapien arcu sed augue.');
insert into Author (AuthorID, AuthorName, Notes) values (66, 'Brocky Lorkins', 'Nulla mollis molestie lorem. Quisque ut erat.');
insert into Author (AuthorID, AuthorName, Notes) values (67, 'Guinevere Myford', 'Nunc nisl.');
insert into Author (AuthorID, AuthorName, Notes) values (68, 'Fransisco Jenicke', 'Aenean sit amet justo.');
insert into Author (AuthorID, AuthorName, Notes) values (69, 'Aldon Dougher', 'Pellentesque ultrices mattis odio. Donec vitae nisi.');
insert into Author (AuthorID, AuthorName, Notes) values (70, 'Loren Sherington', 'Donec dapibus.');
insert into Author (AuthorID, AuthorName, Notes) values (71, 'Mariann Kellart', 'Curabitur in libero ut massa volutpat convallis.');
insert into Author (AuthorID, AuthorName, Notes) values (72, 'Rodolfo Keavy', 'Donec dapibus. Duis at velit eu est congue elementum.');
insert into Author (AuthorID, AuthorName, Notes) values (73, 'Franz Gulk', 'Donec ut mauris eget massa tempor convallis.');
insert into Author (AuthorID, AuthorName, Notes) values (74, 'Cortney Linn', 'Etiam vel augue. Vestibulum rutrum rutrum neque.');
insert into Author (AuthorID, AuthorName, Notes) values (75, 'Karena Mansion', 'Vestibulum ante ipsum primis in faucibus orci luctus et ultrices posuere cubilia Curae; Mauris viverra diam vitae quam. Suspendisse potenti.');
insert into Author (AuthorID, AuthorName, Notes) values (76, 'Salomon Peachment', 'Vestibulum sed magna at nunc commodo placerat.');
insert into Author (AuthorID, AuthorName, Notes) values (77, 'Waneta Pitkins', 'Morbi vel lectus in quam fringilla rhoncus. Mauris enim leo, rhoncus sed, vestibulum sit amet, cursus id, turpis.');
insert into Author (AuthorID, AuthorName, Notes) values (78, 'Melisse Coldham', 'In hac habitasse platea dictumst. Etiam faucibus cursus urna.');
insert into Author (AuthorID, AuthorName, Notes) values (79, 'Marcelline Krysztofowicz', 'Proin interdum mauris non ligula pellentesque ultrices. Phasellus id sapien in sapien iaculis congue.');
insert into Author (AuthorID, AuthorName, Notes) values (80, 'Kurt Trangmar', 'Ut at dolor quis odio consequat varius. Integer ac leo.');
insert into Author (AuthorID, AuthorName, Notes) values (81, 'Brad Pidler', 'Morbi non quam nec dui luctus rutrum. Nulla tellus.');
insert into Author (AuthorID, AuthorName, Notes) values (82, 'Helen-elizabeth Whelpdale', 'Morbi porttitor lorem id ligula. Suspendisse ornare consequat lectus.');
insert into Author (AuthorID, AuthorName, Notes) values (83, 'Evangeline Tenpenny', 'Aliquam non mauris.');
insert into Author (AuthorID, AuthorName, Notes) values (84, 'Layne Brockie', 'Nulla facilisi. Cras non velit nec nisi vulputate nonummy.');
insert into Author (AuthorID, AuthorName, Notes) values (85, 'Trista Grice', 'Cras in purus eu magna vulputate luctus. Cum sociis natoque penatibus et magnis dis parturient montes, nascetur ridiculus mus.');
insert into Author (AuthorID, AuthorName, Notes) values (86, 'Marigold Bolmann', 'Etiam faucibus cursus urna.');
insert into Author (AuthorID, AuthorName, Notes) values (87, 'Rosalia MacKilroe', 'Fusce posuere felis sed lacus.');
insert into Author (AuthorID, AuthorName, Notes) values (88, 'Arnie Pigne', 'Donec odio justo, sollicitudin ut, suscipit a, feugiat et, eros.');
insert into Author (AuthorID, AuthorName, Notes) values (89, 'Emalee De Giorgis', 'Quisque arcu libero, rutrum ac, lobortis vel, dapibus at, diam. Nam tristique tortor eu pede.');
insert into Author (AuthorID, AuthorName, Notes) values (90, 'Corrinne Arni', 'Pellentesque viverra pede ac diam. Cras pellentesque volutpat dui.');
insert into Author (AuthorID, AuthorName, Notes) values (91, 'Ernesto MacGoun', 'Cras in purus eu magna vulputate luctus. Cum sociis natoque penatibus et magnis dis parturient montes, nascetur ridiculus mus.');
insert into Author (AuthorID, AuthorName, Notes) values (92, 'Wynn Maguire', 'Integer pede justo, lacinia eget, tincidunt eget, tempus vel, pede. Morbi porttitor lorem id ligula.');
insert into Author (AuthorID, AuthorName, Notes) values (93, 'Wolfy Pagnin', 'Suspendisse potenti.');
insert into Author (AuthorID, AuthorName, Notes) values (94, 'Ian Forlong', 'Cras mi pede, malesuada in, imperdiet et, commodo vulputate, justo. In blandit ultrices enim.');
insert into Author (AuthorID, AuthorName, Notes) values (95, 'Licha Guidoni', 'Proin eu mi.');
insert into Author (AuthorID, AuthorName, Notes) values (96, 'Atlante Ricket', 'Phasellus id sapien in sapien iaculis congue.');
insert into Author (AuthorID, AuthorName, Notes) values (97, 'Pace Brusby', 'Morbi ut odio.');
insert into Author (AuthorID, AuthorName, Notes) values (98, 'Neville Sinkin', 'Morbi non quam nec dui luctus rutrum.');
insert into Author (AuthorID, AuthorName, Notes) values (99, 'Dory McNirlin', 'Pellentesque eget nunc. Donec quis orci eget orci vehicula condimentum.');
insert into Author (AuthorID, AuthorName, Notes) values (100, 'Torrie Besnardeau', 'Suspendisse potenti. Cras in purus eu magna vulputate luctus.');
insert into Author (AuthorID, AuthorName, Notes) values (101, 'Dina Headech', 'Morbi vel lectus in quam fringilla rhoncus. Mauris enim leo, rhoncus sed, vestibulum sit amet, cursus id, turpis.');
insert into Author (AuthorID, AuthorName, Notes) values (102, 'Hartwell McIlreavy', 'Ut tellus. Nulla ut erat id mauris vulputate elementum.');
insert into Author (AuthorID, AuthorName, Notes) values (103, 'Antonetta Karoly', 'Donec vitae nisi.');
insert into Author (AuthorID, AuthorName, Notes) values (104, 'Rahel McKinnell', 'In hac habitasse platea dictumst.');
insert into Author (AuthorID, AuthorName, Notes) values (105, 'Jordain Vinas', 'Nam tristique tortor eu pede.');
insert into Author (AuthorID, AuthorName, Notes) values (106, 'Shepard De Souza', 'Nulla facilisi. Cras non velit nec nisi vulputate nonummy.');
insert into Author (AuthorID, AuthorName, Notes) values (107, 'Brand Champain', 'Nulla facilisi. Cras non velit nec nisi vulputate nonummy.');
insert into Author (AuthorID, AuthorName, Notes) values (108, 'Hube Laven', 'Aenean auctor gravida sem.');
insert into Author (AuthorID, AuthorName, Notes) values (109, 'Tallulah Littlecote', 'Suspendisse potenti.');
insert into Author (AuthorID, AuthorName, Notes) values (110, 'Karlik McLucky', 'In est risus, auctor sed, tristique in, tempus sit amet, sem.');
insert into Author (AuthorID, AuthorName, Notes) values (111, 'Ambrose Corwin', 'Phasellus in felis. Donec semper sapien a libero.');
insert into Author (AuthorID, AuthorName, Notes) values (112, 'Hernando Lafflina', 'Curabitur convallis. Duis consequat dui nec nisi volutpat eleifend.');
insert into Author (AuthorID, AuthorName, Notes) values (113, 'Towny Asp', 'Lorem ipsum dolor sit amet, consectetuer adipiscing elit. Proin interdum mauris non ligula pellentesque ultrices.');
insert into Author (AuthorID, AuthorName, Notes) values (114, 'Nelly Klimkowski', 'Phasellus sit amet erat. Nulla tempus.');
insert into Author (AuthorID, AuthorName, Notes) values (115, 'Jacynth Blowick', 'In tempor, turpis nec euismod scelerisque, quam turpis adipiscing lorem, vitae mattis nibh ligula nec sem. Duis aliquam convallis nunc.');
insert into Author (AuthorID, AuthorName, Notes) values (116, 'Renato Schistl', 'Nam ultrices, libero non mattis pulvinar, nulla pede ullamcorper augue, a suscipit nulla elit ac nulla.');
insert into Author (AuthorID, AuthorName, Notes) values (117, 'Brady Shemming', 'Nunc nisl. Duis bibendum, felis sed interdum venenatis, turpis enim blandit mi, in porttitor pede justo eu massa.');
insert into Author (AuthorID, AuthorName, Notes) values (118, 'Lothaire Stichel', 'Proin eu mi.');
insert into Author (AuthorID, AuthorName, Notes) values (119, 'Gunar Fleury', 'In tempor, turpis nec euismod scelerisque, quam turpis adipiscing lorem, vitae mattis nibh ligula nec sem. Duis aliquam convallis nunc.');
insert into Author (AuthorID, AuthorName, Notes) values (120, 'Adamo Blowen', 'Proin risus. Praesent lectus.');
insert into Author (AuthorID, AuthorName, Notes) values (121, 'Silvia Cowing', 'Nunc purus.');
insert into Author (AuthorID, AuthorName, Notes) values (122, 'Lucienne Puddicombe', 'Maecenas rhoncus aliquam lacus.');
insert into Author (AuthorID, AuthorName, Notes) values (123, 'Madalyn Houlton', 'Duis at velit eu est congue elementum.');
insert into Author (AuthorID, AuthorName, Notes) values (124, 'Muhammad Stripp', 'In tempor, turpis nec euismod scelerisque, quam turpis adipiscing lorem, vitae mattis nibh ligula nec sem.');
insert into Author (AuthorID, AuthorName, Notes) values (125, 'Almeta Badger', 'Phasellus sit amet erat. Nulla tempus.');
insert into Author (AuthorID, AuthorName, Notes) values (126, 'Waylin McCully', 'Sed sagittis. Nam congue, risus semper porta volutpat, quam pede lobortis ligula, sit amet eleifend pede libero quis orci.');
insert into Author (AuthorID, AuthorName, Notes) values (127, 'Massimo Varsey', 'Fusce consequat. Nulla nisl.');
insert into Author (AuthorID, AuthorName, Notes) values (128, 'Natale Faint', 'Vivamus metus arcu, adipiscing molestie, hendrerit at, vulputate vitae, nisl. Aenean lectus.');
insert into Author (AuthorID, AuthorName, Notes) values (129, 'Brady Klemmt', 'Integer ac leo.');
insert into Author (AuthorID, AuthorName, Notes) values (130, 'Gardener Calabry', 'Cum sociis natoque penatibus et magnis dis parturient montes, nascetur ridiculus mus.');
insert into Author (AuthorID, AuthorName, Notes) values (131, 'Janelle Tidey', 'Mauris sit amet eros.');
insert into Author (AuthorID, AuthorName, Notes) values (132, 'Papagena Walbrun', 'Vestibulum ante ipsum primis in faucibus orci luctus et ultrices posuere cubilia Curae; Donec pharetra, magna vestibulum aliquet ultrices, erat tortor sollicitudin mi, sit amet lobortis sapien sapien non mi. Integer ac neque.');
insert into Author (AuthorID, AuthorName, Notes) values (133, 'Micky Bafford', 'Nulla ut erat id mauris vulputate elementum.');
insert into Author (AuthorID, AuthorName, Notes) values (134, 'Bel Keoghan', 'Cras in purus eu magna vulputate luctus.');
insert into Author (AuthorID, AuthorName, Notes) values (135, 'Thatcher Marcus', 'Proin leo odio, porttitor id, consequat in, consequat ut, nulla. Sed accumsan felis.');
insert into Author (AuthorID, AuthorName, Notes) values (136, 'Virgil Pummell', 'Proin leo odio, porttitor id, consequat in, consequat ut, nulla. Sed accumsan felis.');
insert into Author (AuthorID, AuthorName, Notes) values (137, 'Augustine Maltman', 'Fusce posuere felis sed lacus. Morbi sem mauris, laoreet ut, rhoncus aliquet, pulvinar sed, nisl.');
insert into Author (AuthorID, AuthorName, Notes) values (138, 'Faustina Pownall', 'Pellentesque eget nunc. Donec quis orci eget orci vehicula condimentum.');
insert into Author (AuthorID, AuthorName, Notes) values (139, 'Rozalie Moyce', 'Duis bibendum, felis sed interdum venenatis, turpis enim blandit mi, in porttitor pede justo eu massa. Donec dapibus.');
insert into Author (AuthorID, AuthorName, Notes) values (140, 'Bernadina Vernay', 'Nulla neque libero, convallis eget, eleifend luctus, ultricies eu, nibh. Quisque id justo sit amet sapien dignissim vestibulum.');
insert into Author (AuthorID, AuthorName, Notes) values (141, 'Valenka Orehead', 'Nullam orci pede, venenatis non, sodales sed, tincidunt eu, felis. Fusce posuere felis sed lacus.');
insert into Author (AuthorID, AuthorName, Notes) values (142, 'Sarena McCrachen', 'Cum sociis natoque penatibus et magnis dis parturient montes, nascetur ridiculus mus.');
insert into Author (AuthorID, AuthorName, Notes) values (143, 'Rand Kubera', 'Suspendisse potenti. In eleifend quam a odio.');
insert into Author (AuthorID, AuthorName, Notes) values (144, 'Christophe Duckit', 'Phasellus id sapien in sapien iaculis congue.');
insert into Author (AuthorID, AuthorName, Notes) values (145, 'Darnall Pimley', 'Cum sociis natoque penatibus et magnis dis parturient montes, nascetur ridiculus mus.');
insert into Author (AuthorID, AuthorName, Notes) values (146, 'Warren Egdale', 'Maecenas rhoncus aliquam lacus.');
insert into Author (AuthorID, AuthorName, Notes) values (147, 'Sabine Thon', 'Vivamus vestibulum sagittis sapien.');
insert into Author (AuthorID, AuthorName, Notes) values (148, 'Brittan Thieme', 'Nam dui. Proin leo odio, porttitor id, consequat in, consequat ut, nulla.');
insert into Author (AuthorID, AuthorName, Notes) values (149, 'Pierson Osbidston', 'Morbi vestibulum, velit id pretium iaculis, diam erat fermentum justo, nec condimentum neque sapien placerat ante. Nulla justo.');
insert into Author (AuthorID, AuthorName, Notes) values (150, 'Rene Ivashkov', 'Proin interdum mauris non ligula pellentesque ultrices.');
insert into Author (AuthorID, AuthorName, Notes) values (151, 'Aland Stolworthy', 'Donec ut dolor. Morbi vel lectus in quam fringilla rhoncus.');
insert into Author (AuthorID, AuthorName, Notes) values (152, 'Alica Danshin', 'Nulla facilisi. Cras non velit nec nisi vulputate nonummy.');
insert into Author (AuthorID, AuthorName, Notes) values (153, 'Marcille Woolford', 'Nullam varius.');
insert into Author (AuthorID, AuthorName, Notes) values (154, 'Cornie MacRedmond', 'Morbi sem mauris, laoreet ut, rhoncus aliquet, pulvinar sed, nisl.');
insert into Author (AuthorID, AuthorName, Notes) values (155, 'Morena Tummasutti', 'Morbi vestibulum, velit id pretium iaculis, diam erat fermentum justo, nec condimentum neque sapien placerat ante.');
insert into Author (AuthorID, AuthorName, Notes) values (156, 'Beverley Murrhardt', 'Duis at velit eu est congue elementum.');
insert into Author (AuthorID, AuthorName, Notes) values (157, 'Babette Wabersich', 'Vivamus tortor.');
insert into Author (AuthorID, AuthorName, Notes) values (158, 'Earl Bachelar', 'Vivamus vel nulla eget eros elementum pellentesque. Quisque porta volutpat erat.');
insert into Author (AuthorID, AuthorName, Notes) values (159, 'Wolfy Reburn', 'Nulla tellus. In sagittis dui vel nisl.');
insert into Author (AuthorID, AuthorName, Notes) values (160, 'Rani Gonin', 'Nam ultrices, libero non mattis pulvinar, nulla pede ullamcorper augue, a suscipit nulla elit ac nulla. Sed vel enim sit amet nunc viverra dapibus.');
insert into Author (AuthorID, AuthorName, Notes) values (161, 'Nadine Morrallee', 'Proin interdum mauris non ligula pellentesque ultrices. Phasellus id sapien in sapien iaculis congue.');
insert into Author (AuthorID, AuthorName, Notes) values (162, 'Zandra Ripley', 'Vestibulum quam sapien, varius ut, blandit non, interdum in, ante. Vestibulum ante ipsum primis in faucibus orci luctus et ultrices posuere cubilia Curae; Duis faucibus accumsan odio.');
insert into Author (AuthorID, AuthorName, Notes) values (163, 'Marven Rippon', 'Etiam vel augue.');
insert into Author (AuthorID, AuthorName, Notes) values (164, 'Bordy Tirrell', 'In sagittis dui vel nisl.');
insert into Author (AuthorID, AuthorName, Notes) values (165, 'Paquito Toppes', 'In eleifend quam a odio.');
insert into Author (AuthorID, AuthorName, Notes) values (166, 'Mallory Vescovo', 'Vestibulum rutrum rutrum neque. Aenean auctor gravida sem.');
insert into Author (AuthorID, AuthorName, Notes) values (167, 'Gilburt Plail', 'In congue.');
insert into Author (AuthorID, AuthorName, Notes) values (168, 'Prentice Brettell', 'Morbi non lectus.');
insert into Author (AuthorID, AuthorName, Notes) values (169, 'Fidelio Heal', 'Cras non velit nec nisi vulputate nonummy.');
insert into Author (AuthorID, AuthorName, Notes) values (170, 'Orelia D''Costa', 'Nam ultrices, libero non mattis pulvinar, nulla pede ullamcorper augue, a suscipit nulla elit ac nulla.');
insert into Author (AuthorID, AuthorName, Notes) values (171, 'Tally Rowett', 'Proin eu mi.');
insert into Author (AuthorID, AuthorName, Notes) values (172, 'Alleen Aikett', 'Donec dapibus. Duis at velit eu est congue elementum.');
insert into Author (AuthorID, AuthorName, Notes) values (173, 'Gerri Golston', 'Donec ut dolor.');
insert into Author (AuthorID, AuthorName, Notes) values (174, 'Gian Hopfer', 'Vivamus tortor. Duis mattis egestas metus.');
insert into Author (AuthorID, AuthorName, Notes) values (175, 'Etty Galland', 'Mauris sit amet eros.');
insert into Author (AuthorID, AuthorName, Notes) values (176, 'Gayla Gingle', 'Mauris lacinia sapien quis libero. Nullam sit amet turpis elementum ligula vehicula consequat.');
insert into Author (AuthorID, AuthorName, Notes) values (177, 'Ricca Carlino', 'In hac habitasse platea dictumst. Maecenas ut massa quis augue luctus tincidunt.');
insert into Author (AuthorID, AuthorName, Notes) values (178, 'Gregory Gareisr', 'Suspendisse accumsan tortor quis turpis. Sed ante.');
insert into Author (AuthorID, AuthorName, Notes) values (179, 'Arvie Gross', 'In tempor, turpis nec euismod scelerisque, quam turpis adipiscing lorem, vitae mattis nibh ligula nec sem.');
insert into Author (AuthorID, AuthorName, Notes) values (180, 'Winfield Hanvey', 'Donec vitae nisi.');
insert into Author (AuthorID, AuthorName, Notes) values (181, 'Konstantin Langhorne', 'In hac habitasse platea dictumst. Etiam faucibus cursus urna.');
insert into Author (AuthorID, AuthorName, Notes) values (182, 'Gearard Brittoner', 'Phasellus id sapien in sapien iaculis congue. Vivamus metus arcu, adipiscing molestie, hendrerit at, vulputate vitae, nisl.');
insert into Author (AuthorID, AuthorName, Notes) values (183, 'Eunice Ridler', 'Proin risus.');
insert into Author (AuthorID, AuthorName, Notes) values (184, 'Budd Baudet', 'Vestibulum ante ipsum primis in faucibus orci luctus et ultrices posuere cubilia Curae; Duis faucibus accumsan odio.');
insert into Author (AuthorID, AuthorName, Notes) values (185, 'Kitty Thombleson', 'Curabitur convallis.');
insert into Author (AuthorID, AuthorName, Notes) values (186, 'Imojean Arstall', 'Maecenas ut massa quis augue luctus tincidunt.');
insert into Author (AuthorID, AuthorName, Notes) values (187, 'Gussie McMichael', 'Nunc nisl.');
insert into Author (AuthorID, AuthorName, Notes) values (188, 'Tam Westnedge', 'Maecenas pulvinar lobortis est. Phasellus sit amet erat.');
insert into Author (AuthorID, AuthorName, Notes) values (189, 'Nertie Jehu', 'Maecenas tristique, est et tempus semper, est quam pharetra magna, ac consequat metus sapien ut nunc.');
insert into Author (AuthorID, AuthorName, Notes) values (190, 'Christy Cauley', 'Nullam porttitor lacus at turpis.');
insert into Author (AuthorID, AuthorName, Notes) values (191, 'Pepe Wortman', 'In eleifend quam a odio. In hac habitasse platea dictumst.');
insert into Author (AuthorID, AuthorName, Notes) values (192, 'Bettye Fingleton', 'Fusce consequat.');
insert into Author (AuthorID, AuthorName, Notes) values (193, 'Phillie Cridland', 'Nulla justo. Aliquam quis turpis eget elit sodales scelerisque.');
insert into Author (AuthorID, AuthorName, Notes) values (194, 'Elsie Whitrod', 'Cras pellentesque volutpat dui.');
insert into Author (AuthorID, AuthorName, Notes) values (195, 'Dennet Tunstall', 'Integer a nibh. In quis justo.');
insert into Author (AuthorID, AuthorName, Notes) values (196, 'Willetta Crees', 'Proin at turpis a pede posuere nonummy.');
insert into Author (AuthorID, AuthorName, Notes) values (197, 'Birgitta Meric', 'Ut tellus. Nulla ut erat id mauris vulputate elementum.');
insert into Author (AuthorID, AuthorName, Notes) values (198, 'Diannne Wilkennson', 'Cras mi pede, malesuada in, imperdiet et, commodo vulputate, justo. In blandit ultrices enim.');
insert into Author (AuthorID, AuthorName, Notes) values (199, 'Amii Bottomley', 'Praesent lectus. Vestibulum quam sapien, varius ut, blandit non, interdum in, ante.');
insert into Author (AuthorID, AuthorName, Notes) values (200, 'Gwenora Aristide', 'Phasellus sit amet erat. Nulla tempus.');

insert into Category (CategoryID, CategoryName) values (1, 'Drama');
insert into Category (CategoryID, CategoryName) values (2, 'Thriller');
insert into Category (CategoryID, CategoryName) values (3, 'Horror');
insert into Category (CategoryID, CategoryName) values (4, 'Comedy');
insert into Category (CategoryID, CategoryName) values (5, 'Action');
insert into Category (CategoryID, CategoryName) values (6, 'Romance');
insert into Category (CategoryID, CategoryName) values (7, 'Sci-Fi');
insert into Category (CategoryID, CategoryName) values (8, 'War');
insert into Category (CategoryID, CategoryName) values (9, 'Documentary');
insert into Category (CategoryID, CategoryName) values (10, 'Mystery');

insert into Publisher (PublisherID, PublisherName, Address, Email, PhoneNumber) values (1, 'Ailane', '20 South Road', 'kokker0@google.nl', '823-783-5300');
insert into Publisher (PublisherID, PublisherName, Address, Email, PhoneNumber) values (2, 'Npath', '43 Fuller Trail', 'zgainsboro1@hatena.ne.jp', '948-480-3722');
insert into Publisher (PublisherID, PublisherName, Address, Email, PhoneNumber) values (3, 'Thoughtsphere', '510 Lerdahl Center', 'cmacdermot2@slate.com', '680-662-3673');
insert into Publisher (PublisherID, PublisherName, Address, Email, PhoneNumber) values (4, 'Browsetype', '4 Anzinger Road', 'aheistermann3@qq.com', '807-770-5436');
insert into Publisher (PublisherID, PublisherName, Address, Email, PhoneNumber) values (5, 'Yotz', '72 Doe Crossing Plaza', 'apeiser4@prnewswire.com', '512-475-7580');
insert into Publisher (PublisherID, PublisherName, Address, Email, PhoneNumber) values (6, 'Cogidoo', '3 Grim Pass', 'linseal5@aboutads.info', '358-529-3033');
insert into Publisher (PublisherID, PublisherName, Address, Email, PhoneNumber) values (7, 'Kwimbee', '70499 Sutherland Alley', 'kclubley6@wordpress.org', '769-217-0658');
insert into Publisher (PublisherID, PublisherName, Address, Email, PhoneNumber) values (8, 'Livepath', '69 David Lane', 'dmedhurst7@tinypic.com', '485-518-5559');
insert into Publisher (PublisherID, PublisherName, Address, Email, PhoneNumber) values (9, 'Yata', '6 Victoria Point', 'edumbare8@pcworld.com', '482-196-4512');
insert into Publisher (PublisherID, PublisherName, Address, Email, PhoneNumber) values (10, 'Dynabox', '4 Sachtjen Point', 'mvassbender9@arizona.edu', '888-644-1272');
insert into Publisher (PublisherID, PublisherName, Address, Email, PhoneNumber) values (11, 'Rhyzio', '1 Springs Terrace', 'ptreacya@linkedin.com', '716-203-5902');
insert into Publisher (PublisherID, PublisherName, Address, Email, PhoneNumber) values (12, 'Miboo', '369 Petterle Parkway', 'iodamb@booking.com', '499-865-1863');
insert into Publisher (PublisherID, PublisherName, Address, Email, PhoneNumber) values (13, 'Aibox', '20754 Independence Drive', 'jmcmillamc@ca.gov', '885-465-0123');
insert into Publisher (PublisherID, PublisherName, Address, Email, PhoneNumber) values (14, 'Babbleblab', '747 Pine View Avenue', 'cspaiced@princeton.edu', '827-940-0006');
insert into Publisher (PublisherID, PublisherName, Address, Email, PhoneNumber) values (15, 'Eire', '571 Gale Alley', 'gfranscionie@youtube.com', '396-640-1187');
insert into Publisher (PublisherID, PublisherName, Address, Email, PhoneNumber) values (16, 'Mybuzz', '1 Talmadge Trail', 'bchurchlowf@sfgate.com', '826-427-9184');
insert into Publisher (PublisherID, PublisherName, Address, Email, PhoneNumber) values (17, 'Camido', '96564 Lindbergh Drive', 'jrekesg@kickstarter.com', '862-670-7235');
insert into Publisher (PublisherID, PublisherName, Address, Email, PhoneNumber) values (18, 'Edgewire', '54877 Macpherson Point', 'cpillingtonh@thetimes.co.uk', '836-324-7382');
insert into Publisher (PublisherID, PublisherName, Address, Email, PhoneNumber) values (19, 'Yodel', '7 Springview Parkway', 'ajouaneti@homestead.com', '242-888-6569');
insert into Publisher (PublisherID, PublisherName, Address, Email, PhoneNumber) values (20, 'Eamia', '6 High Crossing Street', 'jcandiej@tuttocitta.it', '293-806-7515');
insert into Publisher (PublisherID, PublisherName, Address, Email, PhoneNumber) values (21, 'Wordify', '4812 Lukken Alley', 'eoxtabyk@bloglovin.com', '162-743-7583');
insert into Publisher (PublisherID, PublisherName, Address, Email, PhoneNumber) values (22, 'Tazz', '1565 Charing Cross Street', 'heudalll@last.fm', '865-311-3030');
insert into Publisher (PublisherID, PublisherName, Address, Email, PhoneNumber) values (23, 'Wordify', '1 Algoma Road', 'crodriguezm@opensource.org', '693-681-5005');
insert into Publisher (PublisherID, PublisherName, Address, Email, PhoneNumber) values (24, 'Devpulse', '60 Superior Parkway', 'btejadan@clickbank.net', '737-647-7616');
insert into Publisher (PublisherID, PublisherName, Address, Email, PhoneNumber) values (25, 'Yamia', '11 Little Fleur Avenue', 'amumbeyo@google.nl', '368-129-1518');
insert into Publisher (PublisherID, PublisherName, Address, Email, PhoneNumber) values (26, 'Brainbox', '3 Ryan Crossing', 'jprettyp@globo.com', '122-948-6181');
insert into Publisher (PublisherID, PublisherName, Address, Email, PhoneNumber) values (27, 'Thoughtblab', '89897 Emmet Plaza', 'mbalmadierq@constantcontact.com', '153-194-0477');
insert into Publisher (PublisherID, PublisherName, Address, Email, PhoneNumber) values (28, 'Aivee', '669 Cody Pass', 'lclowsr@yellowpages.com', '164-938-7874');
insert into Publisher (PublisherID, PublisherName, Address, Email, PhoneNumber) values (29, 'Layo', '2838 Elmside Road', 'jdyzarts@addthis.com', '768-975-3006');
insert into Publisher (PublisherID, PublisherName, Address, Email, PhoneNumber) values (30, 'BlogXS', '76 Express Plaza', 'cnernet@mit.edu', '663-967-0389');
insert into Publisher (PublisherID, PublisherName, Address, Email, PhoneNumber) values (31, 'Aibox', '734 Fuller Crossing', 'ykistingu@bbb.org', '773-417-4009');
insert into Publisher (PublisherID, PublisherName, Address, Email, PhoneNumber) values (32, 'Buzzshare', '7 Toban Place', 'bmacwilliamv@spiegel.de', '527-160-4126');
insert into Publisher (PublisherID, PublisherName, Address, Email, PhoneNumber) values (33, 'Zava', '9 Golf View Junction', 'othirlwallw@github.com', '584-752-0197');
insert into Publisher (PublisherID, PublisherName, Address, Email, PhoneNumber) values (34, 'Skalith', '4615 Drewry Park', 'iabrahmerx@edublogs.org', '332-992-1966');
insert into Publisher (PublisherID, PublisherName, Address, Email, PhoneNumber) values (35, 'Vimbo', '135 La Follette Alley', 'wmiklemy@ow.ly', '987-226-3381');
insert into Publisher (PublisherID, PublisherName, Address, Email, PhoneNumber) values (36, 'Photofeed', '46223 Aberg Trail', 'bsollomz@un.org', '919-191-4949');
insert into Publisher (PublisherID, PublisherName, Address, Email, PhoneNumber) values (37, 'Gevee', '50718 Kensington Point', 'mgritsaev10@sphinn.com', '884-876-5258');
insert into Publisher (PublisherID, PublisherName, Address, Email, PhoneNumber) values (38, 'Trilith', '5 Shelley Pass', 'hodoogan11@tmall.com', '432-150-4936');
insert into Publisher (PublisherID, PublisherName, Address, Email, PhoneNumber) values (39, 'Roodel', '729 Summer Ridge Parkway', 'glequesne12@soundcloud.com', '527-291-6714');
insert into Publisher (PublisherID, PublisherName, Address, Email, PhoneNumber) values (40, 'Kwilith', '79 Aberg Parkway', 'jpalfery13@github.com', '498-735-3524');
insert into Publisher (PublisherID, PublisherName, Address, Email, PhoneNumber) values (41, 'Katz', '613 Corben Hill', 'vbrugger14@cnn.com', '759-833-0604');
insert into Publisher (PublisherID, PublisherName, Address, Email, PhoneNumber) values (42, 'Skinte', '9940 Village Lane', 'bburwood15@ca.gov', '406-776-2347');
insert into Publisher (PublisherID, PublisherName, Address, Email, PhoneNumber) values (43, 'Gevee', '31 Forest Center', 'blegister16@51.la', '462-812-7027');
insert into Publisher (PublisherID, PublisherName, Address, Email, PhoneNumber) values (44, 'Edgepulse', '06 Pepper Wood Circle', 'jgouth17@seattletimes.com', '487-922-6352');
insert into Publisher (PublisherID, PublisherName, Address, Email, PhoneNumber) values (45, 'Buzzshare', '9024 Rockefeller Way', 'bcraigg18@bing.com', '966-498-6892');
insert into Publisher (PublisherID, PublisherName, Address, Email, PhoneNumber) values (46, 'Feedmix', '3243 Kropf Trail', 'rcattow19@youku.com', '114-175-0237');
insert into Publisher (PublisherID, PublisherName, Address, Email, PhoneNumber) values (47, 'Trilia', '45289 Meadow Valley Center', 'eschuricht1a@tamu.edu', '913-395-6084');
insert into Publisher (PublisherID, PublisherName, Address, Email, PhoneNumber) values (48, 'Babbleset', '4449 Eggendart Drive', 'knewlove1b@ebay.co.uk', '122-493-1584');
insert into Publisher (PublisherID, PublisherName, Address, Email, PhoneNumber) values (49, 'Snaptags', '32 Northview Place', 'ckitchingman1c@nba.com', '396-306-9336');
insert into Publisher (PublisherID, PublisherName, Address, Email, PhoneNumber) values (50, 'Dabjam', '5453 Cardinal Lane', 'dpinar1d@google.ru', '124-976-8640');
insert into Publisher (PublisherID, PublisherName, Address, Email, PhoneNumber) values (51, 'Dabvine', '603 Melby Center', 'ojaggli1e@columbia.edu', '808-705-8420');
insert into Publisher (PublisherID, PublisherName, Address, Email, PhoneNumber) values (52, 'Yacero', '8 Longview Crossing', 'ebrookton1f@netvibes.com', '702-802-4466');
insert into Publisher (PublisherID, PublisherName, Address, Email, PhoneNumber) values (53, 'Roodel', '466 South Circle', 'talcido1g@arizona.edu', '689-709-0722');
insert into Publisher (PublisherID, PublisherName, Address, Email, PhoneNumber) values (54, 'Brightdog', '362 Larry Circle', 'aalders1h@independent.co.uk', '616-890-1699');
insert into Publisher (PublisherID, PublisherName, Address, Email, PhoneNumber) values (55, 'Midel', '6 Continental Point', 'agramer1i@topsy.com', '777-888-5004');
insert into Publisher (PublisherID, PublisherName, Address, Email, PhoneNumber) values (56, 'Fanoodle', '2 Corben Park', 'abordessa1j@archive.org', '943-607-2315');
insert into Publisher (PublisherID, PublisherName, Address, Email, PhoneNumber) values (57, 'Vipe', '01329 Sutherland Center', 'jsendall1k@uol.com.br', '872-198-9347');
insert into Publisher (PublisherID, PublisherName, Address, Email, PhoneNumber) values (58, 'Realmix', '700 Burrows Road', 'erawsen1l@biglobe.ne.jp', '592-425-0101');
insert into Publisher (PublisherID, PublisherName, Address, Email, PhoneNumber) values (59, 'Kayveo', '2296 Crownhardt Junction', 'adotterill1m@free.fr', '337-214-2388');
insert into Publisher (PublisherID, PublisherName, Address, Email, PhoneNumber) values (60, 'Jamia', '5278 Moulton Center', 'cbedells1n@plala.or.jp', '363-586-1113');
insert into Publisher (PublisherID, PublisherName, Address, Email, PhoneNumber) values (61, 'Nlounge', '72 Grover Alley', 'mgeist1o@earthlink.net', '859-360-2147');
insert into Publisher (PublisherID, PublisherName, Address, Email, PhoneNumber) values (62, 'Izio', '6518 Norway Maple Terrace', 'sdematteis1p@toplist.cz', '481-979-8946');
insert into Publisher (PublisherID, PublisherName, Address, Email, PhoneNumber) values (63, 'Dabfeed', '6 Parkside Alley', 'lgeram1q@timesonline.co.uk', '442-744-2253');
insert into Publisher (PublisherID, PublisherName, Address, Email, PhoneNumber) values (64, 'Wordtune', '0444 Debra Court', 'tducker1r@nyu.edu', '387-531-8423');
insert into Publisher (PublisherID, PublisherName, Address, Email, PhoneNumber) values (65, 'Livefish', '3361 3rd Way', 'gcasini1s@economist.com', '674-636-5175');
insert into Publisher (PublisherID, PublisherName, Address, Email, PhoneNumber) values (66, 'Talane', '84 Red Cloud Hill', 'jickov1t@macromedia.com', '285-994-4724');
insert into Publisher (PublisherID, PublisherName, Address, Email, PhoneNumber) values (67, 'Twitterbridge', '67280 Sycamore Way', 'balastair1u@ameblo.jp', '771-911-5005');
insert into Publisher (PublisherID, PublisherName, Address, Email, PhoneNumber) values (68, 'Fliptune', '7 Aberg Street', 'mdanzelman1v@dailymotion.com', '217-435-9682');
insert into Publisher (PublisherID, PublisherName, Address, Email, PhoneNumber) values (69, 'Tambee', '2758 Westridge Circle', 'jcoling1w@tumblr.com', '686-341-9025');
insert into Publisher (PublisherID, PublisherName, Address, Email, PhoneNumber) values (70, 'Realcube', '856 Texas Plaza', 'lfearne1x@webs.com', '202-599-2517');
insert into Publisher (PublisherID, PublisherName, Address, Email, PhoneNumber) values (71, 'Camimbo', '3 Holy Cross Place', 'tgerrard1y@jalbum.net', '913-297-6287');
insert into Publisher (PublisherID, PublisherName, Address, Email, PhoneNumber) values (72, 'Wikido', '4 Oneill Avenue', 'tbartosinski1z@stanford.edu', '908-283-8589');
insert into Publisher (PublisherID, PublisherName, Address, Email, PhoneNumber) values (73, 'Ainyx', '5378 Hoffman Trail', 'bpridden20@accuweather.com', '233-360-1370');
insert into Publisher (PublisherID, PublisherName, Address, Email, PhoneNumber) values (74, 'Leexo', '6166 Petterle Pass', 'dcapponeer21@stanford.edu', '632-276-9003');
insert into Publisher (PublisherID, PublisherName, Address, Email, PhoneNumber) values (75, 'Gabtune', '3 Kropf Road', 'bnussen22@wp.com', '276-815-3905');
insert into Publisher (PublisherID, PublisherName, Address, Email, PhoneNumber) values (76, 'Yakitri', '3 Veith Street', 'cholde23@pagesperso-orange.fr', '659-746-9913');
insert into Publisher (PublisherID, PublisherName, Address, Email, PhoneNumber) values (77, 'BlogXS', '806 Prentice Pass', 'dschwant24@wikipedia.org', '385-571-6111');
insert into Publisher (PublisherID, PublisherName, Address, Email, PhoneNumber) values (78, 'Trudeo', '43 Bluestem Way', 'lcoggins25@eventbrite.com', '883-166-5269');
insert into Publisher (PublisherID, PublisherName, Address, Email, PhoneNumber) values (79, 'Vinte', '62097 Rieder Point', 'wgolding26@whitehouse.gov', '871-511-1535');
insert into Publisher (PublisherID, PublisherName, Address, Email, PhoneNumber) values (80, 'Wikizz', '826 Carioca Hill', 'hlob27@uol.com.br', '302-549-9402');
insert into Publisher (PublisherID, PublisherName, Address, Email, PhoneNumber) values (81, 'Zooveo', '9 Meadow Ridge Terrace', 'novenden28@naver.com', '564-636-0067');
insert into Publisher (PublisherID, PublisherName, Address, Email, PhoneNumber) values (82, 'Skyble', '2016 Becker Avenue', 'fsomerton29@chron.com', '112-625-8505');
insert into Publisher (PublisherID, PublisherName, Address, Email, PhoneNumber) values (83, 'Zoovu', '2 Spohn Alley', 'mcalwell2a@wisc.edu', '149-432-8108');
insert into Publisher (PublisherID, PublisherName, Address, Email, PhoneNumber) values (84, 'Edgeify', '620 Bartillon Center', 'mwhorall2b@google.com.au', '856-491-9467');
insert into Publisher (PublisherID, PublisherName, Address, Email, PhoneNumber) values (85, 'Zoomzone', '296 Sherman Trail', 'mpetrillo2c@chronoengine.com', '693-157-4668');
insert into Publisher (PublisherID, PublisherName, Address, Email, PhoneNumber) values (86, 'Blogtag', '47387 Dottie Way', 'lpossa2d@spotify.com', '286-652-9302');
insert into Publisher (PublisherID, PublisherName, Address, Email, PhoneNumber) values (87, 'Oodoo', '523 Namekagon Park', 'cmcanalley2e@noaa.gov', '370-986-9680');
insert into Publisher (PublisherID, PublisherName, Address, Email, PhoneNumber) values (88, 'Innojam', '0 Village Green Way', 'pgallymore2f@bloomberg.com', '102-542-1894');
insert into Publisher (PublisherID, PublisherName, Address, Email, PhoneNumber) values (89, 'Chatterbridge', '9771 New Castle Trail', 'hparminter2g@webeden.co.uk', '276-995-9085');
insert into Publisher (PublisherID, PublisherName, Address, Email, PhoneNumber) values (90, 'Realbridge', '7216 Towne Crossing', 'vfareweather2h@youtube.com', '913-866-6841');
insert into Publisher (PublisherID, PublisherName, Address, Email, PhoneNumber) values (91, 'Flipstorm', '5 Shoshone Court', 'tmaletratt2i@purevolume.com', '230-477-9895');
insert into Publisher (PublisherID, PublisherName, Address, Email, PhoneNumber) values (92, 'Minyx', '75300 Drewry Avenue', 'jahrens2j@cam.ac.uk', '567-207-7814');
insert into Publisher (PublisherID, PublisherName, Address, Email, PhoneNumber) values (93, 'Chatterbridge', '9 Vera Alley', 'bhadeke2k@nasa.gov', '324-596-1786');
insert into Publisher (PublisherID, PublisherName, Address, Email, PhoneNumber) values (94, 'Meedoo', '246 Prentice Point', 'mmaylour2l@phoca.cz', '958-422-2316');
insert into Publisher (PublisherID, PublisherName, Address, Email, PhoneNumber) values (95, 'Ooba', '4685 Kingsford Terrace', 'rbaudrey2m@nyu.edu', '223-427-7886');
insert into Publisher (PublisherID, PublisherName, Address, Email, PhoneNumber) values (96, 'Quatz', '26615 Center Point', 'scampa2n@bing.com', '751-888-1291');
insert into Publisher (PublisherID, PublisherName, Address, Email, PhoneNumber) values (97, 'Twitterworks', '41187 Graceland Point', 'bdouche2o@deliciousdays.com', '826-582-1535');
insert into Publisher (PublisherID, PublisherName, Address, Email, PhoneNumber) values (98, 'Zoomlounge', '20165 Northridge Road', 'dpeniello2p@sourceforge.net', '482-844-1367');
insert into Publisher (PublisherID, PublisherName, Address, Email, PhoneNumber) values (99, 'Flashset', '1 Mosinee Junction', 'rlates2q@huffingtonpost.com', '262-794-5192');
insert into Publisher (PublisherID, PublisherName, Address, Email, PhoneNumber) values (100, 'Youopia', '91 Northfield Hill', 'seagling2r@google.ru', '262-868-8151');

insert into Book (BookID, BookName, CategoryID, AuthorID, PublisherID, PublishedYear) values (1, 'Congorama', 1, 197, 18, 2008);
insert into Book (BookID, BookName, CategoryID, AuthorID, PublisherID, PublishedYear) values (2, 'Putzel', 7, 118, 46, 1999);
insert into Book (BookID, BookName, CategoryID, AuthorID, PublisherID, PublishedYear) values (3, 'Loners (Samotri)', 3, 130, 10, 1994);
insert into Book (BookID, BookName, CategoryID, AuthorID, PublisherID, PublishedYear) values (4, 'Somewhere in Time', 1, 16, 57, 2005);
insert into Book (BookID, BookName, CategoryID, AuthorID, PublisherID, PublishedYear) values (5, 'La montaa rusa', 6, 117, 37, 1998);
insert into Book (BookID, BookName, CategoryID, AuthorID, PublisherID, PublishedYear) values (6, 'Looney, Looney, Looney Bugs Bunny Movie, The', 9, 190, 33, 2003);
insert into Book (BookID, BookName, CategoryID, AuthorID, PublisherID, PublishedYear) values (7, 'Sometimes They Come Back... Again', 9, 128, 79, 2001);
insert into Book (BookID, BookName, CategoryID, AuthorID, PublisherID, PublishedYear) values (8, 'Chess Players, The (Shatranj Ke Khilari)', 9, 100, 78, 2012);
insert into Book (BookID, BookName, CategoryID, AuthorID, PublisherID, PublishedYear) values (9, 'One Body Too Many', 1, 102, 44, 2011);
insert into Book (BookID, BookName, CategoryID, AuthorID, PublisherID, PublishedYear) values (10, 'Kind Lady', 9, 67, 97, 2006);
insert into Book (BookID, BookName, CategoryID, AuthorID, PublisherID, PublishedYear) values (11, 'Disaster L.A.', 10, 192, 6, 2010);
insert into Book (BookID, BookName, CategoryID, AuthorID, PublisherID, PublishedYear) values (12, 'Major League: Back to the Minors', 7, 114, 92, 2007);
insert into Book (BookID, BookName, CategoryID, AuthorID, PublisherID, PublishedYear) values (13, 'Don', 10, 131, 88, 2008);
insert into Book (BookID, BookName, CategoryID, AuthorID, PublisherID, PublishedYear) values (14, 'Radio Inside', 1, 152, 35, 1992);
insert into Book (BookID, BookName, CategoryID, AuthorID, PublisherID, PublishedYear) values (15, 'That Day, on the Beach (Hai tan de yi tian)', 7, 138, 13, 1996);
insert into Book (BookID, BookName, CategoryID, AuthorID, PublisherID, PublishedYear) values (16, 'Fire on the Mountain', 5, 11, 47, 1998);
insert into Book (BookID, BookName, CategoryID, AuthorID, PublisherID, PublishedYear) values (17, 'Ghetto (Vilniaus Getas)', 9, 67, 20, 1999);
insert into Book (BookID, BookName, CategoryID, AuthorID, PublisherID, PublishedYear) values (18, 'Goya: Crazy Like a Genius', 5, 69, 99, 2001);
insert into Book (BookID, BookName, CategoryID, AuthorID, PublisherID, PublishedYear) values (19, 'Hellraiser: Bloodline', 8, 136, 37, 1985);
insert into Book (BookID, BookName, CategoryID, AuthorID, PublisherID, PublishedYear) values (20, 'The Photographer', 2, 34, 38, 1995);
insert into Book (BookID, BookName, CategoryID, AuthorID, PublisherID, PublishedYear) values (21, 'Kestrel''s Eye (Falkens ga)', 3, 182, 54, 2011);
insert into Book (BookID, BookName, CategoryID, AuthorID, PublisherID, PublishedYear) values (22, 'Gamera: The Giant Monster (Daikaij Gamera)', 7, 125, 26, 2007);
insert into Book (BookID, BookName, CategoryID, AuthorID, PublisherID, PublishedYear) values (23, 'Secret Admirer', 4, 189, 40, 1997);
insert into Book (BookID, BookName, CategoryID, AuthorID, PublisherID, PublishedYear) values (24, 'Pale Flower (Kawaita hana)', 7, 187, 74, 2005);
insert into Book (BookID, BookName, CategoryID, AuthorID, PublisherID, PublishedYear) values (25, 'Killer Condom (Kondom des Grauens)', 7, 170, 52, 2009);
insert into Book (BookID, BookName, CategoryID, AuthorID, PublisherID, PublishedYear) values (26, 'PressPausePlay', 4, 103, 54, 2004);
insert into Book (BookID, BookName, CategoryID, AuthorID, PublisherID, PublishedYear) values (27, 'Leopard Man, The', 3, 155, 10, 1993);
insert into Book (BookID, BookName, CategoryID, AuthorID, PublisherID, PublishedYear) values (28, 'Getaway, The', 3, 60, 43, 1988);
insert into Book (BookID, BookName, CategoryID, AuthorID, PublisherID, PublishedYear) values (29, 'Stuck on You', 6, 108, 85, 1995);
insert into Book (BookID, BookName, CategoryID, AuthorID, PublisherID, PublishedYear) values (30, 'Boom!', 10, 94, 44, 1999);
insert into Book (BookID, BookName, CategoryID, AuthorID, PublisherID, PublishedYear) values (31, 'Flight of the Intruder', 10, 22, 52, 1996);
insert into Book (BookID, BookName, CategoryID, AuthorID, PublisherID, PublishedYear) values (32, 'Import/Export', 10, 81, 59, 1994);
insert into Book (BookID, BookName, CategoryID, AuthorID, PublisherID, PublishedYear) values (33, 'Forbidden Door (Pintu Terlarang)', 3, 75, 96, 2003);
insert into Book (BookID, BookName, CategoryID, AuthorID, PublisherID, PublishedYear) values (34, 'Big Bad Swim, The', 1, 70, 77, 1963);
insert into Book (BookID, BookName, CategoryID, AuthorID, PublisherID, PublishedYear) values (35, 'Loneliness of the Long Distance Runner, The', 3, 13, 48, 1994);
insert into Book (BookID, BookName, CategoryID, AuthorID, PublisherID, PublishedYear) values (36, 'Barry Munday', 5, 128, 29, 2012);
insert into Book (BookID, BookName, CategoryID, AuthorID, PublisherID, PublishedYear) values (37, 'Patton Oswalt: Werewolves and Lollipops', 6, 99, 10, 1993);
insert into Book (BookID, BookName, CategoryID, AuthorID, PublisherID, PublishedYear) values (38, 'Tarda estate', 8, 36, 72, 2004);
insert into Book (BookID, BookName, CategoryID, AuthorID, PublisherID, PublishedYear) values (39, 'My Way', 6, 52, 42, 1992);
insert into Book (BookID, BookName, CategoryID, AuthorID, PublisherID, PublishedYear) values (40, 'Body Snatcher, The', 6, 7, 46, 1993);
insert into Book (BookID, BookName, CategoryID, AuthorID, PublisherID, PublishedYear) values (41, 'Young Adult', 4, 173, 15, 2006);
insert into Book (BookID, BookName, CategoryID, AuthorID, PublisherID, PublishedYear) values (42, 'Kiler', 3, 54, 38, 2007);
insert into Book (BookID, BookName, CategoryID, AuthorID, PublisherID, PublishedYear) values (43, 'Virginity Hit, The', 9, 161, 59, 2010);
insert into Book (BookID, BookName, CategoryID, AuthorID, PublisherID, PublishedYear) values (44, 'Dragon Ball: Mystical Adventure (Doragon bru: Makafushigi dai bken)', 3, 106, 91, 2009);
insert into Book (BookID, BookName, CategoryID, AuthorID, PublisherID, PublishedYear) values (45, 'Mars Attacks!', 4, 128, 47, 1995);
insert into Book (BookID, BookName, CategoryID, AuthorID, PublisherID, PublishedYear) values (46, 'Kalifornia', 9, 182, 26, 1986);
insert into Book (BookID, BookName, CategoryID, AuthorID, PublisherID, PublishedYear) values (47, 'Sixteen Candles', 7, 103, 25, 1994);
insert into Book (BookID, BookName, CategoryID, AuthorID, PublisherID, PublishedYear) values (48, 'Strange Circus (Kimy na skasu)', 6, 194, 15, 1996);
insert into Book (BookID, BookName, CategoryID, AuthorID, PublisherID, PublishedYear) values (49, 'Ten Shrews, The (Kymmenen riivinrautaa)', 6, 186, 38, 2007);
insert into Book (BookID, BookName, CategoryID, AuthorID, PublisherID, PublishedYear) values (50, 'Solo Sunny', 10, 37, 10, 2012);
insert into Book (BookID, BookName, CategoryID, AuthorID, PublisherID, PublishedYear) values (51, 'No Distance Left to Run', 2, 84, 52, 1997);
insert into Book (BookID, BookName, CategoryID, AuthorID, PublisherID, PublishedYear) values (52, 'White Fang (Zanna Bianca)', 8, 85, 64, 2000);
insert into Book (BookID, BookName, CategoryID, AuthorID, PublisherID, PublishedYear) values (53, 'I''m Here', 9, 163, 59, 2009);
insert into Book (BookID, BookName, CategoryID, AuthorID, PublisherID, PublishedYear) values (54, 'Holding, The', 7, 169, 34, 1993);
insert into Book (BookID, BookName, CategoryID, AuthorID, PublisherID, PublishedYear) values (55, 'Mammuth', 10, 2, 20, 1985);
insert into Book (BookID, BookName, CategoryID, AuthorID, PublisherID, PublishedYear) values (56, 'Die Hard: With a Vengeance', 8, 56, 3, 2000);
insert into Book (BookID, BookName, CategoryID, AuthorID, PublisherID, PublishedYear) values (57, 'King of New York', 9, 138, 9, 2001);
insert into Book (BookID, BookName, CategoryID, AuthorID, PublisherID, PublishedYear) values (58, 'Batman: The Dark Knight Returns, Part 2', 10, 75, 56, 2001);
insert into Book (BookID, BookName, CategoryID, AuthorID, PublisherID, PublishedYear) values (59, 'California Conquest', 7, 52, 76, 2006);
insert into Book (BookID, BookName, CategoryID, AuthorID, PublisherID, PublishedYear) values (60, 'How to Train Your Dragon', 7, 25, 38, 2003);
insert into Book (BookID, BookName, CategoryID, AuthorID, PublisherID, PublishedYear) values (61, 'Pledge, The', 2, 192, 67, 2007);
insert into Book (BookID, BookName, CategoryID, AuthorID, PublisherID, PublishedYear) values (62, 'Deep Water', 2, 127, 91, 2007);
insert into Book (BookID, BookName, CategoryID, AuthorID, PublisherID, PublishedYear) values (63, 'Love and Lemons (Sm citroner gula)', 3, 98, 58, 2003);
insert into Book (BookID, BookName, CategoryID, AuthorID, PublisherID, PublishedYear) values (64, 'A Flintstones Christmas Carol', 8, 177, 2, 2008);
insert into Book (BookID, BookName, CategoryID, AuthorID, PublisherID, PublishedYear) values (65, 'Grandview, U.S.A.', 3, 24, 73, 2000);
insert into Book (BookID, BookName, CategoryID, AuthorID, PublisherID, PublishedYear) values (66, 'Vesku from Finland (Vesku)', 5, 144, 67, 1992);
insert into Book (BookID, BookName, CategoryID, AuthorID, PublisherID, PublishedYear) values (67, 'Pretty Cool', 5, 167, 12, 1998);
insert into Book (BookID, BookName, CategoryID, AuthorID, PublisherID, PublishedYear) values (68, 'Joe', 2, 97, 91, 2010);
insert into Book (BookID, BookName, CategoryID, AuthorID, PublisherID, PublishedYear) values (69, 'Visual Acoustics', 5, 38, 96, 2009);
insert into Book (BookID, BookName, CategoryID, AuthorID, PublisherID, PublishedYear) values (70, 'Welcome Home, Roxy Carmichael', 2, 26, 31, 2008);
insert into Book (BookID, BookName, CategoryID, AuthorID, PublisherID, PublishedYear) values (71, 'Man Made Monster', 2, 192, 99, 2010);
insert into Book (BookID, BookName, CategoryID, AuthorID, PublisherID, PublishedYear) values (72, 'Bourne Identity, The', 1, 174, 57, 2005);
insert into Book (BookID, BookName, CategoryID, AuthorID, PublisherID, PublishedYear) values (73, 'Finding Amanda', 3, 115, 86, 2005);
insert into Book (BookID, BookName, CategoryID, AuthorID, PublisherID, PublishedYear) values (74, 'It Could Happen to You', 6, 78, 36, 2007);
insert into Book (BookID, BookName, CategoryID, AuthorID, PublisherID, PublishedYear) values (75, 'Great Flamarion, The', 10, 118, 61, 2006);
insert into Book (BookID, BookName, CategoryID, AuthorID, PublisherID, PublishedYear) values (76, 'Mystics in Bali (Lek)', 8, 118, 19, 2008);
insert into Book (BookID, BookName, CategoryID, AuthorID, PublisherID, PublishedYear) values (77, 'Ring of Terror', 7, 15, 15, 1995);
insert into Book (BookID, BookName, CategoryID, AuthorID, PublisherID, PublishedYear) values (78, 'Bye Bye Braverman', 5, 121, 39, 1984);
insert into Book (BookID, BookName, CategoryID, AuthorID, PublisherID, PublishedYear) values (79, 'The Fearmakers', 6, 105, 26, 1988);
insert into Book (BookID, BookName, CategoryID, AuthorID, PublisherID, PublishedYear) values (80, 'Ella Enchanted', 10, 85, 92, 1999);
insert into Book (BookID, BookName, CategoryID, AuthorID, PublisherID, PublishedYear) values (81, 'Voices', 7, 39, 35, 2007);
insert into Book (BookID, BookName, CategoryID, AuthorID, PublisherID, PublishedYear) values (82, 'Lady from Shanghai, The', 5, 51, 58, 2009);
insert into Book (BookID, BookName, CategoryID, AuthorID, PublisherID, PublishedYear) values (83, 'Vive L''Amour (Ai qing wan sui)', 7, 83, 35, 1993);
insert into Book (BookID, BookName, CategoryID, AuthorID, PublisherID, PublishedYear) values (84, 'Watchmen: Tales of the Black Freighter', 2, 15, 81, 1999);
insert into Book (BookID, BookName, CategoryID, AuthorID, PublisherID, PublishedYear) values (85, 'Employment, The (Empleo, El)', 4, 179, 83, 2007);
insert into Book (BookID, BookName, CategoryID, AuthorID, PublisherID, PublishedYear) values (86, 'Out of Reach', 1, 152, 85, 2008);
insert into Book (BookID, BookName, CategoryID, AuthorID, PublisherID, PublishedYear) values (87, 'Pinchcliffe Grand Prix (Flklypa Grand Prix)', 9, 179, 78, 2004);
insert into Book (BookID, BookName, CategoryID, AuthorID, PublisherID, PublishedYear) values (88, 'Thirst (a.k.a. Three Strange Loves) (Trst)', 7, 153, 47, 1992);
insert into Book (BookID, BookName, CategoryID, AuthorID, PublisherID, PublishedYear) values (89, 'Wheel, The (La Roue)', 8, 19, 49, 2004);
insert into Book (BookID, BookName, CategoryID, AuthorID, PublisherID, PublishedYear) values (90, 'Bruce Almighty', 5, 123, 75, 2012);
insert into Book (BookID, BookName, CategoryID, AuthorID, PublisherID, PublishedYear) values (91, 'Mutant Aliens', 8, 36, 12, 2012);
insert into Book (BookID, BookName, CategoryID, AuthorID, PublisherID, PublishedYear) values (92, 'Devil''s Pond', 5, 43, 20, 1993);
insert into Book (BookID, BookName, CategoryID, AuthorID, PublisherID, PublishedYear) values (93, 'Look of Silence, The', 10, 171, 55, 2004);
insert into Book (BookID, BookName, CategoryID, AuthorID, PublisherID, PublishedYear) values (94, 'Virus', 10, 28, 67, 1994);
insert into Book (BookID, BookName, CategoryID, AuthorID, PublisherID, PublishedYear) values (95, 'Road to Utopia', 5, 152, 38, 2008);
insert into Book (BookID, BookName, CategoryID, AuthorID, PublisherID, PublishedYear) values (96, 'After Death (Posle smerti)', 10, 74, 60, 2010);
insert into Book (BookID, BookName, CategoryID, AuthorID, PublisherID, PublishedYear) values (97, 'Three Men and a Baby', 2, 182, 58, 2009);
insert into Book (BookID, BookName, CategoryID, AuthorID, PublisherID, PublishedYear) values (98, 'Our Dancing Daughters', 6, 22, 76, 2000);
insert into Book (BookID, BookName, CategoryID, AuthorID, PublisherID, PublishedYear) values (99, 'Marfa Girl', 9, 29, 26, 2009);
insert into Book (BookID, BookName, CategoryID, AuthorID, PublisherID, PublishedYear) values (100, 'Great Flamarion, The', 4, 76, 56, 1993);
insert into Book (BookID, BookName, CategoryID, AuthorID, PublisherID, PublishedYear) values (101, 'Amarcord', 1, 93, 61, 2006);
insert into Book (BookID, BookName, CategoryID, AuthorID, PublisherID, PublishedYear) values (102, '''Salem''s Lot', 3, 10, 95, 2010);
insert into Book (BookID, BookName, CategoryID, AuthorID, PublisherID, PublishedYear) values (103, 'Last Legion, The', 7, 148, 40, 1984);
insert into Book (BookID, BookName, CategoryID, AuthorID, PublisherID, PublishedYear) values (104, 'Out of the Clear Blue Sky', 7, 32, 86, 2010);
insert into Book (BookID, BookName, CategoryID, AuthorID, PublisherID, PublishedYear) values (105, 'Short Circuit 2', 7, 39, 89, 2010);
insert into Book (BookID, BookName, CategoryID, AuthorID, PublisherID, PublishedYear) values (106, 'The Great Raid', 9, 47, 10, 1994);
insert into Book (BookID, BookName, CategoryID, AuthorID, PublisherID, PublishedYear) values (107, 'Icicle Thief, The (Ladri di saponette)', 2, 196, 88, 2006);
insert into Book (BookID, BookName, CategoryID, AuthorID, PublisherID, PublishedYear) values (108, 'Tale from the Past, A (Prralle Nga e Kaluara)', 5, 164, 22, 2009);
insert into Book (BookID, BookName, CategoryID, AuthorID, PublisherID, PublishedYear) values (109, 'WW III: World War III (Der 3. Weltkrieg)', 5, 173, 86, 1994);
insert into Book (BookID, BookName, CategoryID, AuthorID, PublisherID, PublishedYear) values (110, 'Dark at the Top of the Stairs, The', 10, 25, 11, 2008);
insert into Book (BookID, BookName, CategoryID, AuthorID, PublisherID, PublishedYear) values (111, 'Children of Noisy Village, The (a.k.a Children of Bullerby Village, The) (Alla vi barn i Bullerbyn)', 4, 163, 44, 2005);
insert into Book (BookID, BookName, CategoryID, AuthorID, PublisherID, PublishedYear) values (112, 'You Got Served', 1, 102, 88, 1995);
insert into Book (BookID, BookName, CategoryID, AuthorID, PublisherID, PublishedYear) values (113, 'Sea Inside, The (Mar adentro)', 5, 194, 89, 1985);
insert into Book (BookID, BookName, CategoryID, AuthorID, PublisherID, PublishedYear) values (114, 'Jack the Giant Slayer', 10, 149, 63, 2001);
insert into Book (BookID, BookName, CategoryID, AuthorID, PublisherID, PublishedYear) values (115, 'JCVD', 9, 169, 61, 2010);
insert into Book (BookID, BookName, CategoryID, AuthorID, PublisherID, PublishedYear) values (116, 'Slipper and the Rose, The', 1, 22, 48, 2000);
insert into Book (BookID, BookName, CategoryID, AuthorID, PublisherID, PublishedYear) values (117, 'Reluctant Saint, The', 3, 90, 56, 2010);
insert into Book (BookID, BookName, CategoryID, AuthorID, PublisherID, PublishedYear) values (118, 'Strip Nude for Your Killer (Nude per l''assassino)', 9, 40, 73, 2004);
insert into Book (BookID, BookName, CategoryID, AuthorID, PublisherID, PublishedYear) values (119, 'Kramer vs. Kramer', 3, 59, 26, 2011);
insert into Book (BookID, BookName, CategoryID, AuthorID, PublisherID, PublishedYear) values (120, 'Nobody''s Fool', 9, 41, 10, 2007);
insert into Book (BookID, BookName, CategoryID, AuthorID, PublisherID, PublishedYear) values (121, 'Lady is Willing, The', 6, 77, 7, 2003);
insert into Book (BookID, BookName, CategoryID, AuthorID, PublisherID, PublishedYear) values (122, 'Fearless Hyena, The (Xiao quan guai zhao)', 2, 56, 5, 2012);
insert into Book (BookID, BookName, CategoryID, AuthorID, PublisherID, PublishedYear) values (123, 'Lovely Bones, The', 7, 19, 43, 2009);
insert into Book (BookID, BookName, CategoryID, AuthorID, PublisherID, PublishedYear) values (124, 'Children of Paradise (Les enfants du paradis)', 2, 144, 75, 2008);
insert into Book (BookID, BookName, CategoryID, AuthorID, PublisherID, PublishedYear) values (125, 'Lili''s Apron', 3, 99, 5, 2004);
insert into Book (BookID, BookName, CategoryID, AuthorID, PublisherID, PublishedYear) values (126, 'Falling (a.k.a. Fallen)', 5, 58, 64, 2011);
insert into Book (BookID, BookName, CategoryID, AuthorID, PublisherID, PublishedYear) values (127, 'Cube', 10, 147, 23, 2002);
insert into Book (BookID, BookName, CategoryID, AuthorID, PublisherID, PublishedYear) values (128, 'Nazis at the Center of the Earth', 2, 15, 26, 1992);
insert into Book (BookID, BookName, CategoryID, AuthorID, PublisherID, PublishedYear) values (129, 'Mad Max Beyond Thunderdome', 5, 41, 47, 1992);
insert into Book (BookID, BookName, CategoryID, AuthorID, PublisherID, PublishedYear) values (130, 'Caught', 3, 5, 71, 2000);
insert into Book (BookID, BookName, CategoryID, AuthorID, PublisherID, PublishedYear) values (131, 'Hill, The', 6, 83, 4, 2008);
insert into Book (BookID, BookName, CategoryID, AuthorID, PublisherID, PublishedYear) values (132, 'Hand of Death, The (Shao Lin men)', 4, 1, 73, 2001);
insert into Book (BookID, BookName, CategoryID, AuthorID, PublisherID, PublishedYear) values (133, 'Goodbye to Language 3D', 10, 15, 93, 2011);
insert into Book (BookID, BookName, CategoryID, AuthorID, PublisherID, PublishedYear) values (134, 'Rush', 9, 97, 23, 1993);
insert into Book (BookID, BookName, CategoryID, AuthorID, PublisherID, PublishedYear) values (135, 'Dick Tracy vs. Cueball', 4, 73, 28, 1998);
insert into Book (BookID, BookName, CategoryID, AuthorID, PublisherID, PublishedYear) values (136, 'Jack and Sarah', 8, 61, 29, 1986);
insert into Book (BookID, BookName, CategoryID, AuthorID, PublisherID, PublishedYear) values (137, 'Thick as Thieves', 3, 124, 60, 2002);
insert into Book (BookID, BookName, CategoryID, AuthorID, PublisherID, PublishedYear) values (138, 'Tomboy', 1, 141, 91, 1990);
insert into Book (BookID, BookName, CategoryID, AuthorID, PublisherID, PublishedYear) values (139, 'Matine', 4, 170, 100, 1997);
insert into Book (BookID, BookName, CategoryID, AuthorID, PublisherID, PublishedYear) values (140, 'Most Wanted', 7, 167, 61, 2001);
insert into Book (BookID, BookName, CategoryID, AuthorID, PublisherID, PublishedYear) values (141, 'Men of Means', 8, 8, 57, 2007);
insert into Book (BookID, BookName, CategoryID, AuthorID, PublisherID, PublishedYear) values (142, 'One Potato, Two Potato', 6, 157, 98, 2012);
insert into Book (BookID, BookName, CategoryID, AuthorID, PublisherID, PublishedYear) values (143, 'Apprenticeship of Duddy Kravitz, The', 6, 173, 75, 2002);
insert into Book (BookID, BookName, CategoryID, AuthorID, PublisherID, PublishedYear) values (144, 'Prayer for the Dying, A', 1, 125, 26, 2003);
insert into Book (BookID, BookName, CategoryID, AuthorID, PublisherID, PublishedYear) values (145, 'Perfume', 5, 157, 59, 2004);
insert into Book (BookID, BookName, CategoryID, AuthorID, PublisherID, PublishedYear) values (146, 'Work of Director Michel Gondry, The', 7, 50, 10, 2000);
insert into Book (BookID, BookName, CategoryID, AuthorID, PublisherID, PublishedYear) values (147, 'Bombn: El Perro (El perro)', 2, 20, 32, 1996);
insert into Book (BookID, BookName, CategoryID, AuthorID, PublisherID, PublishedYear) values (148, 'Half Past Dead', 6, 31, 35, 1986);
insert into Book (BookID, BookName, CategoryID, AuthorID, PublisherID, PublishedYear) values (149, 'Shed No Tears (Knn ingen sorg)', 6, 136, 29, 2002);
insert into Book (BookID, BookName, CategoryID, AuthorID, PublisherID, PublishedYear) values (150, 'Birdcage Inn (Paran daemun)', 5, 38, 90, 1994);
insert into Book (BookID, BookName, CategoryID, AuthorID, PublisherID, PublishedYear) values (151, 'Antboy', 9, 119, 65, 2009);
insert into Book (BookID, BookName, CategoryID, AuthorID, PublisherID, PublishedYear) values (152, 'Predator 2', 1, 150, 39, 1992);
insert into Book (BookID, BookName, CategoryID, AuthorID, PublisherID, PublishedYear) values (153, 'Jack Frost 2: Revenge of the Mutant Killer Snowman', 3, 41, 51, 1992);
insert into Book (BookID, BookName, CategoryID, AuthorID, PublisherID, PublishedYear) values (154, 'Portrait of a Lady, The', 8, 17, 31, 2009);
insert into Book (BookID, BookName, CategoryID, AuthorID, PublisherID, PublishedYear) values (155, 'Fathom', 1, 57, 82, 1996);
insert into Book (BookID, BookName, CategoryID, AuthorID, PublisherID, PublishedYear) values (156, 'I Love You, Don''t Touch Me!', 6, 131, 44, 2011);
insert into Book (BookID, BookName, CategoryID, AuthorID, PublisherID, PublishedYear) values (157, 'Cut', 4, 196, 1, 2008);
insert into Book (BookID, BookName, CategoryID, AuthorID, PublisherID, PublishedYear) values (158, 'Catacombs', 1, 159, 90, 2007);
insert into Book (BookID, BookName, CategoryID, AuthorID, PublisherID, PublishedYear) values (159, 'Fallen Art (Sztuka spadania)', 10, 5, 18, 1998);
insert into Book (BookID, BookName, CategoryID, AuthorID, PublisherID, PublishedYear) values (160, 'Eragon', 7, 174, 54, 2006);
insert into Book (BookID, BookName, CategoryID, AuthorID, PublisherID, PublishedYear) values (161, 'Thriller: A Cruel Picture (Thriller - en grym film)', 5, 151, 14, 2006);
insert into Book (BookID, BookName, CategoryID, AuthorID, PublisherID, PublishedYear) values (162, 'Undefeated', 6, 95, 43, 1998);
insert into Book (BookID, BookName, CategoryID, AuthorID, PublisherID, PublishedYear) values (163, 'Brimstone and Treacle', 3, 85, 19, 1993);
insert into Book (BookID, BookName, CategoryID, AuthorID, PublisherID, PublishedYear) values (164, 'Woman Chaser, The', 4, 52, 66, 1998);
insert into Book (BookID, BookName, CategoryID, AuthorID, PublisherID, PublishedYear) values (165, 'Courier', 8, 51, 40, 1989);
insert into Book (BookID, BookName, CategoryID, AuthorID, PublisherID, PublishedYear) values (166, 'Late Night Shopping', 9, 199, 27, 1998);
insert into Book (BookID, BookName, CategoryID, AuthorID, PublisherID, PublishedYear) values (167, 'From Hell It Came', 1, 20, 13, 2010);
insert into Book (BookID, BookName, CategoryID, AuthorID, PublisherID, PublishedYear) values (168, 'Don''t Drink the Water', 5, 197, 28, 1997);
insert into Book (BookID, BookName, CategoryID, AuthorID, PublisherID, PublishedYear) values (169, 'Frozen River', 8, 19, 16, 1988);
insert into Book (BookID, BookName, CategoryID, AuthorID, PublisherID, PublishedYear) values (170, 'Magic Christmas Tree, The', 10, 187, 32, 2011);
insert into Book (BookID, BookName, CategoryID, AuthorID, PublisherID, PublishedYear) values (171, 'Bad Ass', 7, 134, 31, 1993);
insert into Book (BookID, BookName, CategoryID, AuthorID, PublisherID, PublishedYear) values (172, 'Cloud-Capped Star, The (Meghe Dhaka Tara)', 8, 1, 14, 2007);
insert into Book (BookID, BookName, CategoryID, AuthorID, PublisherID, PublishedYear) values (173, 'Captives', 3, 179, 15, 2007);
insert into Book (BookID, BookName, CategoryID, AuthorID, PublisherID, PublishedYear) values (174, 'Polish Wedding', 8, 120, 44, 2005);
insert into Book (BookID, BookName, CategoryID, AuthorID, PublisherID, PublishedYear) values (175, 'Daydreams', 6, 8, 1, 1986);
insert into Book (BookID, BookName, CategoryID, AuthorID, PublisherID, PublishedYear) values (176, 'Eastern Drift (Indigne d''Eurasie)', 10, 106, 90, 1989);
insert into Book (BookID, BookName, CategoryID, AuthorID, PublisherID, PublishedYear) values (177, 'Panda! Go Panda! Rainy Day Circus', 2, 45, 57, 1996);
insert into Book (BookID, BookName, CategoryID, AuthorID, PublisherID, PublishedYear) values (178, 'Battle of Shaker Heights, The', 7, 10, 76, 2012);
insert into Book (BookID, BookName, CategoryID, AuthorID, PublisherID, PublishedYear) values (179, 'Howard the Duck', 6, 32, 90, 2008);
insert into Book (BookID, BookName, CategoryID, AuthorID, PublisherID, PublishedYear) values (180, 'The Hatchet Man', 10, 133, 89, 1988);
insert into Book (BookID, BookName, CategoryID, AuthorID, PublisherID, PublishedYear) values (181, 'White Oleander', 6, 129, 3, 2004);
insert into Book (BookID, BookName, CategoryID, AuthorID, PublisherID, PublishedYear) values (182, 'Cradle 2 the Grave', 10, 165, 17, 2002);
insert into Book (BookID, BookName, CategoryID, AuthorID, PublisherID, PublishedYear) values (183, 'Camille', 1, 43, 48, 2010);
insert into Book (BookID, BookName, CategoryID, AuthorID, PublisherID, PublishedYear) values (184, 'Goodfellas', 1, 33, 7, 2003);
insert into Book (BookID, BookName, CategoryID, AuthorID, PublisherID, PublishedYear) values (185, 'Cowboy Bebop: The Movie (Cowboy Bebop: Tengoku no Tobira)', 5, 40, 43, 1998);
insert into Book (BookID, BookName, CategoryID, AuthorID, PublisherID, PublishedYear) values (186, 'The House on 56th Street', 9, 93, 83, 2000);
insert into Book (BookID, BookName, CategoryID, AuthorID, PublisherID, PublishedYear) values (187, 'Dark of the Sun', 7, 106, 39, 1998);
insert into Book (BookID, BookName, CategoryID, AuthorID, PublisherID, PublishedYear) values (188, 'Legend of Hercules, The', 5, 196, 59, 2002);
insert into Book (BookID, BookName, CategoryID, AuthorID, PublisherID, PublishedYear) values (189, 'Crucified Lovers, The (Chikamatsu monogatari)', 4, 6, 81, 2012);
insert into Book (BookID, BookName, CategoryID, AuthorID, PublisherID, PublishedYear) values (190, 'Making Love', 10, 23, 52, 1998);
insert into Book (BookID, BookName, CategoryID, AuthorID, PublisherID, PublishedYear) values (191, 'Kangaroo Jack', 4, 104, 85, 1999);
insert into Book (BookID, BookName, CategoryID, AuthorID, PublisherID, PublishedYear) values (192, 'Actor''s Revenge, An (Yukinoj henge)', 9, 156, 4, 1989);
insert into Book (BookID, BookName, CategoryID, AuthorID, PublisherID, PublishedYear) values (193, 'Suddenly, Last Winter (Improvvisamente l''inverno scorso)', 8, 193, 38, 2004);
insert into Book (BookID, BookName, CategoryID, AuthorID, PublisherID, PublishedYear) values (194, 'Like Father, Like Son', 1, 110, 61, 2000);
insert into Book (BookID, BookName, CategoryID, AuthorID, PublisherID, PublishedYear) values (195, 'Bright Lights (Adventures in Africa)', 4, 90, 89, 1989);
insert into Book (BookID, BookName, CategoryID, AuthorID, PublisherID, PublishedYear) values (196, 'From Up on Poppy Hill (Kokuriko-zaka kara)', 7, 119, 5, 2002);
insert into Book (BookID, BookName, CategoryID, AuthorID, PublisherID, PublishedYear) values (197, 'Study in Choreography for Camera, A', 7, 63, 64, 1992);
insert into Book (BookID, BookName, CategoryID, AuthorID, PublisherID, PublishedYear) values (198, 'Godzilla 1985: The Legend Is Reborn (Gojira) (Godzilla) (Return of Godzilla, The)', 2, 42, 79, 2013);
insert into Book (BookID, BookName, CategoryID, AuthorID, PublisherID, PublishedYear) values (199, 'Balseros (Cuban Rafters)', 9, 78, 63, 2007);
insert into Book (BookID, BookName, CategoryID, AuthorID, PublisherID, PublishedYear) values (200, 'Laura', 7, 37, 31, 2012);
insert into Book (BookID, BookName, CategoryID, AuthorID, PublisherID, PublishedYear) values (201, 'Woodmans, The', 8, 159, 69, 2007);
insert into Book (BookID, BookName, CategoryID, AuthorID, PublisherID, PublishedYear) values (202, 'Happy New Year', 3, 78, 27, 2011);
insert into Book (BookID, BookName, CategoryID, AuthorID, PublisherID, PublishedYear) values (203, 'Fog of War: Eleven Lessons from the Life of Robert S. McNamara, The', 7, 141, 40, 2007);
insert into Book (BookID, BookName, CategoryID, AuthorID, PublisherID, PublishedYear) values (204, 'Look of Love, The', 6, 77, 94, 2004);
insert into Book (BookID, BookName, CategoryID, AuthorID, PublisherID, PublishedYear) values (205, 'Comes a Bright Day', 10, 53, 10, 2000);
insert into Book (BookID, BookName, CategoryID, AuthorID, PublisherID, PublishedYear) values (206, 'Ainoat Oikeat', 2, 5, 19, 1989);
insert into Book (BookID, BookName, CategoryID, AuthorID, PublisherID, PublishedYear) values (207, 'Casper''s Haunted Christmas', 8, 186, 50, 1993);
insert into Book (BookID, BookName, CategoryID, AuthorID, PublisherID, PublishedYear) values (208, 'Sign ''o'' the Times', 8, 98, 9, 2010);
insert into Book (BookID, BookName, CategoryID, AuthorID, PublisherID, PublishedYear) values (209, 'I Shot Jesse James', 9, 41, 71, 2012);
insert into Book (BookID, BookName, CategoryID, AuthorID, PublisherID, PublishedYear) values (210, 'Who Killed the Electric Car?', 8, 181, 56, 2008);
insert into Book (BookID, BookName, CategoryID, AuthorID, PublisherID, PublishedYear) values (211, 'Gumby: The Movie', 9, 25, 68, 1987);
insert into Book (BookID, BookName, CategoryID, AuthorID, PublisherID, PublishedYear) values (212, 'Scary Movie 3', 4, 138, 70, 1999);
insert into Book (BookID, BookName, CategoryID, AuthorID, PublisherID, PublishedYear) values (213, 'Movie Days (Bdagar)', 4, 93, 97, 2007);
insert into Book (BookID, BookName, CategoryID, AuthorID, PublisherID, PublishedYear) values (214, 'Pilgrimage', 5, 169, 59, 2007);
insert into Book (BookID, BookName, CategoryID, AuthorID, PublisherID, PublishedYear) values (215, 'K.G. (Karate Girl)', 10, 108, 26, 2010);
insert into Book (BookID, BookName, CategoryID, AuthorID, PublisherID, PublishedYear) values (216, 'In the Navy', 2, 2, 73, 2002);
insert into Book (BookID, BookName, CategoryID, AuthorID, PublisherID, PublishedYear) values (217, 'Halo 4: Forward Unto Dawn', 5, 154, 25, 1998);
insert into Book (BookID, BookName, CategoryID, AuthorID, PublisherID, PublishedYear) values (218, 'Agnes of God', 1, 190, 26, 2004);
insert into Book (BookID, BookName, CategoryID, AuthorID, PublisherID, PublishedYear) values (219, 'League of Extraordinary Gentlemen, The (a.k.a. LXG)', 4, 88, 2, 1961);
insert into Book (BookID, BookName, CategoryID, AuthorID, PublisherID, PublishedYear) values (220, 'Zarafa', 2, 111, 21, 2000);
insert into Book (BookID, BookName, CategoryID, AuthorID, PublisherID, PublishedYear) values (221, 'Prophet, A (Un Prophte)', 2, 107, 29, 2009);
insert into Book (BookID, BookName, CategoryID, AuthorID, PublisherID, PublishedYear) values (222, 'Virgin Spring, The (Jungfrukllan)', 1, 40, 33, 1997);
insert into Book (BookID, BookName, CategoryID, AuthorID, PublisherID, PublishedYear) values (223, 'Arabian Nights (Il fiore delle mille e una notte)', 8, 56, 30, 1995);
insert into Book (BookID, BookName, CategoryID, AuthorID, PublisherID, PublishedYear) values (224, 'Patriotism (Ykoku)', 9, 23, 24, 1997);
insert into Book (BookID, BookName, CategoryID, AuthorID, PublisherID, PublishedYear) values (225, 'Caligula', 2, 60, 10, 2006);
insert into Book (BookID, BookName, CategoryID, AuthorID, PublisherID, PublishedYear) values (226, 'Bonnie and Clyde', 9, 64, 65, 1995);
insert into Book (BookID, BookName, CategoryID, AuthorID, PublisherID, PublishedYear) values (227, 'Vamps', 8, 30, 5, 2012);
insert into Book (BookID, BookName, CategoryID, AuthorID, PublisherID, PublishedYear) values (228, 'Coney Island', 2, 135, 95, 1995);
insert into Book (BookID, BookName, CategoryID, AuthorID, PublisherID, PublishedYear) values (229, 'Die, Mommie, Die', 4, 33, 77, 1992);
insert into Book (BookID, BookName, CategoryID, AuthorID, PublisherID, PublishedYear) values (230, 'Bart Got a Room', 1, 179, 61, 2007);
insert into Book (BookID, BookName, CategoryID, AuthorID, PublisherID, PublishedYear) values (231, 'Vacuuming Completely Nude in Paradise', 3, 69, 5, 1994);
insert into Book (BookID, BookName, CategoryID, AuthorID, PublisherID, PublishedYear) values (232, 'The Beast of the City', 2, 123, 35, 2012);
insert into Book (BookID, BookName, CategoryID, AuthorID, PublisherID, PublishedYear) values (233, 'Begotten', 5, 112, 90, 1990);
insert into Book (BookID, BookName, CategoryID, AuthorID, PublisherID, PublishedYear) values (234, 'Monsieur Ibrahim (Monsieur Ibrahim et les fleurs du Coran)', 6, 82, 12, 2007);
insert into Book (BookID, BookName, CategoryID, AuthorID, PublisherID, PublishedYear) values (235, 'John Mulaney: New In Town', 6, 198, 61, 1999);
insert into Book (BookID, BookName, CategoryID, AuthorID, PublisherID, PublishedYear) values (236, 'Frankenstein', 10, 34, 10, 1998);
insert into Book (BookID, BookName, CategoryID, AuthorID, PublisherID, PublishedYear) values (237, 'Zulu', 8, 111, 44, 2005);
insert into Book (BookID, BookName, CategoryID, AuthorID, PublisherID, PublishedYear) values (238, 'Gods Must Be Crazy, The', 7, 70, 81, 2008);
insert into Book (BookID, BookName, CategoryID, AuthorID, PublisherID, PublishedYear) values (239, 'Dark City', 5, 72, 63, 2007);
insert into Book (BookID, BookName, CategoryID, AuthorID, PublisherID, PublishedYear) values (240, 'Germinal', 6, 21, 88, 1992);
insert into Book (BookID, BookName, CategoryID, AuthorID, PublisherID, PublishedYear) values (241, 'Sleeping Beauty', 7, 128, 62, 1992);
insert into Book (BookID, BookName, CategoryID, AuthorID, PublisherID, PublishedYear) values (242, 'Hail Caesar', 4, 172, 62, 2004);
insert into Book (BookID, BookName, CategoryID, AuthorID, PublisherID, PublishedYear) values (243, 'Nokas', 1, 29, 40, 1994);
insert into Book (BookID, BookName, CategoryID, AuthorID, PublisherID, PublishedYear) values (244, 'White Elephant', 10, 102, 22, 1990);
insert into Book (BookID, BookName, CategoryID, AuthorID, PublisherID, PublishedYear) values (245, 'Man Hunt', 1, 178, 84, 1998);
insert into Book (BookID, BookName, CategoryID, AuthorID, PublisherID, PublishedYear) values (246, 'Too Many Husbands', 10, 66, 74, 2000);
insert into Book (BookID, BookName, CategoryID, AuthorID, PublisherID, PublishedYear) values (247, 'Cat Returns, The (Neko no ongaeshi)', 1, 99, 91, 2004);
insert into Book (BookID, BookName, CategoryID, AuthorID, PublisherID, PublishedYear) values (248, 'Yesterday''s Enemy', 5, 117, 24, 2003);
insert into Book (BookID, BookName, CategoryID, AuthorID, PublisherID, PublishedYear) values (249, 'Holy Matrimony', 5, 111, 19, 2007);
insert into Book (BookID, BookName, CategoryID, AuthorID, PublisherID, PublishedYear) values (250, 'Air Guitar Nation', 9, 85, 52, 2000);
insert into Book (BookID, BookName, CategoryID, AuthorID, PublisherID, PublishedYear) values (251, 'Terminal USA', 3, 118, 69, 2004);
insert into Book (BookID, BookName, CategoryID, AuthorID, PublisherID, PublishedYear) values (252, 'House of Dracula', 10, 120, 94, 1985);
insert into Book (BookID, BookName, CategoryID, AuthorID, PublisherID, PublishedYear) values (253, 'Manslaughter (Drabet)', 2, 187, 20, 1995);
insert into Book (BookID, BookName, CategoryID, AuthorID, PublisherID, PublishedYear) values (254, 'Casualties of War', 1, 101, 32, 1983);
insert into Book (BookID, BookName, CategoryID, AuthorID, PublisherID, PublishedYear) values (255, 'Cove, The', 6, 129, 24, 2005);
insert into Book (BookID, BookName, CategoryID, AuthorID, PublisherID, PublishedYear) values (256, 'Radio Free Albemuth', 7, 29, 26, 2005);
insert into Book (BookID, BookName, CategoryID, AuthorID, PublisherID, PublishedYear) values (257, 'August: Osage County', 9, 171, 6, 1997);
insert into Book (BookID, BookName, CategoryID, AuthorID, PublisherID, PublishedYear) values (258, 'K-19: The Widowmaker', 10, 192, 14, 1996);
insert into Book (BookID, BookName, CategoryID, AuthorID, PublisherID, PublishedYear) values (259, 'Comedy, The', 9, 195, 31, 1998);
insert into Book (BookID, BookName, CategoryID, AuthorID, PublisherID, PublishedYear) values (260, 'Australian Atomic Confessions', 6, 176, 21, 1992);
insert into Book (BookID, BookName, CategoryID, AuthorID, PublisherID, PublishedYear) values (261, 'Watchmen: Tales of the Black Freighter', 9, 48, 54, 2010);
insert into Book (BookID, BookName, CategoryID, AuthorID, PublisherID, PublishedYear) values (262, 'Coffy', 8, 58, 52, 2002);
insert into Book (BookID, BookName, CategoryID, AuthorID, PublisherID, PublishedYear) values (263, 'Mayor of Hell, The', 10, 106, 84, 2002);
insert into Book (BookID, BookName, CategoryID, AuthorID, PublisherID, PublishedYear) values (264, 'Commare secca, La (Grim Reaper, The)', 7, 149, 31, 2006);
insert into Book (BookID, BookName, CategoryID, AuthorID, PublisherID, PublishedYear) values (265, 'Safety of Objects, The', 5, 11, 94, 1997);
insert into Book (BookID, BookName, CategoryID, AuthorID, PublisherID, PublishedYear) values (266, 'Evil (Ondskan)', 10, 196, 45, 2002);
insert into Book (BookID, BookName, CategoryID, AuthorID, PublisherID, PublishedYear) values (267, 'Winnie the Pooh and Tigger Too', 9, 73, 65, 2003);
insert into Book (BookID, BookName, CategoryID, AuthorID, PublisherID, PublishedYear) values (268, 'Kap', 9, 93, 5, 2012);
insert into Book (BookID, BookName, CategoryID, AuthorID, PublisherID, PublishedYear) values (269, 'Stuck', 10, 47, 91, 2011);
insert into Book (BookID, BookName, CategoryID, AuthorID, PublisherID, PublishedYear) values (270, 'Prefab People, The (Panelkapcsolat)', 10, 77, 32, 2003);
insert into Book (BookID, BookName, CategoryID, AuthorID, PublisherID, PublishedYear) values (271, 'Front of the Class', 2, 171, 55, 1998);
insert into Book (BookID, BookName, CategoryID, AuthorID, PublisherID, PublishedYear) values (272, 'Mutant Chronicles', 10, 124, 36, 2011);
insert into Book (BookID, BookName, CategoryID, AuthorID, PublisherID, PublishedYear) values (273, 'Cheech & Chong''s Next Movie', 7, 105, 1, 1991);
insert into Book (BookID, BookName, CategoryID, AuthorID, PublisherID, PublishedYear) values (274, 'St. Vincent', 2, 65, 87, 2012);
insert into Book (BookID, BookName, CategoryID, AuthorID, PublisherID, PublishedYear) values (275, 'Smart Set, The', 3, 139, 25, 2005);
insert into Book (BookID, BookName, CategoryID, AuthorID, PublisherID, PublishedYear) values (276, 'To Rome with Love', 2, 4, 58, 1993);
insert into Book (BookID, BookName, CategoryID, AuthorID, PublisherID, PublishedYear) values (277, 'In the Hands of the Gods', 1, 138, 73, 2004);
insert into Book (BookID, BookName, CategoryID, AuthorID, PublisherID, PublishedYear) values (278, 'Comes a Bright Day', 8, 169, 65, 2008);
insert into Book (BookID, BookName, CategoryID, AuthorID, PublisherID, PublishedYear) values (279, 'Spiral', 5, 94, 28, 2012);
insert into Book (BookID, BookName, CategoryID, AuthorID, PublisherID, PublishedYear) values (280, 'Shadowlands', 7, 39, 58, 1982);
insert into Book (BookID, BookName, CategoryID, AuthorID, PublisherID, PublishedYear) values (281, 'Tracker, The', 2, 54, 41, 2011);
insert into Book (BookID, BookName, CategoryID, AuthorID, PublisherID, PublishedYear) values (282, 'Princess Caraboo', 6, 156, 41, 1994);
insert into Book (BookID, BookName, CategoryID, AuthorID, PublisherID, PublishedYear) values (283, 'Sahara', 3, 128, 85, 2002);
insert into Book (BookID, BookName, CategoryID, AuthorID, PublisherID, PublishedYear) values (284, 'Akira', 3, 182, 39, 2006);
insert into Book (BookID, BookName, CategoryID, AuthorID, PublisherID, PublishedYear) values (285, 'Hysteria: The Def Leppard Story', 10, 153, 46, 2000);
insert into Book (BookID, BookName, CategoryID, AuthorID, PublisherID, PublishedYear) values (286, 'Hearts of the West', 2, 194, 2, 1993);
insert into Book (BookID, BookName, CategoryID, AuthorID, PublisherID, PublishedYear) values (287, 'Ghosts of Cit Soleil', 3, 24, 72, 2011);
insert into Book (BookID, BookName, CategoryID, AuthorID, PublisherID, PublishedYear) values (288, 'Pandaemonium', 6, 37, 40, 2010);
insert into Book (BookID, BookName, CategoryID, AuthorID, PublisherID, PublishedYear) values (289, '24 Hour Woman, The', 8, 196, 73, 2008);
insert into Book (BookID, BookName, CategoryID, AuthorID, PublisherID, PublishedYear) values (290, 'Marie and Bruce', 3, 83, 88, 1998);
insert into Book (BookID, BookName, CategoryID, AuthorID, PublisherID, PublishedYear) values (291, 'Sundown', 4, 4, 2, 2011);
insert into Book (BookID, BookName, CategoryID, AuthorID, PublisherID, PublishedYear) values (292, 'Incredible Mr. Limpet, The', 10, 133, 1, 1999);
insert into Book (BookID, BookName, CategoryID, AuthorID, PublisherID, PublishedYear) values (293, 'Enter Nowhere', 10, 90, 87, 2004);
insert into Book (BookID, BookName, CategoryID, AuthorID, PublisherID, PublishedYear) values (294, 'Toast of New Orleans, The', 3, 22, 96, 2009);
insert into Book (BookID, BookName, CategoryID, AuthorID, PublisherID, PublishedYear) values (295, 'Tokyo Fiance', 5, 114, 68, 1996);
insert into Book (BookID, BookName, CategoryID, AuthorID, PublisherID, PublishedYear) values (296, 'Annabelle', 7, 136, 51, 2010);
insert into Book (BookID, BookName, CategoryID, AuthorID, PublisherID, PublishedYear) values (297, 'The Whisperer in Darkness', 4, 66, 75, 2007);
insert into Book (BookID, BookName, CategoryID, AuthorID, PublisherID, PublishedYear) values (298, 'Mephisto', 9, 29, 33, 2002);
insert into Book (BookID, BookName, CategoryID, AuthorID, PublisherID, PublishedYear) values (299, 'Letter From Death Row, A', 7, 110, 95, 1985);
insert into Book (BookID, BookName, CategoryID, AuthorID, PublisherID, PublishedYear) values (300, 'Old Man Made in Spain (Abuelo made in Spain)', 10, 25, 5, 2010);
insert into Book (BookID, BookName, CategoryID, AuthorID, PublisherID, PublishedYear) values (301, 'Sube y Baja', 3, 131, 49, 1998);
insert into Book (BookID, BookName, CategoryID, AuthorID, PublisherID, PublishedYear) values (302, 'Ugly, Dirty and Bad (Brutti sporchi e cattivi)', 9, 191, 58, 1986);
insert into Book (BookID, BookName, CategoryID, AuthorID, PublisherID, PublishedYear) values (303, 'Hum Tumhare Hain Sanam', 5, 46, 54, 1999);
insert into Book (BookID, BookName, CategoryID, AuthorID, PublisherID, PublishedYear) values (304, 'Wooden Crosses (Les croix de bois)', 3, 180, 4, 1993);
insert into Book (BookID, BookName, CategoryID, AuthorID, PublisherID, PublishedYear) values (305, 'Choose Me', 8, 176, 37, 2006);
insert into Book (BookID, BookName, CategoryID, AuthorID, PublisherID, PublishedYear) values (306, 'Twixt', 7, 176, 36, 2011);
insert into Book (BookID, BookName, CategoryID, AuthorID, PublisherID, PublishedYear) values (307, 'Desert of the Tartars, The (Deserto dei Tartari, Il)', 4, 26, 57, 2006);
insert into Book (BookID, BookName, CategoryID, AuthorID, PublisherID, PublishedYear) values (308, 'Jean-Luc Cinema Godard', 5, 172, 88, 2005);
insert into Book (BookID, BookName, CategoryID, AuthorID, PublisherID, PublishedYear) values (309, 'Roberta', 6, 15, 94, 2002);
insert into Book (BookID, BookName, CategoryID, AuthorID, PublisherID, PublishedYear) values (310, 'Killing Lincoln', 9, 166, 72, 2006);
insert into Book (BookID, BookName, CategoryID, AuthorID, PublisherID, PublishedYear) values (311, 'Giallo', 7, 154, 85, 1996);
insert into Book (BookID, BookName, CategoryID, AuthorID, PublisherID, PublishedYear) values (312, 'Getting Away With Murder', 4, 72, 31, 1994);
insert into Book (BookID, BookName, CategoryID, AuthorID, PublisherID, PublishedYear) values (313, 'Woodmans, The', 10, 96, 22, 1992);
insert into Book (BookID, BookName, CategoryID, AuthorID, PublisherID, PublishedYear) values (314, 'Foosball (Metegol)', 1, 200, 14, 2002);
insert into Book (BookID, BookName, CategoryID, AuthorID, PublisherID, PublishedYear) values (315, 'Jesus', 9, 25, 81, 2009);
insert into Book (BookID, BookName, CategoryID, AuthorID, PublisherID, PublishedYear) values (316, 'Chasing Beauty', 2, 80, 82, 1997);
insert into Book (BookID, BookName, CategoryID, AuthorID, PublisherID, PublishedYear) values (317, 'Horseman, The', 1, 149, 32, 2007);
insert into Book (BookID, BookName, CategoryID, AuthorID, PublisherID, PublishedYear) values (318, 'Life of Jesus, The (La vie de Jsus)', 5, 160, 70, 2004);
insert into Book (BookID, BookName, CategoryID, AuthorID, PublisherID, PublishedYear) values (319, 'Guardian Angel', 3, 39, 83, 2002);
insert into Book (BookID, BookName, CategoryID, AuthorID, PublisherID, PublishedYear) values (320, 'Cabinet of Caligari, The', 9, 84, 73, 2010);
insert into Book (BookID, BookName, CategoryID, AuthorID, PublisherID, PublishedYear) values (321, 'The Chaos Class Failed the Class', 10, 9, 25, 2000);
insert into Book (BookID, BookName, CategoryID, AuthorID, PublisherID, PublishedYear) values (322, 'Elfie Hopkins: Cannibal Hunter', 9, 171, 45, 2002);
insert into Book (BookID, BookName, CategoryID, AuthorID, PublisherID, PublishedYear) values (323, 'Heaven Can Wait', 2, 198, 37, 2003);
insert into Book (BookID, BookName, CategoryID, AuthorID, PublisherID, PublishedYear) values (324, 'Ecstasy (xtasis)', 9, 48, 8, 2007);
insert into Book (BookID, BookName, CategoryID, AuthorID, PublisherID, PublishedYear) values (325, 'Exorcist III, The', 4, 74, 63, 2008);
insert into Book (BookID, BookName, CategoryID, AuthorID, PublisherID, PublishedYear) values (326, 'Tiger of Eschnapur, The (Tiger von Eschnapur, Der)', 2, 48, 16, 1996);
insert into Book (BookID, BookName, CategoryID, AuthorID, PublisherID, PublishedYear) values (327, 'Alien Cargo', 1, 117, 26, 1989);
insert into Book (BookID, BookName, CategoryID, AuthorID, PublisherID, PublishedYear) values (328, 'Grateful Dawg', 2, 135, 3, 2005);
insert into Book (BookID, BookName, CategoryID, AuthorID, PublisherID, PublishedYear) values (329, 'LennoNYC', 2, 66, 65, 2005);
insert into Book (BookID, BookName, CategoryID, AuthorID, PublisherID, PublishedYear) values (330, 'Asterix at the Olympic Games (Astrix aux jeux olympiques)', 4, 61, 98, 1986);
insert into Book (BookID, BookName, CategoryID, AuthorID, PublisherID, PublishedYear) values (331, 'Monday Night Mayhem', 5, 158, 74, 1992);
insert into Book (BookID, BookName, CategoryID, AuthorID, PublisherID, PublishedYear) values (332, 'Child Is Waiting, A', 4, 188, 80, 2012);
insert into Book (BookID, BookName, CategoryID, AuthorID, PublisherID, PublishedYear) values (333, 'Dead Poets Society', 3, 21, 61, 1997);
insert into Book (BookID, BookName, CategoryID, AuthorID, PublisherID, PublishedYear) values (334, 'Grave Halloween', 5, 116, 7, 2012);
insert into Book (BookID, BookName, CategoryID, AuthorID, PublisherID, PublishedYear) values (335, 'Taken 3', 1, 47, 99, 1984);
insert into Book (BookID, BookName, CategoryID, AuthorID, PublisherID, PublishedYear) values (336, 'Rififi (Du rififi chez les hommes)', 10, 31, 20, 2000);
insert into Book (BookID, BookName, CategoryID, AuthorID, PublisherID, PublishedYear) values (337, 'Doing Time on Maple Drive', 3, 39, 94, 2010);
insert into Book (BookID, BookName, CategoryID, AuthorID, PublisherID, PublishedYear) values (338, 'Accidents Happen', 10, 111, 81, 1993);
insert into Book (BookID, BookName, CategoryID, AuthorID, PublisherID, PublishedYear) values (339, 'Castle Freak', 5, 68, 66, 1998);
insert into Book (BookID, BookName, CategoryID, AuthorID, PublisherID, PublishedYear) values (340, 'Joan of Arc', 2, 116, 55, 2002);
insert into Book (BookID, BookName, CategoryID, AuthorID, PublisherID, PublishedYear) values (341, 'Butter', 2, 130, 57, 1999);
insert into Book (BookID, BookName, CategoryID, AuthorID, PublisherID, PublishedYear) values (342, 'Reggie Watts: Why Shit So Crazy?', 6, 150, 24, 1998);
insert into Book (BookID, BookName, CategoryID, AuthorID, PublisherID, PublishedYear) values (343, 'Bche, La', 7, 96, 42, 1995);
insert into Book (BookID, BookName, CategoryID, AuthorID, PublisherID, PublishedYear) values (344, 'Carbine Williams', 8, 120, 8, 1985);
insert into Book (BookID, BookName, CategoryID, AuthorID, PublisherID, PublishedYear) values (345, 'Dead Air', 9, 17, 14, 2001);
insert into Book (BookID, BookName, CategoryID, AuthorID, PublisherID, PublishedYear) values (346, 'Missing Picture, The (L''image manquante)', 2, 92, 2, 1996);
insert into Book (BookID, BookName, CategoryID, AuthorID, PublisherID, PublishedYear) values (347, 'Ride the Divide', 5, 107, 100, 2000);
insert into Book (BookID, BookName, CategoryID, AuthorID, PublisherID, PublishedYear) values (348, 'Wonderland', 2, 7, 16, 1995);
insert into Book (BookID, BookName, CategoryID, AuthorID, PublisherID, PublishedYear) values (349, 'Perfumed Nightmare', 8, 20, 87, 2000);
insert into Book (BookID, BookName, CategoryID, AuthorID, PublisherID, PublishedYear) values (350, 'Micki + Maude', 2, 92, 23, 2005);
insert into Book (BookID, BookName, CategoryID, AuthorID, PublisherID, PublishedYear) values (351, 'Smashing Time', 6, 7, 99, 1996);
insert into Book (BookID, BookName, CategoryID, AuthorID, PublisherID, PublishedYear) values (352, 'Cherry Crush', 10, 38, 38, 1997);
insert into Book (BookID, BookName, CategoryID, AuthorID, PublisherID, PublishedYear) values (353, 'Forget me not', 1, 138, 66, 2009);
insert into Book (BookID, BookName, CategoryID, AuthorID, PublisherID, PublishedYear) values (354, 'Squall, The', 6, 9, 15, 2007);
insert into Book (BookID, BookName, CategoryID, AuthorID, PublisherID, PublishedYear) values (355, 'Record of a Tenement Gentleman (Nagaya shinshiroku)', 8, 16, 92, 2001);
insert into Book (BookID, BookName, CategoryID, AuthorID, PublisherID, PublishedYear) values (356, 'Reefer Madness: The Movie Musical', 9, 113, 88, 2003);
insert into Book (BookID, BookName, CategoryID, AuthorID, PublisherID, PublishedYear) values (357, 'In the Folds of the Flesh', 5, 58, 40, 2008);
insert into Book (BookID, BookName, CategoryID, AuthorID, PublisherID, PublishedYear) values (358, 'San Francisco', 4, 125, 32, 2005);
insert into Book (BookID, BookName, CategoryID, AuthorID, PublisherID, PublishedYear) values (359, 'Young Adult', 5, 118, 15, 2001);
insert into Book (BookID, BookName, CategoryID, AuthorID, PublisherID, PublishedYear) values (360, 'Wrestler, The', 8, 143, 43, 1994);
insert into Book (BookID, BookName, CategoryID, AuthorID, PublisherID, PublishedYear) values (361, 'Piranha (Piranha 3D)', 1, 60, 7, 2007);
insert into Book (BookID, BookName, CategoryID, AuthorID, PublisherID, PublishedYear) values (362, '7500', 2, 113, 36, 1997);
insert into Book (BookID, BookName, CategoryID, AuthorID, PublisherID, PublishedYear) values (363, 'Weekend (a.k.a. Le Week-end) (Week End)', 5, 167, 54, 2009);
insert into Book (BookID, BookName, CategoryID, AuthorID, PublisherID, PublishedYear) values (364, 'Nausica of the Valley of the Wind (Kaze no tani no Naushika)', 10, 122, 35, 2005);
insert into Book (BookID, BookName, CategoryID, AuthorID, PublisherID, PublishedYear) values (365, 'Legendary', 6, 29, 94, 2009);
insert into Book (BookID, BookName, CategoryID, AuthorID, PublisherID, PublishedYear) values (366, 'Marshal of Finland, The (Suomen Marsalkka)', 10, 50, 50, 1997);
insert into Book (BookID, BookName, CategoryID, AuthorID, PublisherID, PublishedYear) values (367, 'Son of No One, The', 9, 34, 95, 2005);
insert into Book (BookID, BookName, CategoryID, AuthorID, PublisherID, PublishedYear) values (368, 'Darling Companion', 2, 67, 48, 2011);
insert into Book (BookID, BookName, CategoryID, AuthorID, PublisherID, PublishedYear) values (369, 'Cassandra Crossing, The', 5, 146, 65, 2000);
insert into Book (BookID, BookName, CategoryID, AuthorID, PublisherID, PublishedYear) values (370, 'Lost World, The', 6, 167, 6, 2005);
insert into Book (BookID, BookName, CategoryID, AuthorID, PublisherID, PublishedYear) values (371, 'Omega Doom', 10, 170, 74, 2009);
insert into Book (BookID, BookName, CategoryID, AuthorID, PublisherID, PublishedYear) values (372, 'It''s Complicated', 8, 146, 74, 2006);
insert into Book (BookID, BookName, CategoryID, AuthorID, PublisherID, PublishedYear) values (373, 'Voodoo Dawn', 9, 129, 56, 2001);
insert into Book (BookID, BookName, CategoryID, AuthorID, PublisherID, PublishedYear) values (374, 'Mac', 5, 137, 1, 2009);
insert into Book (BookID, BookName, CategoryID, AuthorID, PublisherID, PublishedYear) values (375, 'Sniper: Reloaded ', 2, 131, 90, 2011);
insert into Book (BookID, BookName, CategoryID, AuthorID, PublisherID, PublishedYear) values (376, 'B-Side', 9, 10, 95, 1995);
insert into Book (BookID, BookName, CategoryID, AuthorID, PublisherID, PublishedYear) values (377, 'Next Day Air', 1, 127, 40, 1993);
insert into Book (BookID, BookName, CategoryID, AuthorID, PublisherID, PublishedYear) values (378, 'Bashu, the Little Stranger (Bashu, gharibeye koochak)', 4, 126, 7, 2006);
insert into Book (BookID, BookName, CategoryID, AuthorID, PublisherID, PublishedYear) values (379, 'Shanghaied', 6, 125, 23, 1987);
insert into Book (BookID, BookName, CategoryID, AuthorID, PublisherID, PublishedYear) values (380, 'The Disembodied', 5, 178, 45, 2012);
insert into Book (BookID, BookName, CategoryID, AuthorID, PublisherID, PublishedYear) values (381, 'Superman/Batman: Apocalypse', 10, 170, 58, 1994);
insert into Book (BookID, BookName, CategoryID, AuthorID, PublisherID, PublishedYear) values (382, 'Undercover Blues', 8, 121, 37, 1997);
insert into Book (BookID, BookName, CategoryID, AuthorID, PublisherID, PublishedYear) values (383, 'Captain Abu Raed', 1, 141, 74, 1999);
insert into Book (BookID, BookName, CategoryID, AuthorID, PublisherID, PublishedYear) values (384, 'Valentin (Valentn)', 4, 70, 78, 1995);
insert into Book (BookID, BookName, CategoryID, AuthorID, PublisherID, PublishedYear) values (385, 'Illegal', 9, 164, 34, 2009);
insert into Book (BookID, BookName, CategoryID, AuthorID, PublisherID, PublishedYear) values (386, 'Psycho', 3, 176, 2, 1967);
insert into Book (BookID, BookName, CategoryID, AuthorID, PublisherID, PublishedYear) values (387, 'Adulthood', 3, 187, 11, 2000);
insert into Book (BookID, BookName, CategoryID, AuthorID, PublisherID, PublishedYear) values (388, 'Kiss the Bride', 8, 22, 25, 1987);
insert into Book (BookID, BookName, CategoryID, AuthorID, PublisherID, PublishedYear) values (389, 'Duel', 8, 76, 63, 2013);
insert into Book (BookID, BookName, CategoryID, AuthorID, PublisherID, PublishedYear) values (390, 'Virginity Hit, The', 6, 71, 88, 1999);
insert into Book (BookID, BookName, CategoryID, AuthorID, PublisherID, PublishedYear) values (391, 'Summer Days With Coo', 7, 116, 5, 1987);
insert into Book (BookID, BookName, CategoryID, AuthorID, PublisherID, PublishedYear) values (392, 'Noroi: The Curse ', 1, 192, 13, 2005);
insert into Book (BookID, BookName, CategoryID, AuthorID, PublisherID, PublishedYear) values (393, 'Evangelion: 1.0 You Are (Not) Alone (Evangerion shin gekijban: Jo)', 7, 73, 97, 1999);
insert into Book (BookID, BookName, CategoryID, AuthorID, PublisherID, PublishedYear) values (394, 'Indian in the Cupboard, The', 8, 60, 53, 2004);
insert into Book (BookID, BookName, CategoryID, AuthorID, PublisherID, PublishedYear) values (395, 'This Film Is Not Yet Rated', 8, 41, 86, 1987);
insert into Book (BookID, BookName, CategoryID, AuthorID, PublisherID, PublishedYear) values (396, 'Foreign Affair, A (2 Brothers & a Bride)', 9, 95, 68, 2009);
insert into Book (BookID, BookName, CategoryID, AuthorID, PublisherID, PublishedYear) values (397, 'City of Life and Death (Nanjing! Nanjing!)', 3, 69, 60, 2012);
insert into Book (BookID, BookName, CategoryID, AuthorID, PublisherID, PublishedYear) values (398, 'Messiah of Evil', 8, 144, 97, 2006);
insert into Book (BookID, BookName, CategoryID, AuthorID, PublisherID, PublishedYear) values (399, 'Gold of Naples, The (L''oro di Napoli)', 6, 194, 85, 2005);
insert into Book (BookID, BookName, CategoryID, AuthorID, PublisherID, PublishedYear) values (400, 'Zombie (a.k.a. Zombie 2: The Dead Are Among Us) (Zombi 2)', 8, 26, 15, 2005);
insert into Book (BookID, BookName, CategoryID, AuthorID, PublisherID, PublishedYear) values (401, 'Captain Blood', 8, 88, 55, 1994);
insert into Book (BookID, BookName, CategoryID, AuthorID, PublisherID, PublishedYear) values (402, 'Resident, The', 1, 31, 39, 1992);
insert into Book (BookID, BookName, CategoryID, AuthorID, PublisherID, PublishedYear) values (403, 'Thomas Jefferson', 6, 1, 77, 1999);
insert into Book (BookID, BookName, CategoryID, AuthorID, PublisherID, PublishedYear) values (404, 'Future, The', 10, 85, 37, 2011);
insert into Book (BookID, BookName, CategoryID, AuthorID, PublisherID, PublishedYear) values (405, 'The Magical Legend of the Leprechauns', 9, 56, 99, 1996);
insert into Book (BookID, BookName, CategoryID, AuthorID, PublisherID, PublishedYear) values (406, 'Che: Part One', 7, 93, 3, 1998);
insert into Book (BookID, BookName, CategoryID, AuthorID, PublisherID, PublishedYear) values (407, 'This Must Be the Place', 5, 113, 1, 2007);
insert into Book (BookID, BookName, CategoryID, AuthorID, PublisherID, PublishedYear) values (408, 'Mystics in Bali (Lek)', 1, 77, 79, 2010);
insert into Book (BookID, BookName, CategoryID, AuthorID, PublisherID, PublishedYear) values (409, 'Tekkonkinkreet (Tekkon kinkurto)', 8, 21, 93, 1992);
insert into Book (BookID, BookName, CategoryID, AuthorID, PublisherID, PublishedYear) values (410, 'Heart Condition', 9, 66, 31, 2005);
insert into Book (BookID, BookName, CategoryID, AuthorID, PublisherID, PublishedYear) values (411, 'Power of Kangwon Province, The (Kangwon-do ui him)', 3, 89, 91, 2012);
insert into Book (BookID, BookName, CategoryID, AuthorID, PublisherID, PublishedYear) values (412, 'They', 3, 104, 78, 1979);
insert into Book (BookID, BookName, CategoryID, AuthorID, PublisherID, PublishedYear) values (413, 'Manzanar Fishing Club, The', 2, 135, 2, 2001);
insert into Book (BookID, BookName, CategoryID, AuthorID, PublisherID, PublishedYear) values (414, 'Perfect Day, A (Un giorno perfetto)', 3, 114, 95, 2009);
insert into Book (BookID, BookName, CategoryID, AuthorID, PublisherID, PublishedYear) values (415, 'Mortal Thoughts', 1, 191, 63, 2002);
insert into Book (BookID, BookName, CategoryID, AuthorID, PublisherID, PublishedYear) values (416, 'Love Object', 5, 179, 49, 2001);
insert into Book (BookID, BookName, CategoryID, AuthorID, PublisherID, PublishedYear) values (417, 'Divide and Conquer (Why We Fight, 3)', 2, 42, 96, 2011);
insert into Book (BookID, BookName, CategoryID, AuthorID, PublisherID, PublishedYear) values (418, 'Last of the Red Hot Lovers', 8, 125, 40, 2010);
insert into Book (BookID, BookName, CategoryID, AuthorID, PublisherID, PublishedYear) values (419, 'Glass Slipper, The', 8, 86, 9, 2004);
insert into Book (BookID, BookName, CategoryID, AuthorID, PublisherID, PublishedYear) values (420, 'Twin Dragons (Shuang long hui)', 5, 172, 45, 1996);
insert into Book (BookID, BookName, CategoryID, AuthorID, PublisherID, PublishedYear) values (421, 'Cookie', 7, 154, 92, 2001);
insert into Book (BookID, BookName, CategoryID, AuthorID, PublisherID, PublishedYear) values (422, 'Tango Kabaree', 7, 143, 90, 2000);
insert into Book (BookID, BookName, CategoryID, AuthorID, PublisherID, PublishedYear) values (423, 'Paris Trout', 4, 39, 34, 1986);
insert into Book (BookID, BookName, CategoryID, AuthorID, PublisherID, PublishedYear) values (424, 'My Sucky Teen Romance', 1, 16, 28, 1988);
insert into Book (BookID, BookName, CategoryID, AuthorID, PublisherID, PublishedYear) values (425, 'Dreams That Money Can Buy', 8, 164, 32, 1995);
insert into Book (BookID, BookName, CategoryID, AuthorID, PublisherID, PublishedYear) values (426, 'Mozart and the Whale', 6, 13, 94, 1992);
insert into Book (BookID, BookName, CategoryID, AuthorID, PublisherID, PublishedYear) values (427, 'The Nautical Chart', 8, 69, 47, 1995);
insert into Book (BookID, BookName, CategoryID, AuthorID, PublisherID, PublishedYear) values (428, 'Ways to Live Forever', 8, 66, 43, 1998);
insert into Book (BookID, BookName, CategoryID, AuthorID, PublisherID, PublishedYear) values (429, 'Rebel Without a Cause', 5, 69, 81, 2003);
insert into Book (BookID, BookName, CategoryID, AuthorID, PublisherID, PublishedYear) values (430, 'Chuck & Buck', 4, 116, 17, 2003);
insert into Book (BookID, BookName, CategoryID, AuthorID, PublisherID, PublishedYear) values (431, 'Fanny', 5, 61, 17, 2005);
insert into Book (BookID, BookName, CategoryID, AuthorID, PublisherID, PublishedYear) values (432, 'Frankenstein Unbound', 3, 182, 71, 2009);
insert into Book (BookID, BookName, CategoryID, AuthorID, PublisherID, PublishedYear) values (433, 'Ong-Bak 2: The Beginning (Ong Bak 2)', 2, 179, 11, 1988);
insert into Book (BookID, BookName, CategoryID, AuthorID, PublisherID, PublishedYear) values (434, 'For Richer or Poorer', 1, 95, 4, 2011);
insert into Book (BookID, BookName, CategoryID, AuthorID, PublisherID, PublishedYear) values (435, 'Everybody Wins', 10, 66, 100, 2012);
insert into Book (BookID, BookName, CategoryID, AuthorID, PublisherID, PublishedYear) values (436, 'Son of the White Mare', 7, 176, 65, 2005);
insert into Book (BookID, BookName, CategoryID, AuthorID, PublisherID, PublishedYear) values (437, '911 in Plane Site', 5, 175, 43, 1954);
insert into Book (BookID, BookName, CategoryID, AuthorID, PublisherID, PublishedYear) values (438, 'Disorganized Crime', 1, 109, 29, 2009);
insert into Book (BookID, BookName, CategoryID, AuthorID, PublisherID, PublishedYear) values (439, 'Alone for Christmas', 8, 36, 81, 1997);
insert into Book (BookID, BookName, CategoryID, AuthorID, PublisherID, PublishedYear) values (440, 'Fatal Attraction', 6, 23, 94, 2010);
insert into Book (BookID, BookName, CategoryID, AuthorID, PublisherID, PublishedYear) values (441, 'White Rose, The (Weie Rose, Die)', 3, 159, 52, 1996);
insert into Book (BookID, BookName, CategoryID, AuthorID, PublisherID, PublishedYear) values (442, 'Precious', 5, 191, 38, 2010);
insert into Book (BookID, BookName, CategoryID, AuthorID, PublisherID, PublishedYear) values (443, 'Terror''s Advocate (Avocat de la terreur, L'')', 10, 27, 33, 1989);
insert into Book (BookID, BookName, CategoryID, AuthorID, PublisherID, PublishedYear) values (444, 'Aziz Ansari: Intimate Moments for a Sensual Evening', 6, 56, 79, 1993);
insert into Book (BookID, BookName, CategoryID, AuthorID, PublisherID, PublishedYear) values (445, 'Brice Man, The (Brice de Nice)', 10, 32, 85, 2003);
insert into Book (BookID, BookName, CategoryID, AuthorID, PublisherID, PublishedYear) values (446, 'House, The (A Casa)', 4, 53, 44, 2009);
insert into Book (BookID, BookName, CategoryID, AuthorID, PublisherID, PublishedYear) values (447, 'Shrek 2', 6, 103, 96, 2009);
insert into Book (BookID, BookName, CategoryID, AuthorID, PublisherID, PublishedYear) values (448, 'Def-Con 4', 9, 173, 53, 2012);
insert into Book (BookID, BookName, CategoryID, AuthorID, PublisherID, PublishedYear) values (449, 'Hell Drivers', 1, 30, 56, 1984);
insert into Book (BookID, BookName, CategoryID, AuthorID, PublisherID, PublishedYear) values (450, 'Autopsy (Macchie Solari)', 2, 11, 62, 1995);
insert into Book (BookID, BookName, CategoryID, AuthorID, PublisherID, PublishedYear) values (451, 'Daughters of Dolma', 9, 159, 54, 1992);
insert into Book (BookID, BookName, CategoryID, AuthorID, PublisherID, PublishedYear) values (452, 'Time of Roses (Ruusujen aika)', 7, 200, 89, 2004);
insert into Book (BookID, BookName, CategoryID, AuthorID, PublisherID, PublishedYear) values (453, 'Adventures of Tarzan', 2, 30, 72, 2001);
insert into Book (BookID, BookName, CategoryID, AuthorID, PublisherID, PublishedYear) values (454, 'Single White Female 2: The Psycho', 8, 60, 46, 2010);
insert into Book (BookID, BookName, CategoryID, AuthorID, PublisherID, PublishedYear) values (455, 'Darkest Night', 1, 38, 83, 2005);
insert into Book (BookID, BookName, CategoryID, AuthorID, PublisherID, PublishedYear) values (456, 'Year of the Gun', 6, 115, 38, 2006);
insert into Book (BookID, BookName, CategoryID, AuthorID, PublisherID, PublishedYear) values (457, 'E.T. the Extra-Terrestrial', 6, 166, 95, 1999);
insert into Book (BookID, BookName, CategoryID, AuthorID, PublisherID, PublishedYear) values (458, 'Frequencies', 5, 134, 40, 2010);
insert into Book (BookID, BookName, CategoryID, AuthorID, PublisherID, PublishedYear) values (459, 'Oz the Great and Powerful', 2, 95, 33, 2010);
insert into Book (BookID, BookName, CategoryID, AuthorID, PublisherID, PublishedYear) values (460, 'Policeman (Ha-shoter)', 1, 12, 79, 2007);
insert into Book (BookID, BookName, CategoryID, AuthorID, PublisherID, PublishedYear) values (461, 'Comandante', 5, 92, 53, 2008);
insert into Book (BookID, BookName, CategoryID, AuthorID, PublisherID, PublishedYear) values (462, 'Grindhouse', 1, 53, 94, 1998);
insert into Book (BookID, BookName, CategoryID, AuthorID, PublisherID, PublishedYear) values (463, 'Farmer''s Wife, The', 1, 140, 4, 1999);
insert into Book (BookID, BookName, CategoryID, AuthorID, PublisherID, PublishedYear) values (464, 'Front Page Woman', 2, 107, 18, 2007);
insert into Book (BookID, BookName, CategoryID, AuthorID, PublisherID, PublishedYear) values (465, 'All I Want for Christmas', 10, 100, 48, 1995);
insert into Book (BookID, BookName, CategoryID, AuthorID, PublisherID, PublishedYear) values (466, 'Vanya on 42nd Street', 6, 186, 94, 1992);
insert into Book (BookID, BookName, CategoryID, AuthorID, PublisherID, PublishedYear) values (467, 'I Am Waiting (Ore wa matteru ze)', 8, 183, 86, 2004);
insert into Book (BookID, BookName, CategoryID, AuthorID, PublisherID, PublishedYear) values (468, 'Father of Invention', 8, 91, 60, 2008);
insert into Book (BookID, BookName, CategoryID, AuthorID, PublisherID, PublishedYear) values (469, 'Russendisko', 10, 196, 41, 1989);
insert into Book (BookID, BookName, CategoryID, AuthorID, PublisherID, PublishedYear) values (470, 'Naked', 9, 62, 35, 2000);
insert into Book (BookID, BookName, CategoryID, AuthorID, PublisherID, PublishedYear) values (471, 'Happiness (Schastye)', 1, 102, 89, 2006);
insert into Book (BookID, BookName, CategoryID, AuthorID, PublisherID, PublishedYear) values (472, 'Space Truckers', 7, 96, 26, 1968);
insert into Book (BookID, BookName, CategoryID, AuthorID, PublisherID, PublishedYear) values (473, 'Black Butterflies', 9, 171, 20, 1996);
insert into Book (BookID, BookName, CategoryID, AuthorID, PublisherID, PublishedYear) values (474, 'Silja - nuorena nukkunut', 6, 194, 73, 2005);
insert into Book (BookID, BookName, CategoryID, AuthorID, PublisherID, PublishedYear) values (475, 'Bread and Roses', 6, 63, 86, 1992);
insert into Book (BookID, BookName, CategoryID, AuthorID, PublisherID, PublishedYear) values (476, 'Break-Up, The', 2, 78, 13, 2009);
insert into Book (BookID, BookName, CategoryID, AuthorID, PublisherID, PublishedYear) values (477, 'Road Trip', 6, 82, 58, 1995);
insert into Book (BookID, BookName, CategoryID, AuthorID, PublisherID, PublishedYear) values (478, 'In This Our Life', 7, 105, 52, 2004);
insert into Book (BookID, BookName, CategoryID, AuthorID, PublisherID, PublishedYear) values (479, 'Young Unknowns, The', 6, 104, 92, 2011);
insert into Book (BookID, BookName, CategoryID, AuthorID, PublisherID, PublishedYear) values (480, 'King Kong vs. Godzilla (Kingukongu tai Gojira)', 4, 114, 5, 2004);
insert into Book (BookID, BookName, CategoryID, AuthorID, PublisherID, PublishedYear) values (481, 'Zachariah', 4, 48, 49, 1998);
insert into Book (BookID, BookName, CategoryID, AuthorID, PublisherID, PublishedYear) values (482, 'Fire Over England', 10, 170, 5, 1967);
insert into Book (BookID, BookName, CategoryID, AuthorID, PublisherID, PublishedYear) values (483, 'Horse in the Gray Flannel Suit, The', 7, 58, 48, 2011);
insert into Book (BookID, BookName, CategoryID, AuthorID, PublisherID, PublishedYear) values (484, 'Magic Gloves, The (Los guantes mgicos)', 9, 61, 86, 2006);
insert into Book (BookID, BookName, CategoryID, AuthorID, PublisherID, PublishedYear) values (485, 'Abbott and Costello Meet Frankenstein', 1, 48, 33, 2010);
insert into Book (BookID, BookName, CategoryID, AuthorID, PublisherID, PublishedYear) values (486, 'Man of the House', 6, 67, 11, 1989);
insert into Book (BookID, BookName, CategoryID, AuthorID, PublisherID, PublishedYear) values (487, 'Fracture', 4, 160, 99, 1999);
insert into Book (BookID, BookName, CategoryID, AuthorID, PublisherID, PublishedYear) values (488, 'Black Friday', 3, 188, 48, 2003);
insert into Book (BookID, BookName, CategoryID, AuthorID, PublisherID, PublishedYear) values (489, 'Under Capricorn', 7, 40, 92, 1990);
insert into Book (BookID, BookName, CategoryID, AuthorID, PublisherID, PublishedYear) values (490, 'For No Good Reason', 6, 13, 21, 1990);
insert into Book (BookID, BookName, CategoryID, AuthorID, PublisherID, PublishedYear) values (491, 'Mr. Saturday Night', 6, 73, 21, 1998);
insert into Book (BookID, BookName, CategoryID, AuthorID, PublisherID, PublishedYear) values (492, 'Revenge', 5, 29, 6, 2007);
insert into Book (BookID, BookName, CategoryID, AuthorID, PublisherID, PublishedYear) values (493, 'Bait', 6, 62, 32, 2012);
insert into Book (BookID, BookName, CategoryID, AuthorID, PublisherID, PublishedYear) values (494, 'Gaucho, The', 7, 126, 68, 2006);
insert into Book (BookID, BookName, CategoryID, AuthorID, PublisherID, PublishedYear) values (495, 'Babysitter, The', 6, 114, 26, 2008);
insert into Book (BookID, BookName, CategoryID, AuthorID, PublisherID, PublishedYear) values (496, 'Spirited Away (Sen to Chihiro no kamikakushi)', 2, 122, 23, 1996);
insert into Book (BookID, BookName, CategoryID, AuthorID, PublisherID, PublishedYear) values (497, 'Anne of Green Gables', 2, 171, 49, 1988);
insert into Book (BookID, BookName, CategoryID, AuthorID, PublisherID, PublishedYear) values (498, 'Wild Seven', 10, 23, 29, 1970);
insert into Book (BookID, BookName, CategoryID, AuthorID, PublisherID, PublishedYear) values (499, 'What Have You Done to Solange?', 7, 59, 99, 2000);
insert into Book (BookID, BookName, CategoryID, AuthorID, PublisherID, PublishedYear) values (500, 'Assault on Precinct 13', 4, 120, 10, 1994);
insert into Book (BookID, BookName, CategoryID, AuthorID, PublisherID, PublishedYear) values (501, 'Hum Aapke Hain Koun...!', 5, 141, 4, 2011);
insert into Book (BookID, BookName, CategoryID, AuthorID, PublisherID, PublishedYear) values (502, 'Run Fatboy Run', 7, 12, 21, 2012);
insert into Book (BookID, BookName, CategoryID, AuthorID, PublisherID, PublishedYear) values (503, 'Being Julia', 2, 121, 33, 2001);
insert into Book (BookID, BookName, CategoryID, AuthorID, PublisherID, PublishedYear) values (504, 'Tim and Eric''s Billion Dollar Movie', 8, 11, 4, 2010);
insert into Book (BookID, BookName, CategoryID, AuthorID, PublisherID, PublishedYear) values (505, 'Card Subject To Change', 2, 58, 19, 1996);
insert into Book (BookID, BookName, CategoryID, AuthorID, PublisherID, PublishedYear) values (506, 'Antz', 8, 106, 18, 1993);
insert into Book (BookID, BookName, CategoryID, AuthorID, PublisherID, PublishedYear) values (507, 'Secret', 2, 45, 31, 2010);
insert into Book (BookID, BookName, CategoryID, AuthorID, PublisherID, PublishedYear) values (508, 'Here Comes Peter Cottontail', 10, 76, 4, 2003);
insert into Book (BookID, BookName, CategoryID, AuthorID, PublisherID, PublishedYear) values (509, 'Stephanie Daley', 1, 41, 2, 2010);
insert into Book (BookID, BookName, CategoryID, AuthorID, PublisherID, PublishedYear) values (510, 'Mosquito Net, The (La mosquitera)', 4, 155, 68, 2011);
insert into Book (BookID, BookName, CategoryID, AuthorID, PublisherID, PublishedYear) values (511, 'Beck - Rum 302', 3, 27, 92, 2001);
insert into Book (BookID, BookName, CategoryID, AuthorID, PublisherID, PublishedYear) values (512, 'Edge of Tomorrow', 6, 150, 31, 1994);
insert into Book (BookID, BookName, CategoryID, AuthorID, PublisherID, PublishedYear) values (513, 'Alien Nation: The Udara Legacy', 10, 135, 29, 2001);
insert into Book (BookID, BookName, CategoryID, AuthorID, PublisherID, PublishedYear) values (514, 'First Case, Second Case (Ghazieh-e Shekl-e Aval, Ghazieh-e Shekl-e Dou Wom)', 8, 147, 71, 2000);
insert into Book (BookID, BookName, CategoryID, AuthorID, PublisherID, PublishedYear) values (515, 'Just the Ticket', 3, 19, 19, 2001);
insert into Book (BookID, BookName, CategoryID, AuthorID, PublisherID, PublishedYear) values (516, 'Fathers'' Day', 10, 99, 72, 1959);
insert into Book (BookID, BookName, CategoryID, AuthorID, PublisherID, PublishedYear) values (517, 'Wild Bunch, The', 7, 47, 63, 2005);
insert into Book (BookID, BookName, CategoryID, AuthorID, PublisherID, PublishedYear) values (518, 'Mark of the Vampire', 3, 35, 18, 2004);
insert into Book (BookID, BookName, CategoryID, AuthorID, PublisherID, PublishedYear) values (519, 'Macheads', 3, 106, 16, 1986);
insert into Book (BookID, BookName, CategoryID, AuthorID, PublisherID, PublishedYear) values (520, 'Monkey Shines', 7, 64, 84, 1999);
insert into Book (BookID, BookName, CategoryID, AuthorID, PublisherID, PublishedYear) values (521, 'Beyond the Black Rainbow', 1, 10, 43, 1993);
insert into Book (BookID, BookName, CategoryID, AuthorID, PublisherID, PublishedYear) values (522, 'Turin Horse, The (A Torini l)', 9, 4, 77, 2002);
insert into Book (BookID, BookName, CategoryID, AuthorID, PublisherID, PublishedYear) values (523, 'Hen Hop', 4, 9, 47, 2001);
insert into Book (BookID, BookName, CategoryID, AuthorID, PublisherID, PublishedYear) values (524, 'Hope Springs', 10, 179, 27, 2003);
insert into Book (BookID, BookName, CategoryID, AuthorID, PublisherID, PublishedYear) values (525, 'Green Street Hooligans 2', 9, 130, 3, 1984);
insert into Book (BookID, BookName, CategoryID, AuthorID, PublisherID, PublishedYear) values (526, 'Fog Over Frisco', 2, 189, 51, 2012);
insert into Book (BookID, BookName, CategoryID, AuthorID, PublisherID, PublishedYear) values (527, 'Ice Castles', 10, 15, 90, 2005);
insert into Book (BookID, BookName, CategoryID, AuthorID, PublisherID, PublishedYear) values (528, 'All the Colors of the Dark', 7, 197, 41, 1995);
insert into Book (BookID, BookName, CategoryID, AuthorID, PublisherID, PublishedYear) values (529, 'About Last Night', 2, 14, 22, 2005);
insert into Book (BookID, BookName, CategoryID, AuthorID, PublisherID, PublishedYear) values (530, 'Lover, The (Amant, L'')', 2, 104, 60, 2002);
insert into Book (BookID, BookName, CategoryID, AuthorID, PublisherID, PublishedYear) values (531, 'Incir Reeli', 7, 182, 54, 1995);
insert into Book (BookID, BookName, CategoryID, AuthorID, PublisherID, PublishedYear) values (532, 'All Night Long', 8, 9, 8, 2001);
insert into Book (BookID, BookName, CategoryID, AuthorID, PublisherID, PublishedYear) values (533, 'Naked Souls', 2, 54, 53, 2003);
insert into Book (BookID, BookName, CategoryID, AuthorID, PublisherID, PublishedYear) values (534, 'Man Called Peter, A', 8, 148, 83, 1993);
insert into Book (BookID, BookName, CategoryID, AuthorID, PublisherID, PublishedYear) values (535, 'Acla, The Descent into Floristella (La discesa di Acl a Floristella)', 2, 154, 68, 1998);
insert into Book (BookID, BookName, CategoryID, AuthorID, PublisherID, PublishedYear) values (536, 'The Anderssons in Greece: All Inclusive', 6, 32, 69, 1998);
insert into Book (BookID, BookName, CategoryID, AuthorID, PublisherID, PublishedYear) values (537, 'The Magical Legend of the Leprechauns', 4, 177, 41, 2010);
insert into Book (BookID, BookName, CategoryID, AuthorID, PublisherID, PublishedYear) values (538, 'Cruel Intentions 2 (Cruel Intentions 2: Manchester Prep)', 3, 176, 34, 1986);
insert into Book (BookID, BookName, CategoryID, AuthorID, PublisherID, PublishedYear) values (539, 'Frenchmen (Le coeur des hommes)', 8, 161, 65, 1995);
insert into Book (BookID, BookName, CategoryID, AuthorID, PublisherID, PublishedYear) values (540, 'Carmen', 9, 126, 26, 2013);
insert into Book (BookID, BookName, CategoryID, AuthorID, PublisherID, PublishedYear) values (541, 'Batman', 10, 90, 11, 2001);
insert into Book (BookID, BookName, CategoryID, AuthorID, PublisherID, PublishedYear) values (542, 'Horrorvision', 3, 39, 14, 2006);
insert into Book (BookID, BookName, CategoryID, AuthorID, PublisherID, PublishedYear) values (543, 'Wagon Master', 8, 57, 29, 1986);
insert into Book (BookID, BookName, CategoryID, AuthorID, PublisherID, PublishedYear) values (544, 'Tracker', 10, 199, 38, 2006);
insert into Book (BookID, BookName, CategoryID, AuthorID, PublisherID, PublishedYear) values (545, 'Escape from New York', 2, 186, 17, 2009);
insert into Book (BookID, BookName, CategoryID, AuthorID, PublisherID, PublishedYear) values (546, 'Small Time', 9, 55, 90, 1990);
insert into Book (BookID, BookName, CategoryID, AuthorID, PublisherID, PublishedYear) values (547, 'MacArthur', 5, 179, 3, 2012);
insert into Book (BookID, BookName, CategoryID, AuthorID, PublisherID, PublishedYear) values (548, 'Zazie dans le mtro', 4, 9, 65, 2004);
insert into Book (BookID, BookName, CategoryID, AuthorID, PublisherID, PublishedYear) values (549, 'Pavilion of Women', 9, 95, 65, 2004);
insert into Book (BookID, BookName, CategoryID, AuthorID, PublisherID, PublishedYear) values (550, 'Monty Python Live at the Hollywood Bowl', 8, 12, 52, 2009);
insert into Book (BookID, BookName, CategoryID, AuthorID, PublisherID, PublishedYear) values (551, 'City of No Limits, The (la ciudad sin lmites, En)', 3, 101, 74, 1996);
insert into Book (BookID, BookName, CategoryID, AuthorID, PublisherID, PublishedYear) values (552, 'Cop', 1, 119, 9, 2012);
insert into Book (BookID, BookName, CategoryID, AuthorID, PublisherID, PublishedYear) values (553, 'We Always Lie to Strangers', 1, 85, 83, 2003);
insert into Book (BookID, BookName, CategoryID, AuthorID, PublisherID, PublishedYear) values (554, 'Suspended Animation', 7, 65, 71, 1996);
insert into Book (BookID, BookName, CategoryID, AuthorID, PublisherID, PublishedYear) values (555, 'Wooden Bridge, The', 10, 81, 90, 1995);
insert into Book (BookID, BookName, CategoryID, AuthorID, PublisherID, PublishedYear) values (556, 'Marvin Gaye: What''s Going On', 10, 180, 75, 1987);
insert into Book (BookID, BookName, CategoryID, AuthorID, PublisherID, PublishedYear) values (557, 'I Live My Life', 4, 94, 58, 1999);
insert into Book (BookID, BookName, CategoryID, AuthorID, PublisherID, PublishedYear) values (558, 'Alaska: Spirit of the Wild', 10, 66, 8, 1994);
insert into Book (BookID, BookName, CategoryID, AuthorID, PublisherID, PublishedYear) values (559, 'Condo Painting', 3, 93, 22, 1990);
insert into Book (BookID, BookName, CategoryID, AuthorID, PublisherID, PublishedYear) values (560, 'Passion', 6, 149, 55, 1997);
insert into Book (BookID, BookName, CategoryID, AuthorID, PublisherID, PublishedYear) values (561, 'Descent, The', 3, 78, 5, 2008);
insert into Book (BookID, BookName, CategoryID, AuthorID, PublisherID, PublishedYear) values (562, 'Climb, The', 9, 45, 7, 2010);
insert into Book (BookID, BookName, CategoryID, AuthorID, PublisherID, PublishedYear) values (563, 'Guns at Batasi', 10, 116, 100, 2008);
insert into Book (BookID, BookName, CategoryID, AuthorID, PublisherID, PublishedYear) values (564, 'Harley Davidson and the Marlboro Man', 1, 12, 16, 2002);
insert into Book (BookID, BookName, CategoryID, AuthorID, PublisherID, PublishedYear) values (565, 'Sex Positive', 2, 147, 91, 2001);
insert into Book (BookID, BookName, CategoryID, AuthorID, PublisherID, PublishedYear) values (566, 'Demolition Man', 6, 114, 4, 1985);
insert into Book (BookID, BookName, CategoryID, AuthorID, PublisherID, PublishedYear) values (567, 'Don''t Think About It (Non Pensarci)', 10, 192, 58, 2006);
insert into Book (BookID, BookName, CategoryID, AuthorID, PublisherID, PublishedYear) values (568, 'Night Train to Munich', 9, 124, 6, 1989);
insert into Book (BookID, BookName, CategoryID, AuthorID, PublisherID, PublishedYear) values (569, 'Lathe of Heaven, The', 9, 170, 80, 1999);
insert into Book (BookID, BookName, CategoryID, AuthorID, PublisherID, PublishedYear) values (570, 'Supercondriaque', 10, 13, 68, 2007);
insert into Book (BookID, BookName, CategoryID, AuthorID, PublisherID, PublishedYear) values (571, 'Taxi Hunter (Di shi pan guan)', 3, 92, 83, 2011);
insert into Book (BookID, BookName, CategoryID, AuthorID, PublisherID, PublishedYear) values (572, 'Going Places (Valseuses, Les)', 2, 151, 18, 1993);
insert into Book (BookID, BookName, CategoryID, AuthorID, PublisherID, PublishedYear) values (573, 'Jacky in the Kingdom of Women', 1, 23, 11, 1992);
insert into Book (BookID, BookName, CategoryID, AuthorID, PublisherID, PublishedYear) values (574, 'Cinema Komunisto', 7, 67, 47, 2005);
insert into Book (BookID, BookName, CategoryID, AuthorID, PublisherID, PublishedYear) values (575, 'Fort Apache, the Bronx', 7, 67, 92, 1995);
insert into Book (BookID, BookName, CategoryID, AuthorID, PublisherID, PublishedYear) values (576, 'Star Wars: Episode VI - Return of the Jedi', 1, 191, 5, 2009);
insert into Book (BookID, BookName, CategoryID, AuthorID, PublisherID, PublishedYear) values (577, 'Death and the Maiden', 8, 87, 30, 1993);
insert into Book (BookID, BookName, CategoryID, AuthorID, PublisherID, PublishedYear) values (578, 'Quartet', 10, 200, 41, 2003);
insert into Book (BookID, BookName, CategoryID, AuthorID, PublisherID, PublishedYear) values (579, 'Ginger Snaps Back: The Beginning', 10, 111, 13, 1992);
insert into Book (BookID, BookName, CategoryID, AuthorID, PublisherID, PublishedYear) values (580, 'The Invisible Frame', 6, 89, 43, 1993);
insert into Book (BookID, BookName, CategoryID, AuthorID, PublisherID, PublishedYear) values (581, 'Campus Radio', 3, 129, 16, 2010);
insert into Book (BookID, BookName, CategoryID, AuthorID, PublisherID, PublishedYear) values (582, 'Belarmino', 8, 32, 8, 2009);
insert into Book (BookID, BookName, CategoryID, AuthorID, PublisherID, PublishedYear) values (583, 'Liv & Ingmar', 7, 135, 27, 2012);
insert into Book (BookID, BookName, CategoryID, AuthorID, PublisherID, PublishedYear) values (584, 'American Heist', 2, 62, 79, 2011);
insert into Book (BookID, BookName, CategoryID, AuthorID, PublisherID, PublishedYear) values (585, 'Jumpin'' Jack Flash', 8, 193, 64, 1974);
insert into Book (BookID, BookName, CategoryID, AuthorID, PublisherID, PublishedYear) values (586, 'Capricious Summer (Rozmarn lto)', 1, 142, 65, 1994);
insert into Book (BookID, BookName, CategoryID, AuthorID, PublisherID, PublishedYear) values (587, 'Dead Souls', 8, 166, 24, 2002);
insert into Book (BookID, BookName, CategoryID, AuthorID, PublisherID, PublishedYear) values (588, 'Talent for the Game', 6, 146, 56, 2005);
insert into Book (BookID, BookName, CategoryID, AuthorID, PublisherID, PublishedYear) values (589, 'Marc Pease Experience, The', 6, 68, 58, 2003);
insert into Book (BookID, BookName, CategoryID, AuthorID, PublisherID, PublishedYear) values (590, 'Loft', 2, 44, 6, 1989);
insert into Book (BookID, BookName, CategoryID, AuthorID, PublisherID, PublishedYear) values (591, 'Mischief Night', 2, 14, 89, 1999);
insert into Book (BookID, BookName, CategoryID, AuthorID, PublisherID, PublishedYear) values (592, 'Werewolf Woman (La lupa mannara)', 6, 26, 100, 2004);
insert into Book (BookID, BookName, CategoryID, AuthorID, PublisherID, PublishedYear) values (593, 'Land Before Time, The', 8, 164, 38, 1995);
insert into Book (BookID, BookName, CategoryID, AuthorID, PublisherID, PublishedYear) values (594, 'Post Grad', 4, 157, 42, 2006);
insert into Book (BookID, BookName, CategoryID, AuthorID, PublisherID, PublishedYear) values (595, 'Jamie and Jessie Are Not Together', 5, 58, 65, 2007);
insert into Book (BookID, BookName, CategoryID, AuthorID, PublisherID, PublishedYear) values (596, 'Face/Off', 3, 114, 18, 1999);
insert into Book (BookID, BookName, CategoryID, AuthorID, PublisherID, PublishedYear) values (597, 'Lucy', 3, 9, 99, 2006);
insert into Book (BookID, BookName, CategoryID, AuthorID, PublisherID, PublishedYear) values (598, 'Nightmaster (Watch the Shadows Dance)', 5, 71, 92, 1997);
insert into Book (BookID, BookName, CategoryID, AuthorID, PublisherID, PublishedYear) values (599, 'Cassandra Crossing, The', 6, 142, 96, 2006);
insert into Book (BookID, BookName, CategoryID, AuthorID, PublisherID, PublishedYear) values (600, 'Young Bess', 8, 41, 13, 2003);
insert into Book (BookID, BookName, CategoryID, AuthorID, PublisherID, PublishedYear) values (601, 'The Butterfly Effect 3: Revelations', 2, 60, 62, 2003);
insert into Book (BookID, BookName, CategoryID, AuthorID, PublisherID, PublishedYear) values (602, 'Topkapi', 8, 48, 94, 1988);
insert into Book (BookID, BookName, CategoryID, AuthorID, PublisherID, PublishedYear) values (603, 'Lost in Austen', 2, 32, 45, 2012);
insert into Book (BookID, BookName, CategoryID, AuthorID, PublisherID, PublishedYear) values (604, 'Gregoire Moulin vs. Humanity (Grgoire Moulin contre l''humanit)', 7, 167, 41, 1998);
insert into Book (BookID, BookName, CategoryID, AuthorID, PublisherID, PublishedYear) values (605, 'Chak De India!', 1, 163, 52, 2005);
insert into Book (BookID, BookName, CategoryID, AuthorID, PublisherID, PublishedYear) values (606, 'Cobra Woman', 2, 46, 73, 2002);
insert into Book (BookID, BookName, CategoryID, AuthorID, PublisherID, PublishedYear) values (607, 'Posse', 1, 178, 88, 2010);
insert into Book (BookID, BookName, CategoryID, AuthorID, PublisherID, PublishedYear) values (608, 'Crazy Beautiful You', 1, 112, 50, 1989);
insert into Book (BookID, BookName, CategoryID, AuthorID, PublisherID, PublishedYear) values (609, 'Master and Margaret, The (Il maestro e Margherita)', 8, 167, 35, 2010);
insert into Book (BookID, BookName, CategoryID, AuthorID, PublisherID, PublishedYear) values (610, 'Drug War (Du zhan)', 9, 49, 53, 1987);
insert into Book (BookID, BookName, CategoryID, AuthorID, PublisherID, PublishedYear) values (611, 'Climax, The', 10, 168, 37, 1986);
insert into Book (BookID, BookName, CategoryID, AuthorID, PublisherID, PublishedYear) values (612, 'Under the Volcano', 4, 71, 29, 1988);
insert into Book (BookID, BookName, CategoryID, AuthorID, PublisherID, PublishedYear) values (613, 'Householder, The (Gharbar)', 5, 18, 40, 2002);
insert into Book (BookID, BookName, CategoryID, AuthorID, PublisherID, PublishedYear) values (614, 'Scooby-Doo! Abracadabra-Doo', 4, 102, 85, 2012);
insert into Book (BookID, BookName, CategoryID, AuthorID, PublisherID, PublishedYear) values (615, 'To Tulsa and Back: On Tour with J.J. Cale', 5, 165, 81, 1995);
insert into Book (BookID, BookName, CategoryID, AuthorID, PublisherID, PublishedYear) values (616, 'Then I Sentenced Them All to Death (Atunci i-am condamnat pe toti la moarte)', 10, 147, 39, 1990);
insert into Book (BookID, BookName, CategoryID, AuthorID, PublisherID, PublishedYear) values (617, 'Witch Way Love (Un amour de sorcire)', 5, 173, 26, 2010);
insert into Book (BookID, BookName, CategoryID, AuthorID, PublisherID, PublishedYear) values (618, 'No Way Out', 2, 9, 63, 2002);
insert into Book (BookID, BookName, CategoryID, AuthorID, PublisherID, PublishedYear) values (619, 'Informer, The', 8, 53, 89, 1992);
insert into Book (BookID, BookName, CategoryID, AuthorID, PublisherID, PublishedYear) values (620, 'Back to the Future Part III', 6, 106, 51, 1998);
insert into Book (BookID, BookName, CategoryID, AuthorID, PublisherID, PublishedYear) values (621, 'No End (Bez konca)', 10, 85, 33, 1994);
insert into Book (BookID, BookName, CategoryID, AuthorID, PublisherID, PublishedYear) values (622, 'May in the Summer', 6, 96, 2, 2002);
insert into Book (BookID, BookName, CategoryID, AuthorID, PublisherID, PublishedYear) values (623, 'Seven Beauties (Pasqualino Settebellezze)', 2, 133, 37, 1992);
insert into Book (BookID, BookName, CategoryID, AuthorID, PublisherID, PublishedYear) values (624, 'Miracle', 3, 148, 84, 2006);
insert into Book (BookID, BookName, CategoryID, AuthorID, PublisherID, PublishedYear) values (625, 'Federal Hill', 8, 162, 90, 1999);
insert into Book (BookID, BookName, CategoryID, AuthorID, PublisherID, PublishedYear) values (626, 'Crack-Up', 5, 194, 63, 2008);
insert into Book (BookID, BookName, CategoryID, AuthorID, PublisherID, PublishedYear) values (627, 'Long Voyage Home, The', 3, 141, 58, 1960);
insert into Book (BookID, BookName, CategoryID, AuthorID, PublisherID, PublishedYear) values (628, 'Camilla', 3, 83, 7, 2012);
insert into Book (BookID, BookName, CategoryID, AuthorID, PublisherID, PublishedYear) values (629, 'Mysterious Island', 10, 90, 57, 1985);
insert into Book (BookID, BookName, CategoryID, AuthorID, PublisherID, PublishedYear) values (630, 'Agatha Christie''s ''Ten Little Indians'' (Ten Little Indians) (And Then There Were None)', 4, 66, 12, 1996);
insert into Book (BookID, BookName, CategoryID, AuthorID, PublisherID, PublishedYear) values (631, 'Deception', 1, 17, 28, 1993);
insert into Book (BookID, BookName, CategoryID, AuthorID, PublisherID, PublishedYear) values (632, 'London Boulevard', 7, 51, 31, 2001);
insert into Book (BookID, BookName, CategoryID, AuthorID, PublisherID, PublishedYear) values (633, 'Harry Brown', 4, 33, 70, 1996);
insert into Book (BookID, BookName, CategoryID, AuthorID, PublisherID, PublishedYear) values (634, 'Longtime Companion', 9, 123, 13, 2009);
insert into Book (BookID, BookName, CategoryID, AuthorID, PublisherID, PublishedYear) values (635, 'For the Love of Benji', 9, 3, 11, 2011);
insert into Book (BookID, BookName, CategoryID, AuthorID, PublisherID, PublishedYear) values (636, 'Battle of amfAR, The', 2, 139, 69, 1996);
insert into Book (BookID, BookName, CategoryID, AuthorID, PublisherID, PublishedYear) values (637, 'John Rabe', 10, 32, 91, 2008);
insert into Book (BookID, BookName, CategoryID, AuthorID, PublisherID, PublishedYear) values (638, 'Henry & June', 7, 199, 67, 1987);
insert into Book (BookID, BookName, CategoryID, AuthorID, PublisherID, PublishedYear) values (639, 'Fly Away', 2, 63, 43, 2012);
insert into Book (BookID, BookName, CategoryID, AuthorID, PublisherID, PublishedYear) values (640, 'Doggiewoggiez! Poochiewoochiez!', 6, 128, 56, 2002);
insert into Book (BookID, BookName, CategoryID, AuthorID, PublisherID, PublishedYear) values (641, 'Snapper, The', 4, 38, 62, 2002);
insert into Book (BookID, BookName, CategoryID, AuthorID, PublisherID, PublishedYear) values (642, 'Women in Trouble', 9, 31, 27, 1992);
insert into Book (BookID, BookName, CategoryID, AuthorID, PublisherID, PublishedYear) values (643, 'The Wrecking Crew', 7, 134, 40, 1999);
insert into Book (BookID, BookName, CategoryID, AuthorID, PublisherID, PublishedYear) values (644, 'Willie & Phil', 2, 131, 16, 1998);
insert into Book (BookID, BookName, CategoryID, AuthorID, PublisherID, PublishedYear) values (645, 'Zu: Warriors from the Magic Mountain (Xin shu shan jian ke)', 4, 148, 40, 1999);
insert into Book (BookID, BookName, CategoryID, AuthorID, PublisherID, PublishedYear) values (646, 'Green Ice', 3, 177, 64, 2009);
insert into Book (BookID, BookName, CategoryID, AuthorID, PublisherID, PublishedYear) values (647, 'This Is England', 3, 187, 29, 1996);
insert into Book (BookID, BookName, CategoryID, AuthorID, PublisherID, PublishedYear) values (648, 'Life as a House', 9, 67, 80, 2011);
insert into Book (BookID, BookName, CategoryID, AuthorID, PublisherID, PublishedYear) values (649, 'Boat, The', 1, 181, 96, 2005);
insert into Book (BookID, BookName, CategoryID, AuthorID, PublisherID, PublishedYear) values (650, 'I Know Where I''m Going!', 4, 18, 90, 2002);
insert into Book (BookID, BookName, CategoryID, AuthorID, PublisherID, PublishedYear) values (651, 'Once Upon a Time in China (Wong Fei Hung)', 7, 52, 100, 2008);
insert into Book (BookID, BookName, CategoryID, AuthorID, PublisherID, PublishedYear) values (652, 'The UFO Incident', 3, 19, 15, 2011);
insert into Book (BookID, BookName, CategoryID, AuthorID, PublisherID, PublishedYear) values (653, 'Amigo', 8, 84, 13, 2004);
insert into Book (BookID, BookName, CategoryID, AuthorID, PublisherID, PublishedYear) values (654, 'Cry in the Night, A', 1, 162, 25, 2001);
insert into Book (BookID, BookName, CategoryID, AuthorID, PublisherID, PublishedYear) values (655, 'Ed Wood', 2, 145, 16, 2000);
insert into Book (BookID, BookName, CategoryID, AuthorID, PublisherID, PublishedYear) values (656, 'Ecstasy (xtasis)', 10, 52, 10, 2010);
insert into Book (BookID, BookName, CategoryID, AuthorID, PublisherID, PublishedYear) values (657, 'One Wonderful Sunday (Subarashiki nichiyobi)', 1, 67, 9, 2001);
insert into Book (BookID, BookName, CategoryID, AuthorID, PublisherID, PublishedYear) values (658, 'Victor/Victoria', 7, 141, 71, 2008);
insert into Book (BookID, BookName, CategoryID, AuthorID, PublisherID, PublishedYear) values (659, 'Numb', 8, 111, 44, 1990);
insert into Book (BookID, BookName, CategoryID, AuthorID, PublisherID, PublishedYear) values (660, 'Coluche, l''histoire d''un mec', 1, 196, 27, 2009);
insert into Book (BookID, BookName, CategoryID, AuthorID, PublisherID, PublishedYear) values (661, 'Ponterosa', 5, 82, 81, 2011);
insert into Book (BookID, BookName, CategoryID, AuthorID, PublisherID, PublishedYear) values (662, 'Alucarda', 8, 71, 15, 1990);
insert into Book (BookID, BookName, CategoryID, AuthorID, PublisherID, PublishedYear) values (663, 'Enola Gay and the Atomic Bombing of Japan', 2, 103, 78, 2009);
insert into Book (BookID, BookName, CategoryID, AuthorID, PublisherID, PublishedYear) values (664, 'Unforgettable', 8, 165, 22, 1997);
insert into Book (BookID, BookName, CategoryID, AuthorID, PublisherID, PublishedYear) values (665, 'Love Simple', 4, 55, 4, 1994);
insert into Book (BookID, BookName, CategoryID, AuthorID, PublisherID, PublishedYear) values (666, 'Shadows (Senki)', 8, 142, 18, 2011);
insert into Book (BookID, BookName, CategoryID, AuthorID, PublisherID, PublishedYear) values (667, 'Love and Death on Long Island', 1, 141, 10, 1999);
insert into Book (BookID, BookName, CategoryID, AuthorID, PublisherID, PublishedYear) values (668, 'The Love Letter', 8, 172, 60, 1992);
insert into Book (BookID, BookName, CategoryID, AuthorID, PublisherID, PublishedYear) values (669, 'Ice Men', 2, 147, 69, 2009);
insert into Book (BookID, BookName, CategoryID, AuthorID, PublisherID, PublishedYear) values (670, 'Saturn 3', 3, 40, 20, 2000);
insert into Book (BookID, BookName, CategoryID, AuthorID, PublisherID, PublishedYear) values (671, '100 Feet', 7, 41, 67, 1998);
insert into Book (BookID, BookName, CategoryID, AuthorID, PublisherID, PublishedYear) values (672, 'Velvet Vampire, The', 6, 190, 79, 2008);
insert into Book (BookID, BookName, CategoryID, AuthorID, PublisherID, PublishedYear) values (673, 'Dodes''ka-den (Clickety-Clack)', 6, 198, 50, 2005);
insert into Book (BookID, BookName, CategoryID, AuthorID, PublisherID, PublishedYear) values (674, 'Day Lincoln Was Shot, The', 4, 150, 7, 1999);
insert into Book (BookID, BookName, CategoryID, AuthorID, PublisherID, PublishedYear) values (675, 'Charlie Chan in Egypt', 7, 30, 96, 2010);
insert into Book (BookID, BookName, CategoryID, AuthorID, PublisherID, PublishedYear) values (676, 'Hi Diddle Diddle', 5, 191, 70, 1997);
insert into Book (BookID, BookName, CategoryID, AuthorID, PublisherID, PublishedYear) values (677, 'Vpeli Krmy - Taisteluni', 4, 54, 53, 1994);
insert into Book (BookID, BookName, CategoryID, AuthorID, PublisherID, PublishedYear) values (678, 'Sweet Nothing', 3, 106, 3, 2011);
insert into Book (BookID, BookName, CategoryID, AuthorID, PublisherID, PublishedYear) values (679, 'Inbetweeners Movie, The', 3, 195, 15, 2008);
insert into Book (BookID, BookName, CategoryID, AuthorID, PublisherID, PublishedYear) values (680, 'La nacin clandestina', 3, 178, 92, 1987);
insert into Book (BookID, BookName, CategoryID, AuthorID, PublisherID, PublishedYear) values (681, 'Period of Adjustment', 3, 73, 18, 2000);
insert into Book (BookID, BookName, CategoryID, AuthorID, PublisherID, PublishedYear) values (682, 'Psycho II', 8, 45, 27, 1995);
insert into Book (BookID, BookName, CategoryID, AuthorID, PublisherID, PublishedYear) values (683, 'Cottage, The', 4, 190, 62, 1998);
insert into Book (BookID, BookName, CategoryID, AuthorID, PublisherID, PublishedYear) values (684, 'Stitch! The Movie', 6, 146, 43, 1995);
insert into Book (BookID, BookName, CategoryID, AuthorID, PublisherID, PublishedYear) values (685, 'Gumby: The Movie', 4, 67, 71, 2006);
insert into Book (BookID, BookName, CategoryID, AuthorID, PublisherID, PublishedYear) values (686, 'Salton Sea, The', 6, 65, 14, 2008);
insert into Book (BookID, BookName, CategoryID, AuthorID, PublisherID, PublishedYear) values (687, 'I''m with Lucy', 1, 27, 81, 1998);
insert into Book (BookID, BookName, CategoryID, AuthorID, PublisherID, PublishedYear) values (688, 'Bitter Rice (Riso amaro)', 10, 100, 10, 2005);
insert into Book (BookID, BookName, CategoryID, AuthorID, PublisherID, PublishedYear) values (689, 'Grifters, The', 1, 59, 60, 1988);
insert into Book (BookID, BookName, CategoryID, AuthorID, PublisherID, PublishedYear) values (690, 'Libeled Lady', 10, 80, 100, 2004);
insert into Book (BookID, BookName, CategoryID, AuthorID, PublisherID, PublishedYear) values (691, 'Nowhere Boy', 2, 50, 9, 2008);
insert into Book (BookID, BookName, CategoryID, AuthorID, PublisherID, PublishedYear) values (692, 'Murder of Crows, A', 5, 105, 79, 2000);
insert into Book (BookID, BookName, CategoryID, AuthorID, PublisherID, PublishedYear) values (693, 'Kiss Me Goodbye', 6, 132, 14, 2006);
insert into Book (BookID, BookName, CategoryID, AuthorID, PublisherID, PublishedYear) values (694, 'Mindhunters', 4, 81, 66, 2007);
insert into Book (BookID, BookName, CategoryID, AuthorID, PublisherID, PublishedYear) values (695, 'It''s My Mother''s Birthday Today', 4, 29, 92, 2007);
insert into Book (BookID, BookName, CategoryID, AuthorID, PublisherID, PublishedYear) values (696, 'Watermelon Man', 7, 95, 66, 2013);
insert into Book (BookID, BookName, CategoryID, AuthorID, PublisherID, PublishedYear) values (697, 'Tycoon', 2, 162, 31, 2004);
insert into Book (BookID, BookName, CategoryID, AuthorID, PublisherID, PublishedYear) values (698, 'Talking Picture, A (Um Filme Falado)', 2, 14, 63, 2012);
insert into Book (BookID, BookName, CategoryID, AuthorID, PublisherID, PublishedYear) values (699, 'Bikini Carwash Company, The', 2, 29, 8, 1997);
insert into Book (BookID, BookName, CategoryID, AuthorID, PublisherID, PublishedYear) values (700, 'Blondie on a Budget', 8, 192, 35, 1964);
insert into Book (BookID, BookName, CategoryID, AuthorID, PublisherID, PublishedYear) values (701, 'Funny About Love', 3, 76, 34, 1997);
insert into Book (BookID, BookName, CategoryID, AuthorID, PublisherID, PublishedYear) values (702, 'Collector, The', 2, 165, 92, 2008);
insert into Book (BookID, BookName, CategoryID, AuthorID, PublisherID, PublishedYear) values (703, 'Confessions of an Opium Eater', 1, 15, 62, 1995);
insert into Book (BookID, BookName, CategoryID, AuthorID, PublisherID, PublishedYear) values (704, 'Princess Raccoon (Operetta tanuki goten)', 7, 126, 43, 2002);
insert into Book (BookID, BookName, CategoryID, AuthorID, PublisherID, PublishedYear) values (705, 'Hart''s War', 7, 40, 24, 2002);
insert into Book (BookID, BookName, CategoryID, AuthorID, PublisherID, PublishedYear) values (706, 'Heart of Glass (Herz aus Glas)', 4, 58, 66, 2005);
insert into Book (BookID, BookName, CategoryID, AuthorID, PublisherID, PublishedYear) values (707, 'Journey, The (El viaje)', 6, 33, 49, 1998);
insert into Book (BookID, BookName, CategoryID, AuthorID, PublisherID, PublishedYear) values (708, 'Out of Time', 8, 167, 67, 2007);
insert into Book (BookID, BookName, CategoryID, AuthorID, PublisherID, PublishedYear) values (709, 'Kiss Me Goodbye', 6, 20, 16, 2010);
insert into Book (BookID, BookName, CategoryID, AuthorID, PublisherID, PublishedYear) values (710, 'White on Rice', 8, 14, 20, 2000);
insert into Book (BookID, BookName, CategoryID, AuthorID, PublisherID, PublishedYear) values (711, 'El tren de la memoria', 6, 8, 63, 2010);
insert into Book (BookID, BookName, CategoryID, AuthorID, PublisherID, PublishedYear) values (712, 'Grudge 3, The', 6, 182, 55, 2006);
insert into Book (BookID, BookName, CategoryID, AuthorID, PublisherID, PublishedYear) values (713, 'Man Who Wasn''t There, The', 10, 43, 77, 1995);
insert into Book (BookID, BookName, CategoryID, AuthorID, PublisherID, PublishedYear) values (714, 'Life with Father', 1, 12, 59, 2006);
insert into Book (BookID, BookName, CategoryID, AuthorID, PublisherID, PublishedYear) values (715, 'Amelie (Fabuleux destin d''Amlie Poulain, Le)', 9, 161, 10, 2007);
insert into Book (BookID, BookName, CategoryID, AuthorID, PublisherID, PublishedYear) values (716, 'Fireman, The', 3, 195, 58, 2008);
insert into Book (BookID, BookName, CategoryID, AuthorID, PublisherID, PublishedYear) values (717, 'Chainsaw Maid', 2, 103, 91, 2009);
insert into Book (BookID, BookName, CategoryID, AuthorID, PublisherID, PublishedYear) values (718, 'Aristocats, The', 9, 89, 45, 2005);
insert into Book (BookID, BookName, CategoryID, AuthorID, PublisherID, PublishedYear) values (719, 'Gold of Rome (L''oro di Roma)', 4, 122, 46, 2000);
insert into Book (BookID, BookName, CategoryID, AuthorID, PublisherID, PublishedYear) values (720, 'Barfi!', 9, 97, 57, 2002);
insert into Book (BookID, BookName, CategoryID, AuthorID, PublisherID, PublishedYear) values (721, 'Allegheny Uprising', 4, 59, 66, 1990);
insert into Book (BookID, BookName, CategoryID, AuthorID, PublisherID, PublishedYear) values (722, 'Othello (Tragedy of Othello: The Moor of Venice, The)', 5, 70, 99, 2010);
insert into Book (BookID, BookName, CategoryID, AuthorID, PublisherID, PublishedYear) values (723, 'Outbound (Periferic)', 5, 115, 48, 2003);
insert into Book (BookID, BookName, CategoryID, AuthorID, PublisherID, PublishedYear) values (724, 'Police Academy 2: Their First Assignment', 2, 80, 20, 2003);
insert into Book (BookID, BookName, CategoryID, AuthorID, PublisherID, PublishedYear) values (725, 'Jesse Stone: Sea Change', 8, 132, 70, 1991);
insert into Book (BookID, BookName, CategoryID, AuthorID, PublisherID, PublishedYear) values (726, 'Dead Alive (Braindead)', 7, 67, 76, 2003);
insert into Book (BookID, BookName, CategoryID, AuthorID, PublisherID, PublishedYear) values (727, 'Knack ...and How to Get It, The', 8, 139, 99, 2006);
insert into Book (BookID, BookName, CategoryID, AuthorID, PublisherID, PublishedYear) values (728, 'Torremolinos 73', 8, 188, 81, 1990);
insert into Book (BookID, BookName, CategoryID, AuthorID, PublisherID, PublishedYear) values (729, 'On Our Merry Way', 6, 139, 89, 2007);
insert into Book (BookID, BookName, CategoryID, AuthorID, PublisherID, PublishedYear) values (730, 'Timecop', 5, 116, 32, 2005);
insert into Book (BookID, BookName, CategoryID, AuthorID, PublisherID, PublishedYear) values (731, 'Beautiful Losers', 10, 4, 12, 1966);
insert into Book (BookID, BookName, CategoryID, AuthorID, PublisherID, PublishedYear) values (732, 'Slight Case of Murder, A', 3, 66, 8, 2003);
insert into Book (BookID, BookName, CategoryID, AuthorID, PublisherID, PublishedYear) values (733, 'The Substitute 2: School''s Out', 1, 91, 40, 2010);
insert into Book (BookID, BookName, CategoryID, AuthorID, PublisherID, PublishedYear) values (734, 'Treasure Island', 10, 86, 22, 2010);
insert into Book (BookID, BookName, CategoryID, AuthorID, PublisherID, PublishedYear) values (735, 'Orders Signed in White', 2, 21, 68, 2012);
insert into Book (BookID, BookName, CategoryID, AuthorID, PublisherID, PublishedYear) values (736, 'The Incident', 9, 81, 24, 2000);
insert into Book (BookID, BookName, CategoryID, AuthorID, PublisherID, PublishedYear) values (737, 'I''m the One That I Want', 10, 152, 41, 1998);
insert into Book (BookID, BookName, CategoryID, AuthorID, PublisherID, PublishedYear) values (738, 'Firaaq', 2, 30, 6, 2009);
insert into Book (BookID, BookName, CategoryID, AuthorID, PublisherID, PublishedYear) values (739, 'Capture of Bigfoot, The', 1, 84, 17, 1997);
insert into Book (BookID, BookName, CategoryID, AuthorID, PublisherID, PublishedYear) values (740, 'I Am Number Four', 3, 143, 85, 1989);
insert into Book (BookID, BookName, CategoryID, AuthorID, PublisherID, PublishedYear) values (741, 'Browning Version, The', 4, 2, 85, 1983);
insert into Book (BookID, BookName, CategoryID, AuthorID, PublisherID, PublishedYear) values (742, 'Neighbors', 1, 36, 15, 2003);
insert into Book (BookID, BookName, CategoryID, AuthorID, PublisherID, PublishedYear) values (743, 'Frostbitten (Frostbiten)', 3, 159, 66, 1993);
insert into Book (BookID, BookName, CategoryID, AuthorID, PublisherID, PublishedYear) values (744, 'Patience Stone, The', 6, 23, 47, 1994);
insert into Book (BookID, BookName, CategoryID, AuthorID, PublisherID, PublishedYear) values (745, 'Creature', 6, 130, 81, 2013);
insert into Book (BookID, BookName, CategoryID, AuthorID, PublisherID, PublishedYear) values (746, 'Klown: The Movie (Klovn)', 6, 196, 90, 2010);
insert into Book (BookID, BookName, CategoryID, AuthorID, PublisherID, PublishedYear) values (747, 'Hypnotist, The (Hypnotisren)', 9, 127, 95, 1999);
insert into Book (BookID, BookName, CategoryID, AuthorID, PublisherID, PublishedYear) values (748, 'Witches, The (aka Devil''s Own, The)', 6, 199, 47, 1996);
insert into Book (BookID, BookName, CategoryID, AuthorID, PublisherID, PublishedYear) values (749, 'Museum Hours', 3, 140, 31, 2011);
insert into Book (BookID, BookName, CategoryID, AuthorID, PublisherID, PublishedYear) values (750, 'Beyond the Fear', 2, 25, 2, 2010);
insert into Book (BookID, BookName, CategoryID, AuthorID, PublisherID, PublishedYear) values (751, 'Fearless', 9, 90, 74, 2003);
insert into Book (BookID, BookName, CategoryID, AuthorID, PublisherID, PublishedYear) values (752, 'Twilight Saga: New Moon, The', 4, 89, 10, 2010);
insert into Book (BookID, BookName, CategoryID, AuthorID, PublisherID, PublishedYear) values (753, 'Heavy Metal in Baghdad', 7, 175, 97, 1973);
insert into Book (BookID, BookName, CategoryID, AuthorID, PublisherID, PublishedYear) values (754, 'Sauna', 1, 83, 70, 2006);
insert into Book (BookID, BookName, CategoryID, AuthorID, PublisherID, PublishedYear) values (755, 'White Night (Hvid nat)', 2, 175, 59, 2005);
insert into Book (BookID, BookName, CategoryID, AuthorID, PublisherID, PublishedYear) values (756, 'Classic, The (Klassikko)', 4, 68, 62, 1997);
insert into Book (BookID, BookName, CategoryID, AuthorID, PublisherID, PublishedYear) values (757, 'Character (Karakter)', 5, 67, 97, 1995);
insert into Book (BookID, BookName, CategoryID, AuthorID, PublisherID, PublishedYear) values (758, 'Flicker', 3, 27, 92, 2007);
insert into Book (BookID, BookName, CategoryID, AuthorID, PublisherID, PublishedYear) values (759, 'Firecreek', 4, 144, 36, 2006);
insert into Book (BookID, BookName, CategoryID, AuthorID, PublisherID, PublishedYear) values (760, 'Kolmistaan', 8, 142, 3, 2004);
insert into Book (BookID, BookName, CategoryID, AuthorID, PublisherID, PublishedYear) values (761, 'Spontaneous Combustion', 2, 14, 65, 1991);
insert into Book (BookID, BookName, CategoryID, AuthorID, PublisherID, PublishedYear) values (762, 'Chunhyang', 6, 164, 64, 1984);
insert into Book (BookID, BookName, CategoryID, AuthorID, PublisherID, PublishedYear) values (763, 'Uprising', 9, 73, 53, 2001);
insert into Book (BookID, BookName, CategoryID, AuthorID, PublisherID, PublishedYear) values (764, 'King Kong Lives', 10, 84, 57, 1994);
insert into Book (BookID, BookName, CategoryID, AuthorID, PublisherID, PublishedYear) values (765, '3 Blind Mice', 3, 193, 80, 2006);
insert into Book (BookID, BookName, CategoryID, AuthorID, PublisherID, PublishedYear) values (766, 'Death Wish', 9, 11, 48, 2002);
insert into Book (BookID, BookName, CategoryID, AuthorID, PublisherID, PublishedYear) values (767, 'Four Christmases', 4, 69, 29, 1997);
insert into Book (BookID, BookName, CategoryID, AuthorID, PublisherID, PublishedYear) values (768, 'Lust for Gold (Duhul aurului)', 8, 175, 23, 2005);
insert into Book (BookID, BookName, CategoryID, AuthorID, PublisherID, PublishedYear) values (769, 'Sicilian, The', 5, 64, 33, 2007);
insert into Book (BookID, BookName, CategoryID, AuthorID, PublisherID, PublishedYear) values (770, 'Deadline', 7, 59, 22, 2005);
insert into Book (BookID, BookName, CategoryID, AuthorID, PublisherID, PublishedYear) values (771, 'Seven Brides for Seven Brothers', 2, 56, 9, 2003);
insert into Book (BookID, BookName, CategoryID, AuthorID, PublisherID, PublishedYear) values (772, 'Moustache, La', 3, 177, 76, 2008);
insert into Book (BookID, BookName, CategoryID, AuthorID, PublisherID, PublishedYear) values (773, 'Big Bad Mama', 6, 115, 32, 2000);
insert into Book (BookID, BookName, CategoryID, AuthorID, PublisherID, PublishedYear) values (774, 'Cardinal, The', 4, 161, 31, 2002);
insert into Book (BookID, BookName, CategoryID, AuthorID, PublisherID, PublishedYear) values (775, 'Mockingbird Don''t Sing', 10, 126, 21, 2005);
insert into Book (BookID, BookName, CategoryID, AuthorID, PublisherID, PublishedYear) values (776, 'My Bloody Valentine', 5, 155, 58, 1996);
insert into Book (BookID, BookName, CategoryID, AuthorID, PublisherID, PublishedYear) values (777, '10', 2, 57, 17, 2003);
insert into Book (BookID, BookName, CategoryID, AuthorID, PublisherID, PublishedYear) values (778, 'Warlords, The (Tau ming chong)', 6, 56, 17, 2005);
insert into Book (BookID, BookName, CategoryID, AuthorID, PublisherID, PublishedYear) values (779, 'Charlie Chan in Panama', 4, 106, 90, 2007);
insert into Book (BookID, BookName, CategoryID, AuthorID, PublisherID, PublishedYear) values (780, 'Silver Linings Playbook', 7, 78, 2, 1968);
insert into Book (BookID, BookName, CategoryID, AuthorID, PublisherID, PublishedYear) values (781, 'Fighting Seabees, The', 7, 14, 82, 1986);
insert into Book (BookID, BookName, CategoryID, AuthorID, PublisherID, PublishedYear) values (782, 'Mighty Joe Young', 5, 61, 55, 1998);
insert into Book (BookID, BookName, CategoryID, AuthorID, PublisherID, PublishedYear) values (783, 'Louis C.K.: Live at The Comedy Store', 3, 175, 63, 2000);
insert into Book (BookID, BookName, CategoryID, AuthorID, PublisherID, PublishedYear) values (784, 'Laggies', 5, 144, 46, 2011);
insert into Book (BookID, BookName, CategoryID, AuthorID, PublisherID, PublishedYear) values (785, 'Day They Robbed the Bank of England, The', 9, 79, 82, 1998);
insert into Book (BookID, BookName, CategoryID, AuthorID, PublisherID, PublishedYear) values (786, 'Informer, The', 9, 51, 96, 2010);
insert into Book (BookID, BookName, CategoryID, AuthorID, PublisherID, PublishedYear) values (787, 'His Kind of Woman', 2, 171, 37, 2012);
insert into Book (BookID, BookName, CategoryID, AuthorID, PublisherID, PublishedYear) values (788, 'High Tension (Haute tension) (Switchblade Romance)', 10, 65, 90, 1987);
insert into Book (BookID, BookName, CategoryID, AuthorID, PublisherID, PublishedYear) values (789, 'Cimarron Kid, The', 3, 121, 49, 2003);
insert into Book (BookID, BookName, CategoryID, AuthorID, PublisherID, PublishedYear) values (790, 'Forever Yours (Ikuisesti sinun)', 4, 113, 79, 2007);
insert into Book (BookID, BookName, CategoryID, AuthorID, PublisherID, PublishedYear) values (791, 'Generation Kill', 5, 60, 90, 2002);
insert into Book (BookID, BookName, CategoryID, AuthorID, PublisherID, PublishedYear) values (792, 'Muddy River', 3, 72, 22, 2008);
insert into Book (BookID, BookName, CategoryID, AuthorID, PublisherID, PublishedYear) values (793, 'Alice Doesn''t Live Here Anymore', 9, 173, 86, 2004);
insert into Book (BookID, BookName, CategoryID, AuthorID, PublisherID, PublishedYear) values (794, 'Fire and Ice', 1, 113, 8, 2010);
insert into Book (BookID, BookName, CategoryID, AuthorID, PublisherID, PublishedYear) values (795, 'Pot v raj', 3, 28, 39, 1994);
insert into Book (BookID, BookName, CategoryID, AuthorID, PublisherID, PublishedYear) values (796, 'China 9, Liberty 37 (Amore, piombo e furore)', 3, 79, 13, 2004);
insert into Book (BookID, BookName, CategoryID, AuthorID, PublisherID, PublishedYear) values (797, 'One Man Up (L''uomo in pi)', 7, 51, 35, 2008);
insert into Book (BookID, BookName, CategoryID, AuthorID, PublisherID, PublishedYear) values (798, 'Murder  la Mod', 10, 186, 97, 2008);
insert into Book (BookID, BookName, CategoryID, AuthorID, PublisherID, PublishedYear) values (799, 'Eight Iron Men', 5, 33, 54, 1999);
insert into Book (BookID, BookName, CategoryID, AuthorID, PublisherID, PublishedYear) values (800, 'Mea Maxima Culpa: Silence in the House of God', 10, 43, 93, 2002);
insert into Book (BookID, BookName, CategoryID, AuthorID, PublisherID, PublishedYear) values (801, 'Year of the Dragon', 1, 55, 70, 2009);
insert into Book (BookID, BookName, CategoryID, AuthorID, PublisherID, PublishedYear) values (802, 'Maniac', 2, 7, 7, 1988);
insert into Book (BookID, BookName, CategoryID, AuthorID, PublisherID, PublishedYear) values (803, 'Star Wars: Threads of Destiny', 1, 174, 26, 2010);
insert into Book (BookID, BookName, CategoryID, AuthorID, PublisherID, PublishedYear) values (804, 'Sun Also Rises, The', 10, 62, 40, 1991);
insert into Book (BookID, BookName, CategoryID, AuthorID, PublisherID, PublishedYear) values (805, 'The Kingdom of Dreams and Madness', 9, 151, 11, 1999);
insert into Book (BookID, BookName, CategoryID, AuthorID, PublisherID, PublishedYear) values (806, 'Tere Bin Laden', 4, 99, 38, 2002);
insert into Book (BookID, BookName, CategoryID, AuthorID, PublisherID, PublishedYear) values (807, 'Deceived', 9, 133, 63, 1997);
insert into Book (BookID, BookName, CategoryID, AuthorID, PublisherID, PublishedYear) values (808, 'Buttcrack', 1, 19, 47, 2008);
insert into Book (BookID, BookName, CategoryID, AuthorID, PublisherID, PublishedYear) values (809, 'Northerners, The (De noorderlingen)', 4, 161, 25, 2012);
insert into Book (BookID, BookName, CategoryID, AuthorID, PublisherID, PublishedYear) values (810, 'It Could Happen to You', 2, 25, 12, 2002);
insert into Book (BookID, BookName, CategoryID, AuthorID, PublisherID, PublishedYear) values (811, 'The Man Who Lived Again', 3, 155, 58, 1995);
insert into Book (BookID, BookName, CategoryID, AuthorID, PublisherID, PublishedYear) values (812, 'Walk on the Moon, A', 9, 191, 30, 2008);
insert into Book (BookID, BookName, CategoryID, AuthorID, PublisherID, PublishedYear) values (813, 'Dolphin Tale 2', 5, 184, 100, 1992);
insert into Book (BookID, BookName, CategoryID, AuthorID, PublisherID, PublishedYear) values (814, 'Lamerica', 7, 32, 54, 1998);
insert into Book (BookID, BookName, CategoryID, AuthorID, PublisherID, PublishedYear) values (815, 'Brken, The (a.k.a. Broken, The)', 6, 90, 86, 1996);
insert into Book (BookID, BookName, CategoryID, AuthorID, PublisherID, PublishedYear) values (816, 'Contagion', 9, 141, 35, 2001);
insert into Book (BookID, BookName, CategoryID, AuthorID, PublisherID, PublishedYear) values (817, 'Joy Ride 2: Dead Ahead', 2, 57, 56, 1996);
insert into Book (BookID, BookName, CategoryID, AuthorID, PublisherID, PublishedYear) values (818, 'Brubaker', 10, 45, 69, 2007);
insert into Book (BookID, BookName, CategoryID, AuthorID, PublisherID, PublishedYear) values (819, 'Foxfire', 5, 55, 45, 2008);
insert into Book (BookID, BookName, CategoryID, AuthorID, PublisherID, PublishedYear) values (820, 'Hillsborough', 10, 31, 59, 1995);
insert into Book (BookID, BookName, CategoryID, AuthorID, PublisherID, PublishedYear) values (821, 'THX 1138', 1, 188, 5, 1981);
insert into Book (BookID, BookName, CategoryID, AuthorID, PublisherID, PublishedYear) values (822, 'Late George Apley, The', 1, 27, 9, 1965);
insert into Book (BookID, BookName, CategoryID, AuthorID, PublisherID, PublishedYear) values (823, 'Elvis Meets Nixon', 4, 36, 32, 2005);
insert into Book (BookID, BookName, CategoryID, AuthorID, PublisherID, PublishedYear) values (824, 'Tycoon (Oligarkh)', 10, 155, 15, 1996);
insert into Book (BookID, BookName, CategoryID, AuthorID, PublisherID, PublishedYear) values (825, 'Equinox', 8, 46, 78, 1991);
insert into Book (BookID, BookName, CategoryID, AuthorID, PublisherID, PublishedYear) values (826, 'Sadness of Sex, The', 6, 198, 73, 1996);
insert into Book (BookID, BookName, CategoryID, AuthorID, PublisherID, PublishedYear) values (827, 'Split Second', 9, 135, 86, 2011);
insert into Book (BookID, BookName, CategoryID, AuthorID, PublisherID, PublishedYear) values (828, 'Women in Love', 3, 192, 59, 2002);
insert into Book (BookID, BookName, CategoryID, AuthorID, PublisherID, PublishedYear) values (829, 'Casa de mi Padre', 8, 144, 69, 1992);
insert into Book (BookID, BookName, CategoryID, AuthorID, PublisherID, PublishedYear) values (830, 'She Wouldn''t Say Yes', 2, 21, 19, 2004);
insert into Book (BookID, BookName, CategoryID, AuthorID, PublisherID, PublishedYear) values (831, 'Waiting Game, The', 2, 83, 24, 2008);
insert into Book (BookID, BookName, CategoryID, AuthorID, PublisherID, PublishedYear) values (832, 'Adventures of Power', 8, 80, 77, 1997);
insert into Book (BookID, BookName, CategoryID, AuthorID, PublisherID, PublishedYear) values (833, 'Snake of June, A (Rokugatsu no hebi)', 5, 78, 16, 2011);
insert into Book (BookID, BookName, CategoryID, AuthorID, PublisherID, PublishedYear) values (834, 'The Grump', 1, 151, 61, 2010);
insert into Book (BookID, BookName, CategoryID, AuthorID, PublisherID, PublishedYear) values (835, 'Deceivers, The', 1, 49, 17, 1992);
insert into Book (BookID, BookName, CategoryID, AuthorID, PublisherID, PublishedYear) values (836, 'Moth Diaries, The', 5, 48, 94, 1998);
insert into Book (BookID, BookName, CategoryID, AuthorID, PublisherID, PublishedYear) values (837, 'Tao of Steve, The', 3, 45, 50, 2011);
insert into Book (BookID, BookName, CategoryID, AuthorID, PublisherID, PublishedYear) values (838, 'Trainspotting', 6, 10, 6, 2008);
insert into Book (BookID, BookName, CategoryID, AuthorID, PublisherID, PublishedYear) values (839, 'Best of the Badmen', 1, 139, 28, 1986);
insert into Book (BookID, BookName, CategoryID, AuthorID, PublisherID, PublishedYear) values (840, 'Lodger, The', 2, 195, 100, 2006);
insert into Book (BookID, BookName, CategoryID, AuthorID, PublisherID, PublishedYear) values (841, 'Don''t Look Now: We''re Being Shot At (La grande vadrouille)', 7, 104, 94, 2006);
insert into Book (BookID, BookName, CategoryID, AuthorID, PublisherID, PublishedYear) values (842, 'Boy and His Dog, A', 8, 173, 15, 1988);
insert into Book (BookID, BookName, CategoryID, AuthorID, PublisherID, PublishedYear) values (843, 'Chasing Mavericks', 8, 44, 45, 1991);
insert into Book (BookID, BookName, CategoryID, AuthorID, PublisherID, PublishedYear) values (844, 'Dawn of the Dead', 1, 8, 13, 1988);
insert into Book (BookID, BookName, CategoryID, AuthorID, PublisherID, PublishedYear) values (845, 'Brothers, The', 9, 179, 8, 1999);
insert into Book (BookID, BookName, CategoryID, AuthorID, PublisherID, PublishedYear) values (846, 'Village, The', 4, 111, 50, 1990);
insert into Book (BookID, BookName, CategoryID, AuthorID, PublisherID, PublishedYear) values (847, 'Lasa y Zabala', 4, 15, 41, 1997);
insert into Book (BookID, BookName, CategoryID, AuthorID, PublisherID, PublishedYear) values (848, 'Illustrated Man, The', 1, 30, 74, 1990);
insert into Book (BookID, BookName, CategoryID, AuthorID, PublisherID, PublishedYear) values (849, 'Home from the Hill', 1, 145, 92, 2001);
insert into Book (BookID, BookName, CategoryID, AuthorID, PublisherID, PublishedYear) values (850, 'Bad Teacher', 1, 129, 64, 1998);
insert into Book (BookID, BookName, CategoryID, AuthorID, PublisherID, PublishedYear) values (851, 'Everybody''s Fine (Stanno tutti bene)', 7, 159, 100, 2002);
insert into Book (BookID, BookName, CategoryID, AuthorID, PublisherID, PublishedYear) values (852, 'Only God Knows (Slo Dios Sabe)', 8, 122, 53, 2007);
insert into Book (BookID, BookName, CategoryID, AuthorID, PublisherID, PublishedYear) values (853, 'Project Moon Base', 6, 167, 20, 2008);
insert into Book (BookID, BookName, CategoryID, AuthorID, PublisherID, PublishedYear) values (854, 'Silent World, The (Le monde du silence)', 8, 133, 59, 1993);
insert into Book (BookID, BookName, CategoryID, AuthorID, PublisherID, PublishedYear) values (855, 'Our Music (Notre musique)', 5, 116, 40, 1994);
insert into Book (BookID, BookName, CategoryID, AuthorID, PublisherID, PublishedYear) values (856, 'The War', 4, 115, 64, 1994);
insert into Book (BookID, BookName, CategoryID, AuthorID, PublisherID, PublishedYear) values (857, 'Summer by the River, A (Kuningasjtk)', 7, 148, 80, 2004);
insert into Book (BookID, BookName, CategoryID, AuthorID, PublisherID, PublishedYear) values (858, 'Woman Always Pays, The (Afgrunden) (Abyss, The)', 10, 149, 2, 1993);
insert into Book (BookID, BookName, CategoryID, AuthorID, PublisherID, PublishedYear) values (859, 'Gorko!', 3, 38, 98, 2009);
insert into Book (BookID, BookName, CategoryID, AuthorID, PublisherID, PublishedYear) values (860, 'Three Wishes', 6, 146, 41, 2011);
insert into Book (BookID, BookName, CategoryID, AuthorID, PublisherID, PublishedYear) values (861, 'Head Games', 6, 42, 100, 1996);
insert into Book (BookID, BookName, CategoryID, AuthorID, PublisherID, PublishedYear) values (862, 'Cold Prey (Fritt Vilt)', 9, 157, 47, 2009);
insert into Book (BookID, BookName, CategoryID, AuthorID, PublisherID, PublishedYear) values (863, 'Port of Shadows (Quai des brumes)', 10, 175, 35, 2003);
insert into Book (BookID, BookName, CategoryID, AuthorID, PublisherID, PublishedYear) values (864, 'Pariah', 6, 197, 83, 1993);
insert into Book (BookID, BookName, CategoryID, AuthorID, PublisherID, PublishedYear) values (865, 'Beijing Taxi', 7, 44, 60, 1984);
insert into Book (BookID, BookName, CategoryID, AuthorID, PublisherID, PublishedYear) values (866, 'Before Night Falls', 8, 160, 52, 2001);
insert into Book (BookID, BookName, CategoryID, AuthorID, PublisherID, PublishedYear) values (867, 'Superstar: The Karen Carpenter Story', 10, 24, 65, 1992);
insert into Book (BookID, BookName, CategoryID, AuthorID, PublisherID, PublishedYear) values (868, 'Chambermaid on the Titanic, The (Femme de chambre du Titanic, La)', 4, 7, 29, 2006);
insert into Book (BookID, BookName, CategoryID, AuthorID, PublisherID, PublishedYear) values (869, 'Alien Hunter', 4, 180, 50, 1986);
insert into Book (BookID, BookName, CategoryID, AuthorID, PublisherID, PublishedYear) values (870, 'Miss Pettigrew Lives for a Day', 2, 53, 37, 2008);
insert into Book (BookID, BookName, CategoryID, AuthorID, PublisherID, PublishedYear) values (871, 'Lovely Bones, The', 9, 97, 66, 2000);
insert into Book (BookID, BookName, CategoryID, AuthorID, PublisherID, PublishedYear) values (872, 'Rookie, The', 4, 113, 94, 2001);
insert into Book (BookID, BookName, CategoryID, AuthorID, PublisherID, PublishedYear) values (873, 'House of Flying Daggers (Shi mian mai fu)', 5, 118, 34, 1991);
insert into Book (BookID, BookName, CategoryID, AuthorID, PublisherID, PublishedYear) values (874, 'Cow, The (Gaav)', 6, 9, 99, 1996);
insert into Book (BookID, BookName, CategoryID, AuthorID, PublisherID, PublishedYear) values (875, 'It''s Kind of a Funny Story', 7, 93, 22, 1995);
insert into Book (BookID, BookName, CategoryID, AuthorID, PublisherID, PublishedYear) values (876, 'Professionals, The', 5, 13, 2, 1996);
insert into Book (BookID, BookName, CategoryID, AuthorID, PublisherID, PublishedYear) values (877, 'Beverly Hills Ninja', 6, 53, 38, 1999);
insert into Book (BookID, BookName, CategoryID, AuthorID, PublisherID, PublishedYear) values (878, 'Event, The', 8, 36, 44, 1996);
insert into Book (BookID, BookName, CategoryID, AuthorID, PublisherID, PublishedYear) values (879, 'Shame', 10, 94, 95, 1995);
insert into Book (BookID, BookName, CategoryID, AuthorID, PublisherID, PublishedYear) values (880, 'Crazy Thunder Road', 1, 187, 4, 2013);
insert into Book (BookID, BookName, CategoryID, AuthorID, PublisherID, PublishedYear) values (881, 'Irreversible (Irrversible)', 7, 35, 83, 1990);
insert into Book (BookID, BookName, CategoryID, AuthorID, PublisherID, PublishedYear) values (882, 'Guilty Hands', 6, 34, 95, 2000);
insert into Book (BookID, BookName, CategoryID, AuthorID, PublisherID, PublishedYear) values (883, 'Saint of Fort Washington, The', 8, 86, 58, 1998);
insert into Book (BookID, BookName, CategoryID, AuthorID, PublisherID, PublishedYear) values (884, 'Freedomfighters (Libertarias)', 10, 41, 58, 1994);
insert into Book (BookID, BookName, CategoryID, AuthorID, PublisherID, PublishedYear) values (885, 'Crime Wave', 4, 180, 100, 2008);
insert into Book (BookID, BookName, CategoryID, AuthorID, PublisherID, PublishedYear) values (886, 'Perfect Human, The (Perfekte Menneske, Det)', 6, 147, 52, 1994);
insert into Book (BookID, BookName, CategoryID, AuthorID, PublisherID, PublishedYear) values (887, 'For Pete''s Sake', 1, 48, 76, 2011);
insert into Book (BookID, BookName, CategoryID, AuthorID, PublisherID, PublishedYear) values (888, 'Eggs', 7, 133, 5, 2010);
insert into Book (BookID, BookName, CategoryID, AuthorID, PublisherID, PublishedYear) values (889, 'Glenn, the Flying Robot', 3, 167, 93, 2007);
insert into Book (BookID, BookName, CategoryID, AuthorID, PublisherID, PublishedYear) values (890, 'Take a Giant Step', 5, 192, 82, 2011);
insert into Book (BookID, BookName, CategoryID, AuthorID, PublisherID, PublishedYear) values (891, 'Junk Mail (Budbringeren)', 8, 134, 4, 2013);
insert into Book (BookID, BookName, CategoryID, AuthorID, PublisherID, PublishedYear) values (892, 'Indiana Jones and the Kingdom of the Crystal Skull', 9, 44, 86, 1994);
insert into Book (BookID, BookName, CategoryID, AuthorID, PublisherID, PublishedYear) values (893, 'New Wave (Nouvelle vague)', 2, 94, 80, 2006);
insert into Book (BookID, BookName, CategoryID, AuthorID, PublisherID, PublishedYear) values (894, 'Orphan', 6, 51, 48, 2002);
insert into Book (BookID, BookName, CategoryID, AuthorID, PublisherID, PublishedYear) values (895, 'Juliet of the Spirits (Giulietta degli spiriti)', 5, 112, 97, 1998);
insert into Book (BookID, BookName, CategoryID, AuthorID, PublisherID, PublishedYear) values (896, 'Marquis', 9, 176, 33, 2006);
insert into Book (BookID, BookName, CategoryID, AuthorID, PublisherID, PublishedYear) values (897, 'Living in Emergency: Stories of Doctors Without Borders', 2, 118, 76, 1993);
insert into Book (BookID, BookName, CategoryID, AuthorID, PublisherID, PublishedYear) values (898, 'The Time of Their Lives', 6, 67, 4, 1993);
insert into Book (BookID, BookName, CategoryID, AuthorID, PublisherID, PublishedYear) values (899, 'Sucker, The (Corniaud, Le)', 1, 179, 8, 1992);
insert into Book (BookID, BookName, CategoryID, AuthorID, PublisherID, PublishedYear) values (900, 'Just One of the Girls', 2, 30, 43, 2002);
insert into Book (BookID, BookName, CategoryID, AuthorID, PublisherID, PublishedYear) values (901, 'Machine, The', 1, 47, 53, 2007);
insert into Book (BookID, BookName, CategoryID, AuthorID, PublisherID, PublishedYear) values (902, 'Slaying the Badger', 8, 36, 78, 1998);
insert into Book (BookID, BookName, CategoryID, AuthorID, PublisherID, PublishedYear) values (903, 'Ultramarathon Man: 50 Marathons, 50 States, 50 Days', 10, 16, 56, 2011);
insert into Book (BookID, BookName, CategoryID, AuthorID, PublisherID, PublishedYear) values (904, 'Through a Glass Darkly (Ssom i en spegel)', 7, 42, 75, 1992);
insert into Book (BookID, BookName, CategoryID, AuthorID, PublisherID, PublishedYear) values (905, 'Night of the Ghouls', 10, 50, 40, 2007);
insert into Book (BookID, BookName, CategoryID, AuthorID, PublisherID, PublishedYear) values (906, 'Astro Boy', 6, 87, 78, 1996);
insert into Book (BookID, BookName, CategoryID, AuthorID, PublisherID, PublishedYear) values (907, 'To Die For', 2, 49, 20, 2005);
insert into Book (BookID, BookName, CategoryID, AuthorID, PublisherID, PublishedYear) values (908, 'Werewolf Boy, A (Neuk-dae-so-nyeon)', 8, 85, 46, 2011);
insert into Book (BookID, BookName, CategoryID, AuthorID, PublisherID, PublishedYear) values (909, 'Ministry of Fear', 10, 77, 68, 2007);
insert into Book (BookID, BookName, CategoryID, AuthorID, PublisherID, PublishedYear) values (910, 'Semi-Pro', 9, 166, 33, 1998);
insert into Book (BookID, BookName, CategoryID, AuthorID, PublisherID, PublishedYear) values (911, 'Music for One Apartment and Six Drummers', 1, 25, 35, 2005);
insert into Book (BookID, BookName, CategoryID, AuthorID, PublisherID, PublishedYear) values (912, 'Camino', 10, 91, 44, 1997);
insert into Book (BookID, BookName, CategoryID, AuthorID, PublisherID, PublishedYear) values (913, 'Tokyo Joe', 3, 180, 65, 1995);
insert into Book (BookID, BookName, CategoryID, AuthorID, PublisherID, PublishedYear) values (914, 'Chhoti Si Baat', 4, 23, 18, 1993);
insert into Book (BookID, BookName, CategoryID, AuthorID, PublisherID, PublishedYear) values (915, 'State of the Union', 10, 104, 94, 2010);
insert into Book (BookID, BookName, CategoryID, AuthorID, PublisherID, PublishedYear) values (916, 'Electile Dysfunction', 10, 167, 99, 2004);
insert into Book (BookID, BookName, CategoryID, AuthorID, PublisherID, PublishedYear) values (917, 'Black Swan', 3, 2, 4, 1998);
insert into Book (BookID, BookName, CategoryID, AuthorID, PublisherID, PublishedYear) values (918, 'Beast at Bay, A', 2, 109, 27, 2009);
insert into Book (BookID, BookName, CategoryID, AuthorID, PublisherID, PublishedYear) values (919, 'Away with Words (San tiao ren)', 5, 9, 46, 1993);
insert into Book (BookID, BookName, CategoryID, AuthorID, PublisherID, PublishedYear) values (920, 'Bank Dick, The', 8, 178, 42, 2013);
insert into Book (BookID, BookName, CategoryID, AuthorID, PublisherID, PublishedYear) values (921, 'Madness of King George, The', 1, 37, 11, 1992);
insert into Book (BookID, BookName, CategoryID, AuthorID, PublisherID, PublishedYear) values (922, 'Rock, The', 7, 169, 29, 2011);
insert into Book (BookID, BookName, CategoryID, AuthorID, PublisherID, PublishedYear) values (923, 'Doomsday Prophecy', 3, 150, 36, 2003);
insert into Book (BookID, BookName, CategoryID, AuthorID, PublisherID, PublishedYear) values (924, 'Harlan County U.S.A.', 3, 66, 81, 1996);
insert into Book (BookID, BookName, CategoryID, AuthorID, PublisherID, PublishedYear) values (925, 'Berserk: The Golden Age Arc - The Egg of the King', 5, 97, 26, 2012);
insert into Book (BookID, BookName, CategoryID, AuthorID, PublisherID, PublishedYear) values (926, 'My Best Enemy (Mi mejor enemigo)', 4, 97, 54, 2000);
insert into Book (BookID, BookName, CategoryID, AuthorID, PublisherID, PublishedYear) values (927, 'Lost Youth', 5, 139, 13, 2012);
insert into Book (BookID, BookName, CategoryID, AuthorID, PublisherID, PublishedYear) values (928, 'Ex Drummer', 8, 128, 20, 1995);
insert into Book (BookID, BookName, CategoryID, AuthorID, PublisherID, PublishedYear) values (929, 'Girl in the Red Velvet Swing, The', 9, 113, 51, 2007);
insert into Book (BookID, BookName, CategoryID, AuthorID, PublisherID, PublishedYear) values (930, 'Highlander: Endgame (Highlander IV)', 9, 88, 64, 1993);
insert into Book (BookID, BookName, CategoryID, AuthorID, PublisherID, PublishedYear) values (931, 'Blood Shot', 2, 52, 26, 2008);
insert into Book (BookID, BookName, CategoryID, AuthorID, PublisherID, PublishedYear) values (932, 'Deliverance Creek', 6, 40, 71, 1997);
insert into Book (BookID, BookName, CategoryID, AuthorID, PublisherID, PublishedYear) values (933, 'Jason Becker: Not Dead Yet', 8, 102, 78, 2004);
insert into Book (BookID, BookName, CategoryID, AuthorID, PublisherID, PublishedYear) values (934, 'Sometimes They Come Back', 2, 123, 16, 2006);
insert into Book (BookID, BookName, CategoryID, AuthorID, PublisherID, PublishedYear) values (935, 'Dallas: War of the Ewings', 1, 131, 36, 2006);
insert into Book (BookID, BookName, CategoryID, AuthorID, PublisherID, PublishedYear) values (936, 'Seventh Brother, The (A hetedik testvr)', 2, 173, 33, 1992);
insert into Book (BookID, BookName, CategoryID, AuthorID, PublisherID, PublishedYear) values (937, 'In Love and War', 9, 108, 13, 2003);
insert into Book (BookID, BookName, CategoryID, AuthorID, PublisherID, PublishedYear) values (938, 'Bring Me the Head of Alfredo Garcia', 3, 16, 35, 2008);
insert into Book (BookID, BookName, CategoryID, AuthorID, PublisherID, PublishedYear) values (939, 'American Ninja 3: Blood Hunt', 4, 165, 80, 1993);
insert into Book (BookID, BookName, CategoryID, AuthorID, PublisherID, PublishedYear) values (940, 'Notorious', 8, 143, 20, 2008);
insert into Book (BookID, BookName, CategoryID, AuthorID, PublisherID, PublishedYear) values (941, 'Blood Games ', 5, 165, 90, 1994);
insert into Book (BookID, BookName, CategoryID, AuthorID, PublisherID, PublishedYear) values (942, 'Things Behind the Sun', 3, 49, 71, 2008);
insert into Book (BookID, BookName, CategoryID, AuthorID, PublisherID, PublishedYear) values (943, 'Besotted', 3, 174, 9, 2003);
insert into Book (BookID, BookName, CategoryID, AuthorID, PublisherID, PublishedYear) values (944, 'Azumi 2: Death or Love', 5, 195, 78, 1993);
insert into Book (BookID, BookName, CategoryID, AuthorID, PublisherID, PublishedYear) values (945, 'Cookout, The', 2, 30, 16, 2005);
insert into Book (BookID, BookName, CategoryID, AuthorID, PublisherID, PublishedYear) values (946, 'Son of Lassie', 7, 23, 28, 1985);
insert into Book (BookID, BookName, CategoryID, AuthorID, PublisherID, PublishedYear) values (947, 'Clean and Sober', 10, 132, 94, 1996);
insert into Book (BookID, BookName, CategoryID, AuthorID, PublisherID, PublishedYear) values (948, 'Zatoichi in Desperation (Shin Zatichi monogatari: Oreta tsue) (Zatichi 24)', 8, 167, 84, 1995);
insert into Book (BookID, BookName, CategoryID, AuthorID, PublisherID, PublishedYear) values (949, 'Return of the Living Dead: Necropolis', 10, 140, 71, 2005);
insert into Book (BookID, BookName, CategoryID, AuthorID, PublisherID, PublishedYear) values (950, 'Last House on the Left, The', 7, 131, 99, 1995);
insert into Book (BookID, BookName, CategoryID, AuthorID, PublisherID, PublishedYear) values (951, 'Nothing But Ghosts (Nichts als Gespenster)', 10, 65, 4, 1994);
insert into Book (BookID, BookName, CategoryID, AuthorID, PublisherID, PublishedYear) values (952, 'Fatty and Mabel Adrift', 3, 72, 34, 2012);
insert into Book (BookID, BookName, CategoryID, AuthorID, PublisherID, PublishedYear) values (953, 'Blind Date', 5, 181, 98, 1986);
insert into Book (BookID, BookName, CategoryID, AuthorID, PublisherID, PublishedYear) values (954, 'Charlie Chan''s Greatest Case', 2, 117, 23, 2005);
insert into Book (BookID, BookName, CategoryID, AuthorID, PublisherID, PublishedYear) values (955, 'Satan''s Sword II (Daibosatsu toge: Ryujin no maki)', 1, 59, 78, 2010);
insert into Book (BookID, BookName, CategoryID, AuthorID, PublisherID, PublishedYear) values (956, 'Big Steal, The', 6, 183, 70, 2007);
insert into Book (BookID, BookName, CategoryID, AuthorID, PublisherID, PublishedYear) values (957, 'Over Her Dead Body', 9, 170, 12, 2005);
insert into Book (BookID, BookName, CategoryID, AuthorID, PublisherID, PublishedYear) values (958, 'Other Dream Team, The', 7, 130, 1, 1997);
insert into Book (BookID, BookName, CategoryID, AuthorID, PublisherID, PublishedYear) values (959, 'After Fall, Winter', 10, 11, 49, 2012);
insert into Book (BookID, BookName, CategoryID, AuthorID, PublisherID, PublishedYear) values (960, 'Story of Three Loves, The', 6, 164, 70, 1995);
insert into Book (BookID, BookName, CategoryID, AuthorID, PublisherID, PublishedYear) values (961, 'Galaxy Invader, The', 4, 118, 26, 2006);
insert into Book (BookID, BookName, CategoryID, AuthorID, PublisherID, PublishedYear) values (962, 'Seduction of Joe Tynan, The', 3, 34, 15, 2007);
insert into Book (BookID, BookName, CategoryID, AuthorID, PublisherID, PublishedYear) values (963, 'Jiminy Glick in La La Wood', 7, 142, 21, 2009);
insert into Book (BookID, BookName, CategoryID, AuthorID, PublisherID, PublishedYear) values (964, 'Minnie and Moskowitz', 6, 9, 29, 2008);
insert into Book (BookID, BookName, CategoryID, AuthorID, PublisherID, PublishedYear) values (965, 'Shattered Image', 3, 55, 70, 1994);
insert into Book (BookID, BookName, CategoryID, AuthorID, PublisherID, PublishedYear) values (966, 'Harry Potter and the Goblet of Fire', 9, 2, 37, 2005);
insert into Book (BookID, BookName, CategoryID, AuthorID, PublisherID, PublishedYear) values (967, 'Employees Leaving the Lumire Factory', 6, 124, 16, 2008);
insert into Book (BookID, BookName, CategoryID, AuthorID, PublisherID, PublishedYear) values (968, 'Non-Stop', 3, 167, 36, 1997);
insert into Book (BookID, BookName, CategoryID, AuthorID, PublisherID, PublishedYear) values (969, 'Monster Walks, The', 10, 67, 93, 2005);
insert into Book (BookID, BookName, CategoryID, AuthorID, PublisherID, PublishedYear) values (970, 'Enemy of the People, An', 10, 50, 34, 1999);
insert into Book (BookID, BookName, CategoryID, AuthorID, PublisherID, PublishedYear) values (971, 'I''m All Right Jack', 10, 61, 16, 2011);
insert into Book (BookID, BookName, CategoryID, AuthorID, PublisherID, PublishedYear) values (972, 'Torso', 8, 145, 12, 1992);
insert into Book (BookID, BookName, CategoryID, AuthorID, PublisherID, PublishedYear) values (973, 'Every Little Step', 9, 196, 73, 2008);
insert into Book (BookID, BookName, CategoryID, AuthorID, PublisherID, PublishedYear) values (974, 'God Said ''Ha!''', 2, 181, 96, 2012);
insert into Book (BookID, BookName, CategoryID, AuthorID, PublisherID, PublishedYear) values (975, 'Jim Thorpe -- All-American', 1, 58, 60, 2006);
insert into Book (BookID, BookName, CategoryID, AuthorID, PublisherID, PublishedYear) values (976, 'Nine Dead', 7, 189, 72, 2002);
insert into Book (BookID, BookName, CategoryID, AuthorID, PublisherID, PublishedYear) values (977, 'Zatoichi and the Chest of Gold (Zatichi senry-kubi) (Zatichi 6)', 2, 54, 10, 1993);
insert into Book (BookID, BookName, CategoryID, AuthorID, PublisherID, PublishedYear) values (978, 'Crime of Passion', 3, 18, 85, 1999);
insert into Book (BookID, BookName, CategoryID, AuthorID, PublisherID, PublishedYear) values (979, 'Darling', 4, 1, 46, 2011);
insert into Book (BookID, BookName, CategoryID, AuthorID, PublisherID, PublishedYear) values (980, 'The Golden Cage', 7, 35, 99, 2011);
insert into Book (BookID, BookName, CategoryID, AuthorID, PublisherID, PublishedYear) values (981, 'Vernon, Florida', 5, 25, 15, 2007);
insert into Book (BookID, BookName, CategoryID, AuthorID, PublisherID, PublishedYear) values (982, 'V.I.P.s, The', 7, 72, 95, 1991);
insert into Book (BookID, BookName, CategoryID, AuthorID, PublisherID, PublishedYear) values (983, 'Nightwatch', 3, 28, 43, 1998);
insert into Book (BookID, BookName, CategoryID, AuthorID, PublisherID, PublishedYear) values (984, 'Just love me (Tylko mnie kochaj)', 2, 129, 13, 2008);
insert into Book (BookID, BookName, CategoryID, AuthorID, PublisherID, PublishedYear) values (985, 'New Orleans Uncensored', 3, 124, 62, 2008);
insert into Book (BookID, BookName, CategoryID, AuthorID, PublisherID, PublishedYear) values (986, 'Love''s Kitchen', 4, 175, 52, 2005);
insert into Book (BookID, BookName, CategoryID, AuthorID, PublisherID, PublishedYear) values (987, 'Sam''s Song', 9, 185, 97, 1997);
insert into Book (BookID, BookName, CategoryID, AuthorID, PublisherID, PublishedYear) values (988, 'Tarantula', 3, 181, 35, 2012);
insert into Book (BookID, BookName, CategoryID, AuthorID, PublisherID, PublishedYear) values (989, 'Interior. Leather Bar.', 1, 177, 48, 2003);
insert into Book (BookID, BookName, CategoryID, AuthorID, PublisherID, PublishedYear) values (990, 'Gun Woman', 3, 52, 99, 1993);
insert into Book (BookID, BookName, CategoryID, AuthorID, PublisherID, PublishedYear) values (991, 'Year One, The (L''an 01)', 8, 200, 80, 2004);
insert into Book (BookID, BookName, CategoryID, AuthorID, PublisherID, PublishedYear) values (992, 'Bugs Bunny / Road Runner Movie, The (a.k.a. The Great American Chase)', 9, 152, 73, 1992);
insert into Book (BookID, BookName, CategoryID, AuthorID, PublisherID, PublishedYear) values (993, 'Conspirators of Pleasure (Spiklenci slasti)', 9, 4, 73, 1976);
insert into Book (BookID, BookName, CategoryID, AuthorID, PublisherID, PublishedYear) values (994, 'Red White & Blue', 9, 191, 19, 1991);
insert into Book (BookID, BookName, CategoryID, AuthorID, PublisherID, PublishedYear) values (995, 'Assassin of the Tsar', 1, 114, 63, 1986);
insert into Book (BookID, BookName, CategoryID, AuthorID, PublisherID, PublishedYear) values (996, 'Castle in the Desert (Charlie Chan in Castle in the Desert)', 8, 81, 52, 2004);
insert into Book (BookID, BookName, CategoryID, AuthorID, PublisherID, PublishedYear) values (997, 'Queen and I, The (Drottningen och jag)', 8, 184, 8, 1999);
insert into Book (BookID, BookName, CategoryID, AuthorID, PublisherID, PublishedYear) values (998, 'By the Gun', 6, 116, 26, 2004);
insert into Book (BookID, BookName, CategoryID, AuthorID, PublisherID, PublishedYear) values (999, 'Smiling Fish and Goat on Fire', 6, 49, 29, 2004);
insert into Book (BookID, BookName, CategoryID, AuthorID, PublisherID, PublishedYear) values (1000, 'Alex Cross', 2, 132, 64, 1999);


insert into Staff (StaffID, StaffName, BirthDate, PhoneNumber, Username) values (1, 'Lory Danzey', '12/16/2004', '194-934-1420', 'lgillott1');
insert into Staff (StaffID, StaffName, BirthDate, PhoneNumber, Username) values (2, 'Mitchael Rotherham', '06/09/2004', '842-485-8658', 'cplaidg');
insert into Staff (StaffID, StaffName, BirthDate, PhoneNumber, Username) values (3, 'Rosita Bleything', '12/20/2004', '895-360-3332', 'lschulkins19');
insert into Staff (StaffID, StaffName, BirthDate, PhoneNumber, Username) values (4, 'Feodor Campione', '02/10/2004', '832-817-1006', 'nlimer1j');
insert into Staff (StaffID, StaffName, BirthDate, PhoneNumber, Username) values (5, 'Deane McGonigal', '07/10/2004', '719-928-3006', 'doager1k');
insert into Staff (StaffID, StaffName, BirthDate, PhoneNumber, Username) values (6, 'Orazio Rockwill', '05/19/2004', '323-710-0559', 'bmaccarroll1o');
insert into Staff (StaffID, StaffName, BirthDate, PhoneNumber, Username) values (7, 'Josie Bilverstone', '11/30/2004', '999-349-4092', 'xgossop1s');
insert into Staff (StaffID, StaffName, BirthDate, PhoneNumber, Username) values (8, 'Fae Bilofsky', '03/12/2004', '877-505-9913', 'tfaulds22');
insert into Staff (StaffID, StaffName, BirthDate, PhoneNumber, Username) values (9, 'Germaine Vasiliu', '06/20/2004', '131-194-3286', 'stomblings25');
insert into Staff (StaffID, StaffName, BirthDate, PhoneNumber, Username) values (10, 'Bebe Bruno', '10/27/2004', '400-235-4027', 'astute2h');

insert into LibraryCard (CardID, StartDate, ExpiryDate) values (1, '5/19/2021', '10/22/2025');
insert into LibraryCard (CardID, StartDate, ExpiryDate) values (2, '10/4/2021', '04/20/2025');
insert into LibraryCard (CardID, StartDate, ExpiryDate) values (3, '3/8/2021', '10/04/2025');
insert into LibraryCard (CardID, StartDate, ExpiryDate) values (4, '9/22/2021', '07/02/2025');
insert into LibraryCard (CardID, StartDate, ExpiryDate) values (5, '9/26/2021', '12/31/2025');
insert into LibraryCard (CardID, StartDate, ExpiryDate) values (6, '9/14/2021', '06/12/2025');
insert into LibraryCard (CardID, StartDate, ExpiryDate) values (7, '3/26/2021', '05/04/2025');
insert into LibraryCard (CardID, StartDate, ExpiryDate) values (8, '1/2/2021', '03/28/2025');
insert into LibraryCard (CardID, StartDate, ExpiryDate) values (9, '3/21/2021', '01/28/2025');
insert into LibraryCard (CardID, StartDate, ExpiryDate) values (10, '4/2/2021', '11/27/2025');
insert into LibraryCard (CardID, StartDate, ExpiryDate) values (11, '12/2/2020', '05/28/2025');
insert into LibraryCard (CardID, StartDate, ExpiryDate) values (12, '9/4/2021', '09/01/2025');
insert into LibraryCard (CardID, StartDate, ExpiryDate) values (13, '8/4/2021', '02/13/2025');
insert into LibraryCard (CardID, StartDate, ExpiryDate) values (14, '9/13/2021', '06/20/2025');
insert into LibraryCard (CardID, StartDate, ExpiryDate) values (15, '1/7/2021', '06/16/2025');
insert into LibraryCard (CardID, StartDate, ExpiryDate) values (16, '7/9/2021', '07/17/2025');
insert into LibraryCard (CardID, StartDate, ExpiryDate) values (17, '9/28/2021', '08/06/2025');
insert into LibraryCard (CardID, StartDate, ExpiryDate) values (18, '8/21/2021', '12/06/2025');
insert into LibraryCard (CardID, StartDate, ExpiryDate) values (19, '10/22/2021', '07/07/2025');
insert into LibraryCard (CardID, StartDate, ExpiryDate) values (20, '11/9/2021', '11/05/2025');
insert into LibraryCard (CardID, StartDate, ExpiryDate) values (21, '3/31/2021', '11/23/2025');
insert into LibraryCard (CardID, StartDate, ExpiryDate) values (22, '8/19/2021', '10/19/2025');
insert into LibraryCard (CardID, StartDate, ExpiryDate) values (23, '10/5/2021', '06/28/2025');
insert into LibraryCard (CardID, StartDate, ExpiryDate) values (24, '10/19/2021', '11/05/2025');
insert into LibraryCard (CardID, StartDate, ExpiryDate) values (25, '1/4/2021', '12/01/2025');
insert into LibraryCard (CardID, StartDate, ExpiryDate) values (26, '10/24/2021', '08/22/2025');
insert into LibraryCard (CardID, StartDate, ExpiryDate) values (27, '2/14/2021', '07/18/2025');
insert into LibraryCard (CardID, StartDate, ExpiryDate) values (28, '1/26/2021', '11/18/2025');
insert into LibraryCard (CardID, StartDate, ExpiryDate) values (29, '11/26/2021', '04/24/2025');
insert into LibraryCard (CardID, StartDate, ExpiryDate) values (30, '10/19/2021', '01/07/2025');
insert into LibraryCard (CardID, StartDate, ExpiryDate) values (31, '2/28/2021', '11/19/2025');
insert into LibraryCard (CardID, StartDate, ExpiryDate) values (32, '7/5/2021', '04/11/2025');
insert into LibraryCard (CardID, StartDate, ExpiryDate) values (33, '8/3/2021', '01/12/2025');
insert into LibraryCard (CardID, StartDate, ExpiryDate) values (34, '7/14/2021', '04/19/2025');
insert into LibraryCard (CardID, StartDate, ExpiryDate) values (35, '9/24/2021', '03/10/2025');
insert into LibraryCard (CardID, StartDate, ExpiryDate) values (36, '6/24/2021', '09/03/2025');
insert into LibraryCard (CardID, StartDate, ExpiryDate) values (37, '10/10/2021', '06/26/2025');
insert into LibraryCard (CardID, StartDate, ExpiryDate) values (38, '7/8/2021', '09/27/2025');
insert into LibraryCard (CardID, StartDate, ExpiryDate) values (39, '10/8/2021', '11/18/2025');
insert into LibraryCard (CardID, StartDate, ExpiryDate) values (40, '3/5/2021', '02/15/2025');
insert into LibraryCard (CardID, StartDate, ExpiryDate) values (41, '2/24/2021', '08/03/2025');
insert into LibraryCard (CardID, StartDate, ExpiryDate) values (42, '3/24/2021', '12/14/2025');
insert into LibraryCard (CardID, StartDate, ExpiryDate) values (43, '8/5/2021', '12/10/2025');
insert into LibraryCard (CardID, StartDate, ExpiryDate) values (44, '12/29/2020', '10/06/2025');
insert into LibraryCard (CardID, StartDate, ExpiryDate) values (45, '1/13/2021', '04/04/2025');
insert into LibraryCard (CardID, StartDate, ExpiryDate) values (46, '6/4/2021', '09/20/2025');
insert into LibraryCard (CardID, StartDate, ExpiryDate) values (47, '3/11/2021', '12/16/2025');
insert into LibraryCard (CardID, StartDate, ExpiryDate) values (48, '8/29/2021', '08/16/2025');
insert into LibraryCard (CardID, StartDate, ExpiryDate) values (49, '9/7/2021', '02/01/2025');
insert into LibraryCard (CardID, StartDate, ExpiryDate) values (50, '5/16/2021', '08/21/2025');
insert into LibraryCard (CardID, StartDate, ExpiryDate) values (51, '10/8/2021', '09/26/2025');
insert into LibraryCard (CardID, StartDate, ExpiryDate) values (52, '12/4/2020', '04/21/2025');
insert into LibraryCard (CardID, StartDate, ExpiryDate) values (53, '12/19/2020', '09/14/2025');
insert into LibraryCard (CardID, StartDate, ExpiryDate) values (54, '10/9/2021', '04/23/2025');
insert into LibraryCard (CardID, StartDate, ExpiryDate) values (55, '2/14/2021', '08/12/2025');
insert into LibraryCard (CardID, StartDate, ExpiryDate) values (56, '7/18/2021', '03/06/2025');
insert into LibraryCard (CardID, StartDate, ExpiryDate) values (57, '11/22/2021', '09/09/2025');
insert into LibraryCard (CardID, StartDate, ExpiryDate) values (58, '7/8/2021', '07/23/2025');
insert into LibraryCard (CardID, StartDate, ExpiryDate) values (59, '11/7/2021', '05/03/2025');
insert into LibraryCard (CardID, StartDate, ExpiryDate) values (60, '9/3/2021', '09/24/2025');
insert into LibraryCard (CardID, StartDate, ExpiryDate) values (61, '1/6/2021', '03/20/2025');
insert into LibraryCard (CardID, StartDate, ExpiryDate) values (62, '1/18/2021', '04/07/2025');
insert into LibraryCard (CardID, StartDate, ExpiryDate) values (63, '10/15/2021', '03/23/2025');
insert into LibraryCard (CardID, StartDate, ExpiryDate) values (64, '10/25/2021', '02/09/2025');
insert into LibraryCard (CardID, StartDate, ExpiryDate) values (65, '4/29/2021', '04/14/2025');
insert into LibraryCard (CardID, StartDate, ExpiryDate) values (66, '9/15/2021', '08/08/2025');
insert into LibraryCard (CardID, StartDate, ExpiryDate) values (67, '9/15/2021', '11/09/2025');
insert into LibraryCard (CardID, StartDate, ExpiryDate) values (68, '2/20/2021', '05/31/2025');
insert into LibraryCard (CardID, StartDate, ExpiryDate) values (69, '10/3/2021', '02/03/2025');
insert into LibraryCard (CardID, StartDate, ExpiryDate) values (70, '7/20/2021', '10/31/2025');
insert into LibraryCard (CardID, StartDate, ExpiryDate) values (71, '10/24/2021', '12/22/2025');
insert into LibraryCard (CardID, StartDate, ExpiryDate) values (72, '12/15/2020', '12/18/2025');
insert into LibraryCard (CardID, StartDate, ExpiryDate) values (73, '8/30/2021', '04/07/2025');
insert into LibraryCard (CardID, StartDate, ExpiryDate) values (74, '1/22/2021', '06/01/2025');
insert into LibraryCard (CardID, StartDate, ExpiryDate) values (75, '6/28/2021', '12/19/2025');
insert into LibraryCard (CardID, StartDate, ExpiryDate) values (76, '1/9/2021', '12/27/2025');
insert into LibraryCard (CardID, StartDate, ExpiryDate) values (77, '1/1/2021', '02/22/2025');
insert into LibraryCard (CardID, StartDate, ExpiryDate) values (78, '9/26/2021', '05/12/2025');
insert into LibraryCard (CardID, StartDate, ExpiryDate) values (79, '8/22/2021', '06/23/2025');
insert into LibraryCard (CardID, StartDate, ExpiryDate) values (80, '5/2/2021', '01/11/2025');
insert into LibraryCard (CardID, StartDate, ExpiryDate) values (81, '7/25/2021', '11/02/2025');
insert into LibraryCard (CardID, StartDate, ExpiryDate) values (82, '8/16/2021', '05/10/2025');
insert into LibraryCard (CardID, StartDate, ExpiryDate) values (83, '10/19/2021', '11/03/2025');
insert into LibraryCard (CardID, StartDate, ExpiryDate) values (84, '4/15/2021', '04/07/2025');
insert into LibraryCard (CardID, StartDate, ExpiryDate) values (85, '5/9/2021', '05/15/2025');
insert into LibraryCard (CardID, StartDate, ExpiryDate) values (86, '2/28/2021', '03/05/2025');
insert into LibraryCard (CardID, StartDate, ExpiryDate) values (87, '5/6/2021', '07/12/2025');
insert into LibraryCard (CardID, StartDate, ExpiryDate) values (88, '8/16/2021', '01/19/2025');
insert into LibraryCard (CardID, StartDate, ExpiryDate) values (89, '6/24/2021', '03/17/2025');
insert into LibraryCard (CardID, StartDate, ExpiryDate) values (90, '5/1/2021', '02/26/2025');
insert into LibraryCard (CardID, StartDate, ExpiryDate) values (91, '7/9/2021', '07/21/2025');
insert into LibraryCard (CardID, StartDate, ExpiryDate) values (92, '10/3/2021', '04/15/2025');
insert into LibraryCard (CardID, StartDate, ExpiryDate) values (93, '12/29/2020', '01/31/2025');
insert into LibraryCard (CardID, StartDate, ExpiryDate) values (94, '4/29/2021', '05/12/2025');
insert into LibraryCard (CardID, StartDate, ExpiryDate) values (95, '10/19/2021', '01/10/2025');
insert into LibraryCard (CardID, StartDate, ExpiryDate) values (96, '6/15/2021', '08/01/2025');
insert into LibraryCard (CardID, StartDate, ExpiryDate) values (97, '5/7/2021', '12/06/2025');
insert into LibraryCard (CardID, StartDate, ExpiryDate) values (98, '10/8/2021', '12/07/2025');
insert into LibraryCard (CardID, StartDate, ExpiryDate) values (99, '2/8/2021', '09/16/2025');
insert into LibraryCard (CardID, StartDate, ExpiryDate) values (100, '5/22/2021', '08/26/2025');

insert into Reader (ReaderID, ReaderName, Address, PhoneNumber, LibraryCardID) values (1, 'Rhea Dennerly', '91461 Vahlen Alley', '557-979-6612', 1);
insert into Reader (ReaderID, ReaderName, Address, PhoneNumber, LibraryCardID) values (2, 'Conrado Panton', '6882 Lawn Place', '817-454-2386', 2);
insert into Reader (ReaderID, ReaderName, Address, PhoneNumber, LibraryCardID) values (3, 'Hildagarde Selby', '0222 Derek Avenue', '343-533-0108', 3);
insert into Reader (ReaderID, ReaderName, Address, PhoneNumber, LibraryCardID) values (4, 'Laure Itzkov', '55266 Warrior Street', '928-934-6781', 4);
insert into Reader (ReaderID, ReaderName, Address, PhoneNumber, LibraryCardID) values (5, 'Kippie Zanassi', '18200 Manitowish Place', '106-920-5475', 5);
insert into Reader (ReaderID, ReaderName, Address, PhoneNumber, LibraryCardID) values (6, 'Jeannine Gaskins', '7 Quincy Crossing', '548-942-3340', 6);
insert into Reader (ReaderID, ReaderName, Address, PhoneNumber, LibraryCardID) values (7, 'Lola Casero', '0858 Browning Way', '649-819-6174', 7);
insert into Reader (ReaderID, ReaderName, Address, PhoneNumber, LibraryCardID) values (8, 'Pierson McKellar', '3 Arizona Alley', '884-721-4775', 8);
insert into Reader (ReaderID, ReaderName, Address, PhoneNumber, LibraryCardID) values (9, 'Artie Beves', '2197 Hoffman Junction', '872-584-1174', 9);
insert into Reader (ReaderID, ReaderName, Address, PhoneNumber, LibraryCardID) values (10, 'Kyle Davenhill', '8877 Russell Plaza', '447-947-1167', 10);
insert into Reader (ReaderID, ReaderName, Address, PhoneNumber, LibraryCardID) values (11, 'Jermaine Skewes', '0 Comanche Junction', '559-539-1673', 11);
insert into Reader (ReaderID, ReaderName, Address, PhoneNumber, LibraryCardID) values (12, 'Claus Savege', '20 Fuller Court', '735-244-6861', 12);
insert into Reader (ReaderID, ReaderName, Address, PhoneNumber, LibraryCardID) values (13, 'Winnie Mucklow', '6108 Lillian Center', '862-788-7397', 13);
insert into Reader (ReaderID, ReaderName, Address, PhoneNumber, LibraryCardID) values (14, 'Clea Braunton', '982 Bultman Drive', '671-113-1657', 14);
insert into Reader (ReaderID, ReaderName, Address, PhoneNumber, LibraryCardID) values (15, 'Josefina Chase', '64 Hazelcrest Trail', '539-696-2088', 15);
insert into Reader (ReaderID, ReaderName, Address, PhoneNumber, LibraryCardID) values (16, 'Genevieve Uden', '3 Eagan Hill', '440-652-5957', 16);
insert into Reader (ReaderID, ReaderName, Address, PhoneNumber, LibraryCardID) values (17, 'Durant Fellnee', '4 Killdeer Plaza', '721-480-0919', 17);
insert into Reader (ReaderID, ReaderName, Address, PhoneNumber, LibraryCardID) values (18, 'Hamid Dyte', '06500 East Court', '610-438-0742', 18);
insert into Reader (ReaderID, ReaderName, Address, PhoneNumber, LibraryCardID) values (19, 'Felicia Briton', '9364 Fordem Avenue', '723-655-4218', 19);
insert into Reader (ReaderID, ReaderName, Address, PhoneNumber, LibraryCardID) values (20, 'Millisent Meconi', '4796 Stone Corner Street', '125-626-8427', 20);
insert into Reader (ReaderID, ReaderName, Address, PhoneNumber, LibraryCardID) values (21, 'Tomlin Drepp', '57614 Trailsway Street', '636-748-4101', 21);
insert into Reader (ReaderID, ReaderName, Address, PhoneNumber, LibraryCardID) values (22, 'Griz MacCracken', '360 Eggendart Court', '336-848-5215', 22);
insert into Reader (ReaderID, ReaderName, Address, PhoneNumber, LibraryCardID) values (23, 'Correy Rapelli', '0016 Eastlawn Drive', '788-185-6162', 23);
insert into Reader (ReaderID, ReaderName, Address, PhoneNumber, LibraryCardID) values (24, 'Doe Priditt', '6 Bonner Terrace', '173-210-8547', 24);
insert into Reader (ReaderID, ReaderName, Address, PhoneNumber, LibraryCardID) values (25, 'Cesare Churchin', '8710 Sugar Lane', '212-292-9254', 25);
insert into Reader (ReaderID, ReaderName, Address, PhoneNumber, LibraryCardID) values (26, 'Teena Kilfether', '0 Dawn Road', '985-865-6790', 26);
insert into Reader (ReaderID, ReaderName, Address, PhoneNumber, LibraryCardID) values (27, 'Elsa Matyukon', '9750 Briar Crest Way', '557-890-9906', 27);
insert into Reader (ReaderID, ReaderName, Address, PhoneNumber, LibraryCardID) values (28, 'Delly Prynne', '40880 Main Circle', '122-433-4658', 28);
insert into Reader (ReaderID, ReaderName, Address, PhoneNumber, LibraryCardID) values (29, 'Kent Simonsson', '533 Ilene Street', '274-590-4966', 29);
insert into Reader (ReaderID, ReaderName, Address, PhoneNumber, LibraryCardID) values (30, 'Jerri Twiggs', '31 Holmberg Center', '106-950-0294', 30);
insert into Reader (ReaderID, ReaderName, Address, PhoneNumber, LibraryCardID) values (31, 'Laird McKellen', '23 Gerald Plaza', '148-253-9649', 31);
insert into Reader (ReaderID, ReaderName, Address, PhoneNumber, LibraryCardID) values (32, 'Kyrstin Cristofalo', '3 Randy Circle', '967-793-9934', 32);
insert into Reader (ReaderID, ReaderName, Address, PhoneNumber, LibraryCardID) values (33, 'Petey Boffey', '496 Drewry Crossing', '601-342-0127', 33);
insert into Reader (ReaderID, ReaderName, Address, PhoneNumber, LibraryCardID) values (34, 'Pierre Surpliss', '1 Sundown Crossing', '509-176-1116', 34);
insert into Reader (ReaderID, ReaderName, Address, PhoneNumber, LibraryCardID) values (35, 'Gage Tosney', '6 Waywood Court', '950-193-0886', 35);
insert into Reader (ReaderID, ReaderName, Address, PhoneNumber, LibraryCardID) values (36, 'Web Quest', '86770 Algoma Crossing', '178-299-9156', 36);
insert into Reader (ReaderID, ReaderName, Address, PhoneNumber, LibraryCardID) values (37, 'Stanfield Boutcher', '668 Merrick Avenue', '103-984-7336', 37);
insert into Reader (ReaderID, ReaderName, Address, PhoneNumber, LibraryCardID) values (38, 'Frannie Littlemore', '90828 Bowman Junction', '821-209-2828', 38);
insert into Reader (ReaderID, ReaderName, Address, PhoneNumber, LibraryCardID) values (39, 'Gonzalo Snodin', '25 Monica Junction', '358-158-3506', 39);
insert into Reader (ReaderID, ReaderName, Address, PhoneNumber, LibraryCardID) values (40, 'Lynette Caso', '66694 Green Court', '643-989-7115', 40);
insert into Reader (ReaderID, ReaderName, Address, PhoneNumber, LibraryCardID) values (41, 'Morse Barrett', '02840 Union Drive', '821-879-8714', 41);
insert into Reader (ReaderID, ReaderName, Address, PhoneNumber, LibraryCardID) values (42, 'Adelice Wickens', '52324 Vera Drive', '172-947-9058', 42);
insert into Reader (ReaderID, ReaderName, Address, PhoneNumber, LibraryCardID) values (43, 'Olivier Irvine', '50 Eagle Crest Trail', '422-903-9096', 43);
insert into Reader (ReaderID, ReaderName, Address, PhoneNumber, LibraryCardID) values (44, 'Kyrstin Grayston', '79394 Buhler Circle', '551-827-7155', 44);
insert into Reader (ReaderID, ReaderName, Address, PhoneNumber, LibraryCardID) values (45, 'Heida Baleine', '5 4th Circle', '843-878-5940', 45);
insert into Reader (ReaderID, ReaderName, Address, PhoneNumber, LibraryCardID) values (46, 'Nydia Stoyell', '84880 Sunbrook Circle', '817-831-6205', 46);
insert into Reader (ReaderID, ReaderName, Address, PhoneNumber, LibraryCardID) values (47, 'Althea Pallasch', '7295 Mccormick Park', '844-925-6083', 47);
insert into Reader (ReaderID, ReaderName, Address, PhoneNumber, LibraryCardID) values (48, 'Maxim Somerville', '9297 Dwight Parkway', '873-400-7774', 48);
insert into Reader (ReaderID, ReaderName, Address, PhoneNumber, LibraryCardID) values (49, 'Bail Ocheltree', '3 Thackeray Avenue', '370-910-3332', 49);
insert into Reader (ReaderID, ReaderName, Address, PhoneNumber, LibraryCardID) values (50, 'Coletta Phorsby', '10303 Messerschmidt Center', '405-211-8732', 50);
insert into Reader (ReaderID, ReaderName, Address, PhoneNumber, LibraryCardID) values (51, 'Ethelin Wybrew', '0 Waxwing Alley', '424-782-7878', 51);
insert into Reader (ReaderID, ReaderName, Address, PhoneNumber, LibraryCardID) values (52, 'Tasha Kigelman', '21774 Merrick Park', '677-857-1024', 52);
insert into Reader (ReaderID, ReaderName, Address, PhoneNumber, LibraryCardID) values (53, 'Jasmina Hainsworth', '82 Commercial Hill', '520-573-9000', 53);
insert into Reader (ReaderID, ReaderName, Address, PhoneNumber, LibraryCardID) values (54, 'Alecia Batie', '68974 Shasta Parkway', '746-772-5001', 54);
insert into Reader (ReaderID, ReaderName, Address, PhoneNumber, LibraryCardID) values (55, 'Nert Petera', '347 Sunbrook Alley', '889-670-6936', 55);
insert into Reader (ReaderID, ReaderName, Address, PhoneNumber, LibraryCardID) values (56, 'Edin Maulden', '63614 Redwing Road', '954-680-9983', 56);
insert into Reader (ReaderID, ReaderName, Address, PhoneNumber, LibraryCardID) values (57, 'Noe Stone', '04822 Sutherland Park', '882-701-1861', 57);
insert into Reader (ReaderID, ReaderName, Address, PhoneNumber, LibraryCardID) values (58, 'Sidnee Crummy', '097 Tony Place', '720-872-9303', 58);
insert into Reader (ReaderID, ReaderName, Address, PhoneNumber, LibraryCardID) values (59, 'Lynette Calcutt', '7 Almo Circle', '118-326-6326', 59);
insert into Reader (ReaderID, ReaderName, Address, PhoneNumber, LibraryCardID) values (60, 'Shela Vanyukov', '671 Heath Alley', '952-889-9280', 60);
insert into Reader (ReaderID, ReaderName, Address, PhoneNumber, LibraryCardID) values (61, 'Grata Cearley', '0026 Crownhardt Avenue', '800-725-7831', 61);
insert into Reader (ReaderID, ReaderName, Address, PhoneNumber, LibraryCardID) values (62, 'Phil Churchlow', '23317 Mesta Terrace', '536-958-8128', 62);
insert into Reader (ReaderID, ReaderName, Address, PhoneNumber, LibraryCardID) values (63, 'Noby Woehler', '4 Becker Street', '688-430-6382', 63);
insert into Reader (ReaderID, ReaderName, Address, PhoneNumber, LibraryCardID) values (64, 'Diahann Godsal', '7 Northview Street', '714-129-9985', 64);
insert into Reader (ReaderID, ReaderName, Address, PhoneNumber, LibraryCardID) values (65, 'Talya Duckhouse', '5879 Calypso Parkway', '901-531-6929', 65);
insert into Reader (ReaderID, ReaderName, Address, PhoneNumber, LibraryCardID) values (66, 'Sayres Putnam', '9 Melody Avenue', '423-210-9271', 66);
insert into Reader (ReaderID, ReaderName, Address, PhoneNumber, LibraryCardID) values (67, 'Katti Mullan', '92 Village Green Street', '355-701-8590', 67);
insert into Reader (ReaderID, ReaderName, Address, PhoneNumber, LibraryCardID) values (68, 'Kaja Srawley', '15 Arrowood Drive', '336-135-9718', 68);
insert into Reader (ReaderID, ReaderName, Address, PhoneNumber, LibraryCardID) values (69, 'Addy Pauncefoot', '5 Marcy Trail', '619-255-2684', 69);
insert into Reader (ReaderID, ReaderName, Address, PhoneNumber, LibraryCardID) values (70, 'Ekaterina Pellew', '10 4th Park', '357-589-8329', 70);
insert into Reader (ReaderID, ReaderName, Address, PhoneNumber, LibraryCardID) values (71, 'Kristopher Kingdom', '762 Myrtle Street', '698-602-6237', 71);
insert into Reader (ReaderID, ReaderName, Address, PhoneNumber, LibraryCardID) values (72, 'Cherin Morando', '0631 Miller Circle', '994-594-9541', 72);
insert into Reader (ReaderID, ReaderName, Address, PhoneNumber, LibraryCardID) values (73, 'Garret Caughey', '05500 Eagan Center', '982-812-6552', 73);
insert into Reader (ReaderID, ReaderName, Address, PhoneNumber, LibraryCardID) values (74, 'Tanya Voak', '051 Independence Place', '484-317-7171', 74);
insert into Reader (ReaderID, ReaderName, Address, PhoneNumber, LibraryCardID) values (75, 'Ophelie Coxon', '397 Little Fleur Terrace', '395-515-7018', 75);
insert into Reader (ReaderID, ReaderName, Address, PhoneNumber, LibraryCardID) values (76, 'Gnni Sharphouse', '786 Talmadge Center', '669-680-9902', 76);
insert into Reader (ReaderID, ReaderName, Address, PhoneNumber, LibraryCardID) values (77, 'Zollie Bruins', '3703 5th Terrace', '572-519-4880', 77);
insert into Reader (ReaderID, ReaderName, Address, PhoneNumber, LibraryCardID) values (78, 'Noelle Moughton', '96 Thackeray Pass', '131-314-7963', 78);
insert into Reader (ReaderID, ReaderName, Address, PhoneNumber, LibraryCardID) values (79, 'Weber Cotmore', '76 Bowman Avenue', '779-286-5458', 79);
insert into Reader (ReaderID, ReaderName, Address, PhoneNumber, LibraryCardID) values (80, 'Lon Bruyet', '49 Nevada Lane', '199-162-9681', 80);
insert into Reader (ReaderID, ReaderName, Address, PhoneNumber, LibraryCardID) values (81, 'Cris Conradsen', '21 Valley Edge Avenue', '971-720-0235', 81);
insert into Reader (ReaderID, ReaderName, Address, PhoneNumber, LibraryCardID) values (82, 'Mei Sloper', '0896 Nobel Way', '456-297-6238', 82);
insert into Reader (ReaderID, ReaderName, Address, PhoneNumber, LibraryCardID) values (83, 'Charleen Laslett', '368 Wayridge Avenue', '349-467-2313', 83);
insert into Reader (ReaderID, ReaderName, Address, PhoneNumber, LibraryCardID) values (84, 'Hedwiga Golda', '4 Coolidge Way', '606-945-4403', 84);
insert into Reader (ReaderID, ReaderName, Address, PhoneNumber, LibraryCardID) values (85, 'Jacky Southerns', '0535 Daystar Drive', '334-902-7537', 85);
insert into Reader (ReaderID, ReaderName, Address, PhoneNumber, LibraryCardID) values (86, 'Marsha Caisley', '43 Rigney Circle', '446-665-3794', 86);
insert into Reader (ReaderID, ReaderName, Address, PhoneNumber, LibraryCardID) values (87, 'Loella Elam', '371 Milwaukee Center', '604-779-1282', 87);
insert into Reader (ReaderID, ReaderName, Address, PhoneNumber, LibraryCardID) values (88, 'Sauncho Renault', '02932 Thompson Court', '867-832-8535', 88);
insert into Reader (ReaderID, ReaderName, Address, PhoneNumber, LibraryCardID) values (89, 'Adolph Huguet', '1042 Lakeland Street', '543-222-6280', 89);
insert into Reader (ReaderID, ReaderName, Address, PhoneNumber, LibraryCardID) values (90, 'Dena Georger', '324 Hagan Crossing', '429-959-4757', 90);
insert into Reader (ReaderID, ReaderName, Address, PhoneNumber, LibraryCardID) values (91, 'Melodee Bartoszewski', '8072 Arkansas Pass', '864-206-7354', 91);
insert into Reader (ReaderID, ReaderName, Address, PhoneNumber, LibraryCardID) values (92, 'Grethel O''Keefe', '4387 Carioca Trail', '876-296-7139', 92);
insert into Reader (ReaderID, ReaderName, Address, PhoneNumber, LibraryCardID) values (93, 'Neilla Macewan', '21011 American Ash Trail', '766-948-7130', 93);
insert into Reader (ReaderID, ReaderName, Address, PhoneNumber, LibraryCardID) values (94, 'Newton Balsdon', '5491 Duke Plaza', '753-824-0818', 94);
insert into Reader (ReaderID, ReaderName, Address, PhoneNumber, LibraryCardID) values (95, 'Isadora Anthill', '67682 Tennyson Point', '291-494-5958', 95);
insert into Reader (ReaderID, ReaderName, Address, PhoneNumber, LibraryCardID) values (96, 'Morten Philipet', '02 Ronald Regan Parkway', '704-688-3696', 96);
insert into Reader (ReaderID, ReaderName, Address, PhoneNumber, LibraryCardID) values (97, 'Seamus Durbyn', '6 Menomonie Point', '374-218-6873', 97);
insert into Reader (ReaderID, ReaderName, Address, PhoneNumber, LibraryCardID) values (98, 'Kirsti Okill', '3 Redwing Alley', '550-813-6151', 98);
insert into Reader (ReaderID, ReaderName, Address, PhoneNumber, LibraryCardID) values (99, 'Nickie Evison', '3 Merry Avenue', '576-897-9149', 99);
insert into Reader (ReaderID, ReaderName, Address, PhoneNumber, LibraryCardID) values (100, 'Virgie Mohamed', '0 Bultman Crossing', '805-591-6353', 100);


SET IDENTITY_INSERT Loan ON;
insert into Loan (LoanID, CardID, StaffID, LoanDate) values (1, 13, 2, '09/02/2021');
insert into Loan (LoanID, CardID, StaffID, LoanDate) values (2, 73, 2, '08/19/2021');
insert into Loan (LoanID, CardID, StaffID, LoanDate) values (3, 38, 2, '01/21/2021');
insert into Loan (LoanID, CardID, StaffID, LoanDate) values (4, 65, 7, '02/11/2021');
insert into Loan (LoanID, CardID, StaffID, LoanDate) values (5, 5, 5, '11/02/2021');
insert into Loan (LoanID, CardID, StaffID, LoanDate) values (6, 63, 6, '11/24/2021');
insert into Loan (LoanID, CardID, StaffID, LoanDate) values (7, 39, 4, '01/04/2021');
insert into Loan (LoanID, CardID, StaffID, LoanDate) values (8, 48, 10, '08/22/2021');
insert into Loan (LoanID, CardID, StaffID, LoanDate) values (9, 80, 10, '06/26/2021');
insert into Loan (LoanID, CardID, StaffID, LoanDate) values (10, 28, 8, '07/10/2021');
insert into Loan (LoanID, CardID, StaffID, LoanDate) values (11, 34, 10, '08/15/2021');
insert into Loan (LoanID, CardID, StaffID, LoanDate) values (12, 52, 4, '10/30/2021');
insert into Loan (LoanID, CardID, StaffID, LoanDate) values (13, 68, 7, '04/20/2021');
insert into Loan (LoanID, CardID, StaffID, LoanDate) values (14, 50, 8, '03/01/2021');
insert into Loan (LoanID, CardID, StaffID, LoanDate) values (15, 78, 7, '10/16/2021');
insert into Loan (LoanID, CardID, StaffID, LoanDate) values (16, 79, 8, '09/15/2021');
insert into Loan (LoanID, CardID, StaffID, LoanDate) values (17, 99, 7, '11/22/2021');
insert into Loan (LoanID, CardID, StaffID, LoanDate) values (18, 79, 7, '02/04/2021');
insert into Loan (LoanID, CardID, StaffID, LoanDate) values (19, 73, 3, '03/12/2021');
insert into Loan (LoanID, CardID, StaffID, LoanDate) values (20, 64, 3, '06/01/2021');
insert into Loan (LoanID, CardID, StaffID, LoanDate) values (21, 56, 9, '02/15/2021');
insert into Loan (LoanID, CardID, StaffID, LoanDate) values (22, 57, 6, '12/27/2021');
insert into Loan (LoanID, CardID, StaffID, LoanDate) values (23, 2, 6, '01/28/2021');
insert into Loan (LoanID, CardID, StaffID, LoanDate) values (24, 54, 6, '02/28/2021');
insert into Loan (LoanID, CardID, StaffID, LoanDate) values (25, 43, 8, '05/18/2021');
insert into Loan (LoanID, CardID, StaffID, LoanDate) values (26, 66, 9, '03/23/2021');
insert into Loan (LoanID, CardID, StaffID, LoanDate) values (27, 6, 3, '03/23/2021');
insert into Loan (LoanID, CardID, StaffID, LoanDate) values (28, 86, 7, '03/31/2021');
insert into Loan (LoanID, CardID, StaffID, LoanDate) values (29, 15, 10, '09/23/2021');
insert into Loan (LoanID, CardID, StaffID, LoanDate) values (30, 98, 1, '04/22/2021');
insert into Loan (LoanID, CardID, StaffID, LoanDate) values (31, 30, 7, '05/17/2021');
insert into Loan (LoanID, CardID, StaffID, LoanDate) values (32, 22, 6, '10/22/2021');
insert into Loan (LoanID, CardID, StaffID, LoanDate) values (33, 42, 6, '12/16/2021');
insert into Loan (LoanID, CardID, StaffID, LoanDate) values (34, 22, 3, '07/29/2021');
insert into Loan (LoanID, CardID, StaffID, LoanDate) values (35, 15, 5, '10/21/2021');
insert into Loan (LoanID, CardID, StaffID, LoanDate) values (36, 39, 6, '08/08/2021');
insert into Loan (LoanID, CardID, StaffID, LoanDate) values (37, 74, 3, '11/25/2021');
insert into Loan (LoanID, CardID, StaffID, LoanDate) values (38, 62, 4, '08/29/2021');
insert into Loan (LoanID, CardID, StaffID, LoanDate) values (39, 45, 2, '08/17/2021');
insert into Loan (LoanID, CardID, StaffID, LoanDate) values (40, 95, 5, '08/22/2021');
insert into Loan (LoanID, CardID, StaffID, LoanDate) values (41, 71, 5, '01/28/2021');
insert into Loan (LoanID, CardID, StaffID, LoanDate) values (42, 33, 3, '10/15/2021');
insert into Loan (LoanID, CardID, StaffID, LoanDate) values (43, 1, 9, '06/10/2021');
insert into Loan (LoanID, CardID, StaffID, LoanDate) values (44, 22, 1, '01/20/2021');
insert into Loan (LoanID, CardID, StaffID, LoanDate) values (45, 31, 9, '08/03/2021');
insert into Loan (LoanID, CardID, StaffID, LoanDate) values (46, 17, 4, '02/26/2021');
insert into Loan (LoanID, CardID, StaffID, LoanDate) values (47, 86, 7, '07/27/2021');
insert into Loan (LoanID, CardID, StaffID, LoanDate) values (48, 28, 4, '12/13/2021');
insert into Loan (LoanID, CardID, StaffID, LoanDate) values (49, 43, 1, '01/02/2021');
insert into Loan (LoanID, CardID, StaffID, LoanDate) values (50, 78, 10, '04/13/2021');
insert into Loan (LoanID, CardID, StaffID, LoanDate) values (51, 20, 5, '05/03/2021');
insert into Loan (LoanID, CardID, StaffID, LoanDate) values (52, 47, 7, '08/11/2021');
insert into Loan (LoanID, CardID, StaffID, LoanDate) values (53, 46, 10, '11/07/2021');
insert into Loan (LoanID, CardID, StaffID, LoanDate) values (54, 43, 1, '01/22/2021');
insert into Loan (LoanID, CardID, StaffID, LoanDate) values (55, 73, 4, '03/11/2021');
insert into Loan (LoanID, CardID, StaffID, LoanDate) values (56, 46, 6, '12/18/2021');
insert into Loan (LoanID, CardID, StaffID, LoanDate) values (57, 5, 10, '09/16/2021');
insert into Loan (LoanID, CardID, StaffID, LoanDate) values (58, 43, 9, '07/31/2021');
insert into Loan (LoanID, CardID, StaffID, LoanDate) values (59, 22, 8, '07/22/2021');
insert into Loan (LoanID, CardID, StaffID, LoanDate) values (60, 41, 3, '05/30/2021');
insert into Loan (LoanID, CardID, StaffID, LoanDate) values (61, 60, 9, '02/24/2021');
insert into Loan (LoanID, CardID, StaffID, LoanDate) values (62, 4, 10, '10/16/2021');
insert into Loan (LoanID, CardID, StaffID, LoanDate) values (63, 30, 2, '01/05/2021');
insert into Loan (LoanID, CardID, StaffID, LoanDate) values (64, 68, 9, '12/19/2021');
insert into Loan (LoanID, CardID, StaffID, LoanDate) values (65, 11, 1, '07/11/2021');
insert into Loan (LoanID, CardID, StaffID, LoanDate) values (66, 32, 10, '01/27/2021');
insert into Loan (LoanID, CardID, StaffID, LoanDate) values (67, 47, 6, '09/20/2021');
insert into Loan (LoanID, CardID, StaffID, LoanDate) values (68, 37, 6, '02/08/2021');
insert into Loan (LoanID, CardID, StaffID, LoanDate) values (69, 22, 4, '06/24/2021');
insert into Loan (LoanID, CardID, StaffID, LoanDate) values (70, 50, 2, '09/24/2021');
insert into Loan (LoanID, CardID, StaffID, LoanDate) values (71, 92, 3, '06/11/2021');
insert into Loan (LoanID, CardID, StaffID, LoanDate) values (72, 20, 4, '01/25/2021');
insert into Loan (LoanID, CardID, StaffID, LoanDate) values (73, 52, 4, '11/20/2021');
insert into Loan (LoanID, CardID, StaffID, LoanDate) values (74, 47, 3, '09/18/2021');
insert into Loan (LoanID, CardID, StaffID, LoanDate) values (75, 22, 4, '09/21/2021');
insert into Loan (LoanID, CardID, StaffID, LoanDate) values (76, 57, 1, '07/23/2021');
insert into Loan (LoanID, CardID, StaffID, LoanDate) values (77, 42, 5, '11/13/2021');
insert into Loan (LoanID, CardID, StaffID, LoanDate) values (78, 37, 6, '03/03/2021');
insert into Loan (LoanID, CardID, StaffID, LoanDate) values (79, 91, 2, '08/01/2021');
insert into Loan (LoanID, CardID, StaffID, LoanDate) values (80, 11, 10, '05/16/2021');
insert into Loan (LoanID, CardID, StaffID, LoanDate) values (81, 57, 1, '08/19/2021');
insert into Loan (LoanID, CardID, StaffID, LoanDate) values (82, 92, 2, '05/02/2021');
insert into Loan (LoanID, CardID, StaffID, LoanDate) values (83, 62, 1, '08/26/2021');
insert into Loan (LoanID, CardID, StaffID, LoanDate) values (84, 22, 7, '03/11/2021');
insert into Loan (LoanID, CardID, StaffID, LoanDate) values (85, 8, 2, '03/06/2021');
insert into Loan (LoanID, CardID, StaffID, LoanDate) values (86, 59, 1, '01/14/2021');
insert into Loan (LoanID, CardID, StaffID, LoanDate) values (87, 97, 2, '07/28/2021');
insert into Loan (LoanID, CardID, StaffID, LoanDate) values (88, 1, 7, '07/05/2021');
insert into Loan (LoanID, CardID, StaffID, LoanDate) values (89, 4, 3, '08/24/2021');
insert into Loan (LoanID, CardID, StaffID, LoanDate) values (90, 65, 1, '03/31/2021');
insert into Loan (LoanID, CardID, StaffID, LoanDate) values (91, 46, 10, '11/20/2021');
insert into Loan (LoanID, CardID, StaffID, LoanDate) values (92, 96, 10, '11/06/2021');
insert into Loan (LoanID, CardID, StaffID, LoanDate) values (93, 44, 3, '12/14/2021');
insert into Loan (LoanID, CardID, StaffID, LoanDate) values (94, 100, 2, '03/21/2021');
insert into Loan (LoanID, CardID, StaffID, LoanDate) values (95, 15, 6, '05/17/2021');
insert into Loan (LoanID, CardID, StaffID, LoanDate) values (96, 89, 7, '03/05/2021');
insert into Loan (LoanID, CardID, StaffID, LoanDate) values (97, 40, 8, '04/09/2021');
insert into Loan (LoanID, CardID, StaffID, LoanDate) values (98, 26, 8, '01/24/2021');
insert into Loan (LoanID, CardID, StaffID, LoanDate) values (99, 93, 9, '04/15/2021');
insert into Loan (LoanID, CardID, StaffID, LoanDate) values (100, 27, 6, '08/30/2021');
insert into Loan (LoanID, CardID, StaffID, LoanDate) values (101, 31, 9, '09/17/2021');
insert into Loan (LoanID, CardID, StaffID, LoanDate) values (102, 39, 4, '02/11/2021');
insert into Loan (LoanID, CardID, StaffID, LoanDate) values (103, 86, 9, '05/20/2021');
insert into Loan (LoanID, CardID, StaffID, LoanDate) values (104, 87, 10, '09/26/2021');
insert into Loan (LoanID, CardID, StaffID, LoanDate) values (105, 1, 7, '04/30/2021');
insert into Loan (LoanID, CardID, StaffID, LoanDate) values (106, 32, 5, '09/09/2021');
insert into Loan (LoanID, CardID, StaffID, LoanDate) values (107, 6, 7, '08/31/2021');
insert into Loan (LoanID, CardID, StaffID, LoanDate) values (108, 2, 10, '05/07/2021');
insert into Loan (LoanID, CardID, StaffID, LoanDate) values (109, 82, 9, '07/17/2021');
insert into Loan (LoanID, CardID, StaffID, LoanDate) values (110, 86, 6, '03/08/2021');
insert into Loan (LoanID, CardID, StaffID, LoanDate) values (111, 44, 5, '04/27/2021');
insert into Loan (LoanID, CardID, StaffID, LoanDate) values (112, 10, 1, '03/17/2021');
insert into Loan (LoanID, CardID, StaffID, LoanDate) values (113, 26, 5, '08/30/2021');
insert into Loan (LoanID, CardID, StaffID, LoanDate) values (114, 51, 8, '06/03/2021');
insert into Loan (LoanID, CardID, StaffID, LoanDate) values (115, 74, 3, '03/20/2021');
insert into Loan (LoanID, CardID, StaffID, LoanDate) values (116, 44, 9, '11/06/2021');
insert into Loan (LoanID, CardID, StaffID, LoanDate) values (117, 43, 4, '08/13/2021');
insert into Loan (LoanID, CardID, StaffID, LoanDate) values (118, 97, 7, '09/20/2021');
insert into Loan (LoanID, CardID, StaffID, LoanDate) values (119, 89, 10, '03/08/2021');
insert into Loan (LoanID, CardID, StaffID, LoanDate) values (120, 48, 2, '01/26/2021');
insert into Loan (LoanID, CardID, StaffID, LoanDate) values (121, 13, 1, '06/07/2021');
insert into Loan (LoanID, CardID, StaffID, LoanDate) values (122, 89, 4, '12/19/2021');
insert into Loan (LoanID, CardID, StaffID, LoanDate) values (123, 58, 10, '03/30/2021');
insert into Loan (LoanID, CardID, StaffID, LoanDate) values (124, 77, 6, '07/15/2021');
insert into Loan (LoanID, CardID, StaffID, LoanDate) values (125, 96, 5, '05/15/2021');
insert into Loan (LoanID, CardID, StaffID, LoanDate) values (126, 21, 7, '06/25/2021');
insert into Loan (LoanID, CardID, StaffID, LoanDate) values (127, 9, 4, '06/02/2021');
insert into Loan (LoanID, CardID, StaffID, LoanDate) values (128, 83, 4, '05/24/2021');
insert into Loan (LoanID, CardID, StaffID, LoanDate) values (129, 46, 3, '12/10/2021');
insert into Loan (LoanID, CardID, StaffID, LoanDate) values (130, 17, 5, '04/25/2021');
insert into Loan (LoanID, CardID, StaffID, LoanDate) values (131, 78, 1, '09/30/2021');
insert into Loan (LoanID, CardID, StaffID, LoanDate) values (132, 50, 10, '10/01/2021');
insert into Loan (LoanID, CardID, StaffID, LoanDate) values (133, 67, 3, '12/13/2021');
insert into Loan (LoanID, CardID, StaffID, LoanDate) values (134, 73, 4, '10/11/2021');
insert into Loan (LoanID, CardID, StaffID, LoanDate) values (135, 19, 1, '08/28/2021');
insert into Loan (LoanID, CardID, StaffID, LoanDate) values (136, 87, 1, '07/30/2021');
insert into Loan (LoanID, CardID, StaffID, LoanDate) values (137, 5, 1, '12/12/2021');
insert into Loan (LoanID, CardID, StaffID, LoanDate) values (138, 3, 7, '03/27/2021');
insert into Loan (LoanID, CardID, StaffID, LoanDate) values (139, 98, 3, '10/14/2021');
insert into Loan (LoanID, CardID, StaffID, LoanDate) values (140, 90, 6, '10/24/2021');
insert into Loan (LoanID, CardID, StaffID, LoanDate) values (141, 53, 1, '06/23/2021');
insert into Loan (LoanID, CardID, StaffID, LoanDate) values (142, 61, 8, '04/14/2021');
insert into Loan (LoanID, CardID, StaffID, LoanDate) values (143, 40, 3, '04/09/2021');
insert into Loan (LoanID, CardID, StaffID, LoanDate) values (144, 1, 7, '01/31/2021');
insert into Loan (LoanID, CardID, StaffID, LoanDate) values (145, 82, 6, '08/15/2021');
insert into Loan (LoanID, CardID, StaffID, LoanDate) values (146, 49, 5, '09/04/2021');
insert into Loan (LoanID, CardID, StaffID, LoanDate) values (147, 97, 4, '11/20/2021');
insert into Loan (LoanID, CardID, StaffID, LoanDate) values (148, 94, 8, '06/13/2021');
insert into Loan (LoanID, CardID, StaffID, LoanDate) values (149, 84, 6, '12/02/2021');
insert into Loan (LoanID, CardID, StaffID, LoanDate) values (150, 83, 7, '12/13/2021');
insert into Loan (LoanID, CardID, StaffID, LoanDate) values (151, 62, 8, '12/10/2021');
insert into Loan (LoanID, CardID, StaffID, LoanDate) values (152, 14, 10, '10/23/2021');
insert into Loan (LoanID, CardID, StaffID, LoanDate) values (153, 19, 7, '07/26/2021');
insert into Loan (LoanID, CardID, StaffID, LoanDate) values (154, 45, 4, '12/28/2021');
insert into Loan (LoanID, CardID, StaffID, LoanDate) values (155, 56, 6, '09/12/2021');
insert into Loan (LoanID, CardID, StaffID, LoanDate) values (156, 2, 9, '02/11/2021');
insert into Loan (LoanID, CardID, StaffID, LoanDate) values (157, 88, 1, '06/15/2021');
insert into Loan (LoanID, CardID, StaffID, LoanDate) values (158, 29, 7, '05/27/2021');
insert into Loan (LoanID, CardID, StaffID, LoanDate) values (159, 80, 9, '12/27/2021');
insert into Loan (LoanID, CardID, StaffID, LoanDate) values (160, 71, 1, '04/14/2021');
insert into Loan (LoanID, CardID, StaffID, LoanDate) values (161, 64, 4, '07/05/2021');
insert into Loan (LoanID, CardID, StaffID, LoanDate) values (162, 24, 7, '11/25/2021');
insert into Loan (LoanID, CardID, StaffID, LoanDate) values (163, 37, 4, '02/09/2021');
insert into Loan (LoanID, CardID, StaffID, LoanDate) values (164, 12, 7, '03/12/2021');
insert into Loan (LoanID, CardID, StaffID, LoanDate) values (165, 31, 9, '11/01/2021');
insert into Loan (LoanID, CardID, StaffID, LoanDate) values (166, 84, 3, '01/17/2021');
insert into Loan (LoanID, CardID, StaffID, LoanDate) values (167, 2, 9, '12/24/2021');
insert into Loan (LoanID, CardID, StaffID, LoanDate) values (168, 89, 10, '12/12/2021');
insert into Loan (LoanID, CardID, StaffID, LoanDate) values (169, 28, 8, '05/11/2021');
insert into Loan (LoanID, CardID, StaffID, LoanDate) values (170, 30, 5, '06/13/2021');
insert into Loan (LoanID, CardID, StaffID, LoanDate) values (171, 59, 4, '08/14/2021');
insert into Loan (LoanID, CardID, StaffID, LoanDate) values (172, 84, 5, '05/24/2021');
insert into Loan (LoanID, CardID, StaffID, LoanDate) values (173, 10, 1, '11/01/2021');
insert into Loan (LoanID, CardID, StaffID, LoanDate) values (174, 57, 2, '06/09/2021');
insert into Loan (LoanID, CardID, StaffID, LoanDate) values (175, 66, 5, '06/04/2021');
insert into Loan (LoanID, CardID, StaffID, LoanDate) values (176, 73, 4, '08/14/2021');
insert into Loan (LoanID, CardID, StaffID, LoanDate) values (177, 87, 7, '04/18/2021');
insert into Loan (LoanID, CardID, StaffID, LoanDate) values (178, 13, 7, '04/23/2021');
insert into Loan (LoanID, CardID, StaffID, LoanDate) values (179, 84, 8, '07/19/2021');
insert into Loan (LoanID, CardID, StaffID, LoanDate) values (180, 68, 10, '03/07/2021');
insert into Loan (LoanID, CardID, StaffID, LoanDate) values (181, 38, 4, '05/25/2021');
insert into Loan (LoanID, CardID, StaffID, LoanDate) values (182, 10, 2, '09/15/2021');
insert into Loan (LoanID, CardID, StaffID, LoanDate) values (183, 30, 10, '04/19/2021');
insert into Loan (LoanID, CardID, StaffID, LoanDate) values (184, 46, 4, '09/20/2021');
insert into Loan (LoanID, CardID, StaffID, LoanDate) values (185, 32, 5, '01/10/2021');
insert into Loan (LoanID, CardID, StaffID, LoanDate) values (186, 23, 6, '05/04/2021');
insert into Loan (LoanID, CardID, StaffID, LoanDate) values (187, 54, 10, '07/06/2021');
insert into Loan (LoanID, CardID, StaffID, LoanDate) values (188, 5, 6, '12/10/2021');
insert into Loan (LoanID, CardID, StaffID, LoanDate) values (189, 82, 10, '03/07/2021');
insert into Loan (LoanID, CardID, StaffID, LoanDate) values (190, 53, 9, '06/23/2021');
insert into Loan (LoanID, CardID, StaffID, LoanDate) values (191, 27, 6, '10/14/2021');
insert into Loan (LoanID, CardID, StaffID, LoanDate) values (192, 70, 3, '08/08/2021');
insert into Loan (LoanID, CardID, StaffID, LoanDate) values (193, 35, 10, '12/10/2021');
insert into Loan (LoanID, CardID, StaffID, LoanDate) values (194, 6, 2, '10/15/2021');
insert into Loan (LoanID, CardID, StaffID, LoanDate) values (195, 44, 4, '05/23/2021');
insert into Loan (LoanID, CardID, StaffID, LoanDate) values (196, 58, 7, '05/08/2021');
insert into Loan (LoanID, CardID, StaffID, LoanDate) values (197, 21, 3, '11/10/2021');
insert into Loan (LoanID, CardID, StaffID, LoanDate) values (198, 6, 5, '08/24/2021');
insert into Loan (LoanID, CardID, StaffID, LoanDate) values (199, 96, 1, '12/07/2021');
insert into Loan (LoanID, CardID, StaffID, LoanDate) values (200, 3, 10, '02/11/2021');
SET IDENTITY_INSERT Loan OFF;

insert into LoanDetail (LoanID, BookID, ReturnDate) values (1, 985, '06/09/2022');
insert into LoanDetail (LoanID, BookID, ReturnDate) values (2, 863, '08/18/2022');
insert into LoanDetail (LoanID, BookID, ReturnDate) values (3, 415, '02/27/2022');
insert into LoanDetail (LoanID, BookID, ReturnDate) values (4, 241, '10/26/2022');
insert into LoanDetail (LoanID, BookID, ReturnDate) values (5, 415, '08/11/2022');
insert into LoanDetail (LoanID, BookID, ReturnDate) values (6, 27, '08/17/2022');
insert into LoanDetail (LoanID, BookID, ReturnDate) values (7, 127, '01/20/2022');
insert into LoanDetail (LoanID, BookID, ReturnDate) values (8, 66, '01/22/2022');
insert into LoanDetail (LoanID, BookID, ReturnDate) values (9, 900, '09/19/2022');
insert into LoanDetail (LoanID, BookID, ReturnDate) values (10, 51, '04/19/2022');
insert into LoanDetail (LoanID, BookID, ReturnDate) values (11, 145, '09/12/2022');
insert into LoanDetail (LoanID, BookID, ReturnDate) values (12, 386, '10/24/2022');
insert into LoanDetail (LoanID, BookID, ReturnDate) values (13, 179, '03/03/2022');
insert into LoanDetail (LoanID, BookID, ReturnDate) values (14, 455, '10/10/2022');
insert into LoanDetail (LoanID, BookID, ReturnDate) values (15, 358, '11/12/2022');
insert into LoanDetail (LoanID, BookID, ReturnDate) values (16, 689, '05/19/2022');
insert into LoanDetail (LoanID, BookID, ReturnDate) values (17, 138, '02/20/2022');
insert into LoanDetail (LoanID, BookID, ReturnDate) values (18, 310, '08/27/2022');
insert into LoanDetail (LoanID, BookID, ReturnDate) values (19, 213, '07/06/2022');
insert into LoanDetail (LoanID, BookID, ReturnDate) values (20, 849, '05/05/2022');
insert into LoanDetail (LoanID, BookID, ReturnDate) values (21, 128, '01/01/2022');
insert into LoanDetail (LoanID, BookID, ReturnDate) values (22, 277, '08/03/2022');
insert into LoanDetail (LoanID, BookID, ReturnDate) values (23, 60, '04/09/2022');
insert into LoanDetail (LoanID, BookID, ReturnDate) values (24, 272, '12/25/2022');
insert into LoanDetail (LoanID, BookID, ReturnDate) values (25, 575, '01/10/2022');
insert into LoanDetail (LoanID, BookID, ReturnDate) values (26, 51, '11/17/2022');
insert into LoanDetail (LoanID, BookID, ReturnDate) values (27, 284, '01/15/2022');
insert into LoanDetail (LoanID, BookID, ReturnDate) values (28, 814, '05/29/2022');
insert into LoanDetail (LoanID, BookID, ReturnDate) values (29, 440, '11/10/2022');
insert into LoanDetail (LoanID, BookID, ReturnDate) values (30, 22, '05/17/2022');
insert into LoanDetail (LoanID, BookID, ReturnDate) values (31, 652, '09/28/2022');
insert into LoanDetail (LoanID, BookID, ReturnDate) values (32, 956, '06/29/2022');
insert into LoanDetail (LoanID, BookID, ReturnDate) values (33, 694, '07/24/2022');
insert into LoanDetail (LoanID, BookID, ReturnDate) values (34, 490, '11/08/2022');
insert into LoanDetail (LoanID, BookID, ReturnDate) values (35, 764, '04/22/2022');
insert into LoanDetail (LoanID, BookID, ReturnDate) values (36, 418, '10/19/2022');
insert into LoanDetail (LoanID, BookID, ReturnDate) values (37, 798, '10/12/2022');
insert into LoanDetail (LoanID, BookID, ReturnDate) values (38, 813, '09/09/2022');
insert into LoanDetail (LoanID, BookID, ReturnDate) values (39, 99, '08/15/2022');
insert into LoanDetail (LoanID, BookID, ReturnDate) values (40, 977, '03/26/2022');
insert into LoanDetail (LoanID, BookID, ReturnDate) values (41, 475, '10/20/2022');
insert into LoanDetail (LoanID, BookID, ReturnDate) values (42, 710, '07/01/2022');
insert into LoanDetail (LoanID, BookID, ReturnDate) values (43, 721, '04/14/2022');
insert into LoanDetail (LoanID, BookID, ReturnDate) values (44, 48, '11/03/2022');
insert into LoanDetail (LoanID, BookID, ReturnDate) values (45, 1, '01/07/2022');
insert into LoanDetail (LoanID, BookID, ReturnDate) values (46, 803, '04/06/2022');
insert into LoanDetail (LoanID, BookID, ReturnDate) values (47, 535, '01/22/2022');
insert into LoanDetail (LoanID, BookID, ReturnDate) values (48, 798, '08/16/2022');
insert into LoanDetail (LoanID, BookID, ReturnDate) values (49, 890, '03/05/2022');
insert into LoanDetail (LoanID, BookID, ReturnDate) values (50, 579, '05/12/2022');
insert into LoanDetail (LoanID, BookID, ReturnDate) values (51, 426, '06/12/2022');
insert into LoanDetail (LoanID, BookID, ReturnDate) values (52, 132, '05/20/2022');
insert into LoanDetail (LoanID, BookID, ReturnDate) values (53, 111, '03/18/2022');
insert into LoanDetail (LoanID, BookID, ReturnDate) values (54, 126, '01/18/2022');
insert into LoanDetail (LoanID, BookID, ReturnDate) values (55, 362, '09/12/2022');
insert into LoanDetail (LoanID, BookID, ReturnDate) values (56, 510, '08/08/2022');
insert into LoanDetail (LoanID, BookID, ReturnDate) values (57, 462, '01/21/2022');
insert into LoanDetail (LoanID, BookID, ReturnDate) values (58, 570, '09/11/2022');
insert into LoanDetail (LoanID, BookID, ReturnDate) values (59, 307, '09/09/2022');
insert into LoanDetail (LoanID, BookID, ReturnDate) values (60, 199, '08/09/2022');
insert into LoanDetail (LoanID, BookID, ReturnDate) values (61, 352, '06/16/2022');
insert into LoanDetail (LoanID, BookID, ReturnDate) values (62, 771, '05/20/2022');
insert into LoanDetail (LoanID, BookID, ReturnDate) values (63, 171, '06/02/2022');
insert into LoanDetail (LoanID, BookID, ReturnDate) values (64, 677, '08/19/2022');
insert into LoanDetail (LoanID, BookID, ReturnDate) values (65, 984, '12/04/2022');
insert into LoanDetail (LoanID, BookID, ReturnDate) values (66, 804, '08/06/2022');
insert into LoanDetail (LoanID, BookID, ReturnDate) values (67, 750, '07/22/2022');
insert into LoanDetail (LoanID, BookID, ReturnDate) values (68, 318, '05/08/2022');
insert into LoanDetail (LoanID, BookID, ReturnDate) values (69, 693, '06/22/2022');
insert into LoanDetail (LoanID, BookID, ReturnDate) values (70, 768, '10/28/2022');
insert into LoanDetail (LoanID, BookID, ReturnDate) values (71, 475, '01/26/2022');
insert into LoanDetail (LoanID, BookID, ReturnDate) values (72, 409, '11/15/2022');
insert into LoanDetail (LoanID, BookID, ReturnDate) values (73, 867, '08/15/2022');
insert into LoanDetail (LoanID, BookID, ReturnDate) values (74, 430, '04/27/2022');
insert into LoanDetail (LoanID, BookID, ReturnDate) values (75, 924, '07/06/2022');
insert into LoanDetail (LoanID, BookID, ReturnDate) values (76, 733, '05/26/2022');
insert into LoanDetail (LoanID, BookID, ReturnDate) values (77, 534, '01/06/2022');
insert into LoanDetail (LoanID, BookID, ReturnDate) values (78, 360, '12/06/2022');
insert into LoanDetail (LoanID, BookID, ReturnDate) values (79, 436, '12/21/2022');
insert into LoanDetail (LoanID, BookID, ReturnDate) values (80, 667, '08/14/2022');
insert into LoanDetail (LoanID, BookID, ReturnDate) values (81, 95, '06/05/2022');
insert into LoanDetail (LoanID, BookID, ReturnDate) values (82, 428, '02/15/2022');
insert into LoanDetail (LoanID, BookID, ReturnDate) values (83, 957, '11/24/2022');
insert into LoanDetail (LoanID, BookID, ReturnDate) values (84, 396, '06/26/2022');
insert into LoanDetail (LoanID, BookID, ReturnDate) values (85, 22, '06/19/2022');
insert into LoanDetail (LoanID, BookID, ReturnDate) values (86, 335, '06/15/2022');
insert into LoanDetail (LoanID, BookID, ReturnDate) values (87, 351, '07/31/2022');
insert into LoanDetail (LoanID, BookID, ReturnDate) values (88, 753, '09/21/2022');
insert into LoanDetail (LoanID, BookID, ReturnDate) values (89, 213, '12/05/2022');
insert into LoanDetail (LoanID, BookID, ReturnDate) values (90, 51, '03/31/2022');
insert into LoanDetail (LoanID, BookID, ReturnDate) values (91, 664, '01/07/2022');
insert into LoanDetail (LoanID, BookID, ReturnDate) values (92, 247, '09/10/2022');
insert into LoanDetail (LoanID, BookID, ReturnDate) values (93, 266, '03/18/2022');
insert into LoanDetail (LoanID, BookID, ReturnDate) values (94, 255, '06/02/2022');
insert into LoanDetail (LoanID, BookID, ReturnDate) values (95, 807, '01/28/2022');
insert into LoanDetail (LoanID, BookID, ReturnDate) values (96, 161, '04/09/2022');
insert into LoanDetail (LoanID, BookID, ReturnDate) values (97, 935, '07/30/2022');
insert into LoanDetail (LoanID, BookID, ReturnDate) values (98, 604, '01/23/2022');
insert into LoanDetail (LoanID, BookID, ReturnDate) values (99, 996, '12/03/2022');
insert into LoanDetail (LoanID, BookID, ReturnDate) values (100, 542, '04/17/2022');
insert into LoanDetail (LoanID, BookID, ReturnDate) values (101, 324, '07/22/2022');
insert into LoanDetail (LoanID, BookID, ReturnDate) values (102, 253, '05/25/2022');
insert into LoanDetail (LoanID, BookID, ReturnDate) values (103, 749, '08/07/2022');
insert into LoanDetail (LoanID, BookID, ReturnDate) values (104, 690, '02/20/2022');
insert into LoanDetail (LoanID, BookID, ReturnDate) values (105, 852, '04/29/2022');
insert into LoanDetail (LoanID, BookID, ReturnDate) values (106, 959, '02/06/2022');
insert into LoanDetail (LoanID, BookID, ReturnDate) values (107, 309, '02/06/2022');
insert into LoanDetail (LoanID, BookID, ReturnDate) values (108, 313, '05/15/2022');
insert into LoanDetail (LoanID, BookID, ReturnDate) values (109, 828, '02/02/2022');
insert into LoanDetail (LoanID, BookID, ReturnDate) values (110, 466, '03/17/2022');
insert into LoanDetail (LoanID, BookID, ReturnDate) values (111, 556, '09/25/2022');
insert into LoanDetail (LoanID, BookID, ReturnDate) values (112, 173, '10/22/2022');
insert into LoanDetail (LoanID, BookID, ReturnDate) values (113, 281, '02/21/2022');
insert into LoanDetail (LoanID, BookID, ReturnDate) values (114, 452, '04/16/2022');
insert into LoanDetail (LoanID, BookID, ReturnDate) values (115, 955, '05/30/2022');
insert into LoanDetail (LoanID, BookID, ReturnDate) values (116, 274, '12/14/2022');
insert into LoanDetail (LoanID, BookID, ReturnDate) values (117, 350, '12/26/2022');
insert into LoanDetail (LoanID, BookID, ReturnDate) values (118, 774, '10/15/2022');
insert into LoanDetail (LoanID, BookID, ReturnDate) values (119, 431, '06/17/2022');
insert into LoanDetail (LoanID, BookID, ReturnDate) values (120, 539, '11/03/2022');
insert into LoanDetail (LoanID, BookID, ReturnDate) values (121, 884, '09/03/2022');
insert into LoanDetail (LoanID, BookID, ReturnDate) values (122, 762, '01/16/2022');
insert into LoanDetail (LoanID, BookID, ReturnDate) values (123, 422, '04/19/2022');
insert into LoanDetail (LoanID, BookID, ReturnDate) values (124, 921, '05/22/2022');
insert into LoanDetail (LoanID, BookID, ReturnDate) values (125, 351, '01/20/2022');
insert into LoanDetail (LoanID, BookID, ReturnDate) values (126, 647, '03/06/2022');
insert into LoanDetail (LoanID, BookID, ReturnDate) values (127, 667, '07/05/2022');
insert into LoanDetail (LoanID, BookID, ReturnDate) values (128, 503, '05/27/2022');
insert into LoanDetail (LoanID, BookID, ReturnDate) values (129, 811, '08/17/2022');
insert into LoanDetail (LoanID, BookID, ReturnDate) values (130, 476, '12/06/2022');
insert into LoanDetail (LoanID, BookID, ReturnDate) values (131, 364, '09/23/2022');
insert into LoanDetail (LoanID, BookID, ReturnDate) values (132, 583, '08/05/2022');
insert into LoanDetail (LoanID, BookID, ReturnDate) values (133, 555, '10/27/2022');
insert into LoanDetail (LoanID, BookID, ReturnDate) values (134, 159, '10/08/2022');
insert into LoanDetail (LoanID, BookID, ReturnDate) values (135, 839, '05/30/2022');
insert into LoanDetail (LoanID, BookID, ReturnDate) values (136, 166, '02/09/2022');
insert into LoanDetail (LoanID, BookID, ReturnDate) values (137, 198, '01/10/2022');
insert into LoanDetail (LoanID, BookID, ReturnDate) values (138, 202, '12/25/2022');
insert into LoanDetail (LoanID, BookID, ReturnDate) values (139, 775, '10/26/2022');
insert into LoanDetail (LoanID, BookID, ReturnDate) values (140, 247, '11/27/2022');
insert into LoanDetail (LoanID, BookID, ReturnDate) values (141, 212, '09/08/2022');
insert into LoanDetail (LoanID, BookID, ReturnDate) values (142, 125, '11/04/2022');
insert into LoanDetail (LoanID, BookID, ReturnDate) values (143, 131, '11/11/2022');
insert into LoanDetail (LoanID, BookID, ReturnDate) values (144, 531, '10/11/2022');
insert into LoanDetail (LoanID, BookID, ReturnDate) values (145, 79, '08/20/2022');
insert into LoanDetail (LoanID, BookID, ReturnDate) values (146, 859, '08/19/2022');
insert into LoanDetail (LoanID, BookID, ReturnDate) values (147, 396, '06/27/2022');
insert into LoanDetail (LoanID, BookID, ReturnDate) values (148, 5, '09/14/2022');
insert into LoanDetail (LoanID, BookID, ReturnDate) values (149, 903, '02/26/2022');
insert into LoanDetail (LoanID, BookID, ReturnDate) values (150, 294, '12/07/2022');
insert into LoanDetail (LoanID, BookID, ReturnDate) values (151, 124, '10/13/2022');
insert into LoanDetail (LoanID, BookID, ReturnDate) values (152, 381, '01/17/2022');
insert into LoanDetail (LoanID, BookID, ReturnDate) values (153, 181, '03/02/2022');
insert into LoanDetail (LoanID, BookID, ReturnDate) values (154, 663, '12/13/2022');
insert into LoanDetail (LoanID, BookID, ReturnDate) values (155, 305, '05/10/2022');
insert into LoanDetail (LoanID, BookID, ReturnDate) values (156, 801, '02/18/2022');
insert into LoanDetail (LoanID, BookID, ReturnDate) values (157, 316, '09/19/2022');
insert into LoanDetail (LoanID, BookID, ReturnDate) values (158, 840, '02/07/2022');
insert into LoanDetail (LoanID, BookID, ReturnDate) values (159, 317, '05/13/2022');
insert into LoanDetail (LoanID, BookID, ReturnDate) values (160, 688, '03/23/2022');
insert into LoanDetail (LoanID, BookID, ReturnDate) values (161, 183, '11/22/2022');
insert into LoanDetail (LoanID, BookID, ReturnDate) values (162, 72, '04/17/2022');
insert into LoanDetail (LoanID, BookID, ReturnDate) values (163, 100, '01/30/2022');
insert into LoanDetail (LoanID, BookID, ReturnDate) values (164, 654, '07/01/2022');
insert into LoanDetail (LoanID, BookID, ReturnDate) values (165, 784, '09/21/2022');
insert into LoanDetail (LoanID, BookID, ReturnDate) values (166, 529, '10/09/2022');
insert into LoanDetail (LoanID, BookID, ReturnDate) values (167, 407, '12/08/2022');
insert into LoanDetail (LoanID, BookID, ReturnDate) values (168, 912, '09/28/2022');
insert into LoanDetail (LoanID, BookID, ReturnDate) values (169, 332, '01/04/2022');
insert into LoanDetail (LoanID, BookID, ReturnDate) values (170, 550, '12/31/2022');
insert into LoanDetail (LoanID, BookID, ReturnDate) values (171, 618, '12/08/2022');
insert into LoanDetail (LoanID, BookID, ReturnDate) values (172, 383, '03/23/2022');
insert into LoanDetail (LoanID, BookID, ReturnDate) values (173, 389, '07/15/2022');
insert into LoanDetail (LoanID, BookID, ReturnDate) values (174, 559, '05/20/2022');
insert into LoanDetail (LoanID, BookID, ReturnDate) values (175, 283, '01/08/2022');
insert into LoanDetail (LoanID, BookID, ReturnDate) values (176, 140, '07/02/2022');
insert into LoanDetail (LoanID, BookID, ReturnDate) values (177, 762, '02/09/2022');
insert into LoanDetail (LoanID, BookID, ReturnDate) values (178, 651, '04/30/2022');
insert into LoanDetail (LoanID, BookID, ReturnDate) values (179, 396, '04/03/2022');
insert into LoanDetail (LoanID, BookID, ReturnDate) values (180, 223, '04/03/2022');
insert into LoanDetail (LoanID, BookID, ReturnDate) values (181, 860, '12/19/2022');
insert into LoanDetail (LoanID, BookID, ReturnDate) values (182, 279, '06/29/2022');
insert into LoanDetail (LoanID, BookID, ReturnDate) values (183, 398, '06/04/2022');
insert into LoanDetail (LoanID, BookID, ReturnDate) values (184, 543, '09/08/2022');
insert into LoanDetail (LoanID, BookID, ReturnDate) values (185, 199, '05/02/2022');
insert into LoanDetail (LoanID, BookID, ReturnDate) values (186, 259, '06/12/2022');
insert into LoanDetail (LoanID, BookID, ReturnDate) values (187, 657, '10/11/2022');
insert into LoanDetail (LoanID, BookID, ReturnDate) values (188, 311, '10/10/2022');
insert into LoanDetail (LoanID, BookID, ReturnDate) values (189, 786, '06/09/2022');
insert into LoanDetail (LoanID, BookID, ReturnDate) values (190, 478, '12/01/2022');
insert into LoanDetail (LoanID, BookID, ReturnDate) values (191, 670, '11/19/2022');
insert into LoanDetail (LoanID, BookID, ReturnDate) values (192, 455, '12/03/2022');
insert into LoanDetail (LoanID, BookID, ReturnDate) values (193, 703, '02/18/2022');
insert into LoanDetail (LoanID, BookID, ReturnDate) values (194, 536, '02/12/2022');
insert into LoanDetail (LoanID, BookID, ReturnDate) values (195, 388, '11/20/2022');
insert into LoanDetail (LoanID, BookID, ReturnDate) values (196, 47, '02/09/2022');
insert into LoanDetail (LoanID, BookID, ReturnDate) values (197, 34, '09/15/2022');
insert into LoanDetail (LoanID, BookID, ReturnDate) values (198, 540, '11/15/2022');
insert into LoanDetail (LoanID, BookID, ReturnDate) values (199, 542, '07/10/2022');
insert into LoanDetail (LoanID, BookID, ReturnDate) values (200, 335, '02/22/2022');

